run_day,min_t,max_t,rad,co2,doy,Leaf mass: g 0,Leaf mass: g 50,Leaf mass: g 100,Leaf mass: g 150,Leaf mass: g 200
1,2.5,4.7,2.17,402,1,1.565585762,2.14,0.932090119,3.858775873,2.259374944
2,-0.5,5.9,2.38,402,2,1.565585762,2.14,0.932090119,3.858775873,2.259374944
3,0.6,8.2,0.69,402,3,1.565585762,2.14,0.932090119,3.858775873,2.259374944
4,3.4,4.5,1.35,402,4,1.565585762,2.14,0.932090119,3.858775873,2.259374944
5,-1.8,6.5,2.55,402,5,1.565585762,2.14,0.932090119,3.858775873,2.259374944
6,-1.5,8.7,0.81,402,6,1.565585762,2.14,0.932090119,3.858775873,2.259374944
7,5.7,8.7,1.34,402,7,1.565585762,2.14,0.932090119,3.858775873,2.259374944
8,4,9.1,1.17,402,8,1.565585762,2.14,0.932090119,3.858775873,2.259374944
9,6.9,7.3,2.01,402,9,1.565585762,2.14,0.932090119,3.858775873,2.259374944
10,2.5,11.7,2.11,402,10,1.565585762,2.14,0.932090119,3.858775873,2.259374944
11,4.7,5.9,2.93,402,11,1.565585762,2.14,0.932090119,3.858775873,2.259374944
12,-0.2,3.2,1.48,402,12,1.565585762,2.14,0.932090119,3.858775873,2.259374944
13,-1.9,3.4,2.52,402,13,1.565585762,2.14,0.932090119,3.858775873,2.259374944
14,-2.8,7.1,3.06,402,14,1.565585762,2.14,0.932090119,3.858775873,2.259374944
15,-2.3,9.7,1.25,402,15,1.565585762,2.14,0.932090119,3.858775873,2.259374944
16,6.1,10,1.81,402,16,1.565585762,2.14,0.932090119,3.858775873,2.259374944
17,4.8,11.1,2.48,402,17,1.565585762,2.14,0.932090119,3.858775873,2.259374944
18,7.3,8,0.95,402,18,1.565585762,2.14,0.932090119,3.858775873,2.259374944
19,4.6,7.6,1.37,402,19,1.565585762,2.14,0.932090119,3.858775873,2.259374944
20,3.2,4,1.05,402,20,1.565585762,2.14,0.932090119,3.858775873,2.259374944
21,-2,2.1,2.52,402,21,1.565585762,2.14,0.932090119,3.858775873,2.259374944
22,-1.8,3.4,0.86,402,22,1.565585762,2.14,0.932090119,3.858775873,2.259374944
23,-0.5,6.9,3.74,402,23,1.565585762,2.14,0.932090119,3.858775873,2.259374944
24,-0.2,9,0.81,402,24,1.565585762,2.14,0.932090119,3.858775873,2.259374944
25,6.5,8.7,4.01,402,25,1.565585762,2.14,0.932090119,3.858775873,2.259374944
26,-3.3,3.2,4.87,402,26,1.565585762,2.14,0.932090119,3.858775873,2.259374944
27,-4.9,0.8,3.72,402,27,1.565585762,2.14,0.932090119,3.858775873,2.259374944
28,-4,2.3,1.24,402,28,1.565585762,2.14,0.932090119,3.858775873,2.259374944
29,-0.4,5.6,4.22,402,29,1.565585762,2.14,0.932090119,3.858775873,2.259374944
30,-3.1,5,3.57,402,30,1.565585762,2.14,0.932090119,3.858775873,2.259374944
31,-1.3,5.9,0.76,402,31,1.565585762,2.14,0.932090119,3.858775873,2.259374944
32,4.2,9.9,3.67,402,32,1.565585762,2.14,0.932090119,3.858775873,2.259374944
33,3.9,10.8,0.81,402,33,1.565585762,2.14,0.932090119,3.858775873,2.259374944
34,5.9,9.3,4.69,402,34,1.565585762,2.14,0.932090119,3.858775873,2.259374944
35,2.9,6.1,3.53,402,35,1.565585762,2.14,0.932090119,3.858775873,2.259374944
36,0.1,4.9,2.53,402,36,1.565585762,2.14,0.932090119,3.858775873,2.259374944
37,-3.6,6.2,4.4,402,37,1.565585762,2.14,0.932090119,3.858775873,2.259374944
38,-2,7.3,3.27,402,38,1.565585762,2.14,0.932090119,3.858775873,2.259374944
39,2.6,3.3,0.84,402,39,1.565585762,2.14,0.932090119,3.858775873,2.259374944
40,0.4,2.7,1.67,402,40,1.565585762,2.14,0.932090119,3.858775873,2.259374944
41,-0.3,3.2,2.78,402,41,1.565585762,2.14,0.932090119,3.858775873,2.259374944
42,-0.4,3.6,0.86,402,42,1.565585762,2.14,0.932090119,3.858775873,2.259374944
43,1.7,3.8,1.22,402,43,1.565585762,2.14,0.932090119,3.858775873,2.259374944
44,1.6,5,1.45,402,44,1.565585762,2.14,0.932090119,3.858775873,2.259374944
45,3.5,7.6,6.04,402,45,1.565585762,2.14,0.932090119,3.858775873,2.259374944
46,2.5,11.4,5.47,402,46,1.565585762,2.14,0.932090119,3.858775873,2.259374944
47,5,9.5,3.95,402,47,1.565585762,2.14,0.932090119,3.858775873,2.259374944
48,1.1,9.8,5.25,402,48,1.565585762,2.14,0.932090119,3.858775873,2.259374944
49,4.1,9.6,2.55,402,49,1.565585762,2.14,0.932090119,3.858775873,2.259374944
50,7.4,13.3,5.66,402,50,1.565585762,2.14,0.932090119,3.858775873,2.259374944
51,8.5,13.1,6.26,402,51,1.565585762,2.14,0.932090119,3.858775873,2.259374944
52,3.5,11.9,4,402,52,1.565585762,2.14,0.932090119,3.858775873,2.259374944
53,4.7,8.4,7.32,402,53,1.565585762,2.14,0.932090119,3.858775873,2.259374944
54,1.1,3.4,1.84,402,54,1.565585762,2.14,0.932090119,3.858775873,2.259374944
55,0.5,8.2,6.81,402,55,1.565585762,2.14,0.932090119,3.858775873,2.259374944
56,1.9,11.4,5.6,402,56,1.565585762,2.14,0.932090119,3.858775873,2.259374944
57,2.8,9.5,3.13,402,57,1.565585762,2.14,0.932090119,3.858775873,2.259374944
58,0.9,5.4,4.97,402,58,1.565585762,2.14,0.932090119,3.858775873,2.259374944
59,-1.2,7.6,9.64,402,59,1.565585762,2.14,0.932090119,3.858775873,2.259374944
60,-1.3,6.5,8.11,402,60,1.565585762,2.14,0.932090119,3.858775873,2.259374944
61,-2.1,7.6,9,402,61,1.565585762,2.14,0.932090119,3.858775873,2.259374944
62,0.9,5.8,3.45,402,62,1.565585762,2.14,0.932090119,3.858775873,2.259374944
63,2.4,9.2,3.78,402,63,1.565585762,2.14,0.932090119,3.858775873,2.259374944
64,3.5,9.3,6.85,402,64,1.565585762,2.14,0.932090119,3.858775873,2.259374944
65,1.2,8.1,5.84,402,65,1.565585762,2.14,0.932090119,3.858775873,2.259374944
66,-0.3,8.4,9.26,402,66,1.565585762,2.14,0.932090119,3.858775873,2.259374944
67,3.7,11,10.01,402,67,1.565585762,2.14,0.932090119,3.858775873,2.259374944
68,5,10.8,12.25,402,68,1.565585762,2.14,0.932090119,3.858775873,2.259374944
69,1.1,10,4.23,402,69,1.565585762,2.14,0.932090119,3.858775873,2.259374944
70,4.5,11.3,4.02,402,70,1.565585762,2.14,0.932090119,3.858775873,2.259374944
71,7.4,11.9,9.69,402,71,1.565585762,2.14,0.932090119,3.858775873,2.259374944
72,3.3,11.8,9.9,402,72,1.565585762,2.14,0.932090119,3.858775873,2.259374944
73,6.5,12.3,11.88,402,73,1.565585762,2.14,0.932090119,3.858775873,2.259374944
74,3,13.1,8.43,402,74,1.565585762,2.14,0.932090119,3.858775873,2.259374944
75,5.9,10.9,5.2,402,75,1.565585762,2.14,0.932090119,3.858775873,2.259374944
76,2.9,9.5,5.26,402,76,1.565585762,2.14,0.932090119,3.858775873,2.259374944
77,4.4,10.7,3.77,402,77,1.565585762,2.14,0.932090119,3.858775873,2.259374944
78,5,12.2,7.98,402,78,1.565585762,2.14,0.932090119,3.858775873,2.259374944
79,3.5,9.4,12.69,402,79,1.565585762,2.14,0.932090119,3.858775873,2.259374944
80,1.9,7,11.78,402,80,1.565585762,2.14,0.932090119,3.858775873,2.259374944
81,-1.8,5.4,3.11,402,81,1.565585762,2.14,0.932090119,3.858775873,2.259374944
82,2.2,7,5.16,402,82,1.565585762,2.14,0.932090119,3.858775873,2.259374944
83,0,11.9,13.74,402,83,1.565585762,2.14,0.932090119,3.858775873,2.259374944
84,0.8,16.8,16.22,402,84,1.565585762,2.14,0.932090119,3.858775873,2.259374944
85,0,14.5,16.09,402,85,1.565585762,2.14,0.932090119,3.858775873,2.259374944
86,0.8,12.6,13.66,402,86,1.565585762,2.14,0.932090119,3.858775873,2.259374944
87,5.4,10.8,5.86,402,87,1.565585762,2.14,0.932090119,3.858775873,2.259374944
88,4.1,12.9,5.87,402,88,1.565585762,2.14,0.932090119,3.858775873,2.259374944
89,10,12.7,4.24,402,89,1.565585762,2.14,0.932090119,3.858775873,2.259374944
90,8.9,12.9,9.96,402,90,1.565585762,2.14,0.932090119,3.858775873,2.259374944
91,7.6,13.4,8.36,402,91,1.565585762,2.14,0.932090119,3.858775873,2.259374944
92,4.5,13.8,18.04,402,92,1.565585762,2.14,0.932090119,3.858775873,2.259374944
93,2.7,12.5,11.99,402,93,1.565585762,2.14,0.932090119,3.858775873,2.259374944
94,6.6,12.3,17.65,402,94,1.565585762,2.14,0.932090119,3.858775873,2.259374944
95,6.2,12.2,14.26,402,95,1.565585762,2.14,0.932090119,3.858775873,2.259374944
96,0.9,13.3,14.93,402,96,1.565585762,2.14,0.932090119,3.858775873,2.259374944
97,3.4,10.9,7.6,402,97,1.565585762,2.14,0.932090119,3.858775873,2.259374944
98,0.1,16.1,19.98,402,98,1.565585762,2.14,0.932090119,3.858775873,2.259374944
99,5.7,16.4,14.53,402,99,1.565585762,2.14,0.932090119,3.858775873,2.259374944
100,3.9,13.9,16.56,402,100,1.565585762,2.14,0.932090119,3.858775873,2.259374944
101,4.9,10.8,6.31,402,101,1.565585762,2.14,0.932090119,3.858775873,2.259374944
102,8.1,13.3,16.6,402,102,1.565585762,2.14,0.932090119,3.858775873,2.259374944
103,3.5,12.3,13.44,402,103,1.565585762,2.14,0.932090119,3.858775873,2.259374944
104,5.2,10.7,9.36,402,104,1.565585762,2.14,0.932090119,3.858775873,2.259374944
105,2.9,11.6,18.47,402,105,1.565585762,2.14,0.932090119,3.858775873,2.259374944
106,3.6,9,9.76,402,106,1.565585762,2.14,0.932090119,3.858775873,2.259374944
107,2.8,10.3,9.88,402,107,1.565585762,2.14,0.932090119,3.858775873,2.259374944
108,-0.6,10.2,16.52,402,108,1.565585762,2.14,0.932090119,3.858775873,2.259374944
109,4,12.8,13.85,402,109,1.565585762,2.14,0.932090119,3.858775873,2.259374944
110,7.4,15.4,22.34,402,110,1.565585762,2.14,0.932090119,3.858775873,2.259374944
111,8.4,15.3,10.89,402,111,1.565585762,2.14,0.932090119,3.858775873,2.259374944
112,1.3,10.5,14.77,402,112,1.565585762,2.14,0.932090119,3.858775873,2.259374944
113,1.9,14.1,21.28,402,113,1.565585762,2.14,0.932090119,3.858775873,2.259374944
114,4,10.6,19.71,402,114,1.565585762,2.14,0.932090119,3.858775873,2.259374944
115,-0.8,7.4,15.3,402,115,1.565585762,2.14,0.932090119,3.858775873,2.259374944
116,0.7,9.2,15.16,402,116,1.565585762,2.14,0.932090119,3.858775873,2.259374944
117,4,13.3,13.94,402,117,1.565585762,2.14,0.932090119,3.858775873,2.259374944
118,2.7,11.5,13.51,402,118,1.565585762,2.14,0.932090119,3.858775873,2.259374944
119,1.3,12.8,10.17,402,119,1.565585762,2.14,0.932090119,3.858775873,2.259374944
120,5.5,12.5,18.51,402,120,1.565585762,2.14,0.932090119,3.858775873,2.259374944
121,6.7,11.9,11.67,402,121,1.565585762,2.14,0.932090119,3.858775873,2.259374944
122,7.2,11.9,9.95,402,122,1.565585762,2.14,0.932090119,3.858775873,2.259374944
123,2.7,13.7,26,402,123,1.565585762,2.14,0.932090119,3.858775873,2.259374944
124,6.3,12.6,24.6,402,124,1.565585762,2.14,0.932090119,3.858775873,2.259374944
125,5.5,12.5,23.18,402,125,1.565585762,2.14,0.932090119,3.858775873,2.259374944
126,5.4,11.3,19.16,402,126,1.565585762,2.14,0.932090119,3.858775873,2.259374944
127,6.9,11.1,12.77,402,127,1.565585762,2.14,0.932090119,3.858775873,2.259374944
128,6.6,10.3,16.12,402,128,1.565585762,2.14,0.932090119,3.858775873,2.259374944
129,5.5,15.9,24.25,402,129,1.565585762,2.14,0.932090119,3.858775873,2.259374944
130,1.7,14,19.33,402,130,1.565585762,2.14,0.932090119,3.858775873,2.259374944
131,1.3,16.8,23.465,402,131,1.565585762,2.14,0.932090119,3.858775873,2.259374944
132,6.05,20.85,23.465,402,132,1.565585762,2.14,0.932090119,3.858775873,2.259374944
133,6.05,20.85,23.465,402,133,1.565585762,2.14,0.932090119,3.858775873,2.259374944
134,6.05,20.85,23.465,402,134,1.565585762,2.14,0.932090119,3.858775873,2.259374944
135,6.05,20.85,23.465,402,135,1.565585762,2.14,0.932090119,3.858775873,2.259374944
136,6.05,20.85,23.465,402,136,1.565585762,2.14,0.932090119,3.858775873,2.259374944
137,6.05,20.85,23.465,402,137,1.565585762,2.14,0.932090119,3.858775873,2.259374944
138,6.05,20.85,23.465,402,138,1.565585762,2.14,0.932090119,3.858775873,2.259374944
139,6.05,20.85,23.465,402,139,1.565585762,2.14,0.932090119,3.858775873,2.259374944
140,6.05,20.85,23.465,402,140,1.565585762,2.14,0.932090119,3.858775873,2.259374944
141,6.05,20.85,23.465,402,141,1.565585762,2.14,0.932090119,3.858775873,2.259374944
142,6.05,20.85,23.465,402,142,1.565585762,2.14,0.932090119,3.858775873,2.259374944
143,6.05,20.85,23.465,402,143,1.565585762,2.14,0.932090119,3.858775873,2.259374944
144,6.05,22.2,23.465,402,144,1.565585762,2.14,0.932090119,3.858775873,2.259374944
145,10.8,24.9,27.6,402,145,1.565585762,2.14,0.932090119,3.858775873,2.259374944
146,12.6,25.8,28.11,402,146,1.565585762,2.14,0.932090119,3.858775873,2.259374944
147,10.9,22.5,16.85,402,147,1.565585762,2.14,0.932090119,3.858775873,2.259374944
148,13.9,20.7,12.58,402,148,1.565585762,2.14,0.932090119,3.858775873,2.259374944
149,9.9,16.3,7.35,402,149,1.565585762,2.14,0.932090119,3.858775873,2.259374944
150,9.7,18.4,16.26,402,150,1.565585762,2.14,0.932090119,3.858775873,2.259374944
151,4.3,19.7,29.48,402,151,1.565585762,2.14,0.932090119,3.858775873,2.259374944
152,8.9,18.8,14.05,402,152,1.565585762,2.14,0.932090119,3.858775873,2.259374944
153,11.6,19.4,19.18,402,153,1.565585762,2.14,0.932090119,3.858775873,2.259374944
154,5,19.6,26.65,402,154,1.565585762,2.14,0.932090119,3.858775873,2.259374944
155,5.1,15.8,17.9,402,155,1.565585762,2.14,0.932090119,3.858775873,2.259374944
156,7.4,17.6,12.87,402,156,1.565585762,2.14,0.932090119,3.858775873,2.259374944
157,9.3,14.9,6.56,402,157,1.565585762,2.14,0.932090119,3.858775873,2.259374944
158,7.9,16.3,25.63,402,158,1.565585762,2.14,0.932090119,3.858775873,2.259374944
159,7.9,15.6,9.77,402,159,1.565585762,2.14,0.932090119,3.858775873,2.259374944
160,10.6,17.3,17.18,402,160,1.565585762,2.14,0.932090119,3.858775873,2.259374944
161,10.6,18.7,8.79,402,161,1.565585762,2.14,0.932090119,3.858775873,2.259374944
162,12.2,16.7,16.15,402,162,1.565585762,2.14,0.932090119,3.858775873,2.259374944
163,11.2,16.5,21.12,402,163,1.565585762,2.14,0.932090119,3.858775873,2.259374944
164,7.5,19.6,21.72,402,164,1.565585762,2.14,0.932090119,3.858775873,2.259374944
165,12.4,21.6,15.91,402,165,1.565585762,2.14,0.932090119,3.858775873,2.259374944
166,9.8,18.6,17.23,402,166,1.565585762,2.14,0.932090119,3.858775873,2.259374944
167,9.5,20.6,12.29,402,167,1.565585762,2.14,0.932090119,3.858775873,2.259374944
168,13.9,25.1,23.96,402,168,1.565585762,2.14,0.932090119,3.858775873,2.259374944
169,11.1,24.8,28.88,402,169,1.565585762,2.14,0.932090119,3.858775873,2.259374944
170,11.6,24.4,22.88,402,170,1.565585762,2.14,0.932090119,3.858775873,2.259374944
171,9.4,17.9,18.2,402,171,1.565585762,2.14,0.932090119,3.858775873,2.259374944
172,10.5,21.8,13.24,402,172,1.565585762,2.14,0.932090119,3.858775873,2.259374944
173,13.9,18.2,12.83,402,173,1.565585762,2.14,0.932090119,3.858775873,2.259374944
174,11.8,18.1,13.42,402,174,1.565585762,2.14,0.932090119,3.858775873,2.259374944
175,10,16.4,20.12,402,175,1.565585762,2.14,0.932090119,3.858775873,2.259374944
176,8.1,17.8,23.27,402,176,1.565585762,2.14,0.932090119,3.858775873,2.259374944
177,8.3,16,12.75,402,177,1.565585762,2.14,0.932090119,3.858775873,2.259374944
178,9,12.9,2.71,402,178,1.565585762,2.14,0.932090119,3.858775873,2.259374944
179,10.1,12.8,10.66,402,179,1.565585762,2.14,0.932090119,3.858775873,2.259374944
180,9.9,12,3.6,402,180,1.565585762,2.14,0.932090119,3.858775873,2.259374944
181,11.1,14.8,6.01,402,181,1.565585762,2.14,0.932090119,3.858775873,2.259374944
182,11.1,19.1,20.14,402,182,1.565585762,2.14,0.932090119,3.858775873,2.259374944
183,9.4,17.1,22.91,402,183,1.565585762,2.14,0.932090119,3.858775873,2.259374944
184,11.1,17.8,20.1,402,184,1.565585762,2.14,0.932090119,3.858775873,2.259374944
185,9,13,6.24,402,185,1.565585762,2.14,0.932090119,3.858775873,2.259374944
186,9.9,15.7,13.01,402,186,1.565585762,2.14,0.932090119,3.858775873,2.259374944
187,9.7,21,13.44,402,187,1.565585762,2.14,0.932090119,3.858775873,2.259374944
188,11.9,20.1,14.43,402,188,1.565585762,2.14,0.932090119,3.858775873,2.259374944
189,4.1,19.4,27.89,402,189,1.565585762,2.14,0.932090119,3.858775873,2.259374944
190,9.1,16.2,7.64,402,190,1.565585762,2.14,0.932090119,3.858775873,2.259374944
191,12.1,12.9,7.32,402,191,1.565585762,2.14,0.932090119,3.858775873,2.259374944
192,9.8,15.3,15.36,402,192,1.565585762,2.14,0.932090119,3.858775873,2.259374944
193,7.2,18.2,18.7,402,193,1.565585762,2.14,0.932090119,3.858775873,2.259374944
194,7.2,19.8,16.18,402,194,1.565585762,2.14,0.932090119,3.858775873,2.259374944
195,10.5,19.6,24.31,402,195,1.565585762,2.14,0.932090119,3.858775873,2.259374944
196,11.8,19.7,9.97,402,196,1.565585762,2.14,0.932090119,3.858775873,2.259374944
197,9.1,19.4,22.73,402,197,1.565585762,2.14,0.932090119,3.858775873,2.259374944
198,9.5,22,28.25,402,198,1.565585762,2.14,0.932090119,3.858775873,2.259374944
199,8.7,23.1,27.79,402,199,1.565585762,2.14,0.932090119,3.858775873,2.259374944
200,12.4,16.3,3.85,402,200,1.565585762,2.14,0.932090119,3.858775873,2.259374944
201,13.2,17.2,12.12,402,201,1.565585762,2.14,0.932090119,3.858775873,2.259374944
202,6.1,17.7,7.7,402,202,1.565585762,2.14,0.932090119,3.858775873,2.259374944
203,11.9,15.2,2.8,402,203,1.565585762,2.14,0.932090119,3.858775873,2.259374944
204,12.7,15.8,5.58,402,204,1.565585762,2.14,0.932090119,3.858775873,2.259374944
205,12,16.7,16.16,402,205,1.565585762,2.14,0.932090119,3.858775873,2.259374944
206,11.7,15.5,7.72,402,206,1.565585762,2.14,0.932090119,3.858775873,2.259374944
207,8.8,19.1,10.89,402,207,1.565585762,2.14,0.932090119,3.858775873,2.259374944
208,7.8,17.1,18.76,402,208,1.565585762,2.14,0.932090119,3.858775873,2.259374944
209,10.4,18.1,16.16,402,209,1.565585762,2.14,0.932090119,3.858775873,2.259374944
210,8.6,18.4,16.35,402,210,1.565585762,2.14,0.932090119,3.858775873,2.259374944
211,10.7,18.7,19.29,402,211,1.565585762,2.14,0.932090119,3.858775873,2.259374944
212,9.4,19,18.56,402,212,1.565585762,2.14,0.932090119,3.858775873,2.259374944
213,10.6,19.9,18,402,213,1.565585762,2.14,0.932090119,3.858775873,2.259374944
214,8.6,19.8,11.98,402,214,1.565585762,2.14,0.932090119,3.858775873,2.259374944
215,10.8,21.5,19.13,402,215,1.565585762,2.14,0.932090119,3.858775873,2.259374944
216,11.7,17.1,12.32,402,216,1.565585762,2.14,0.932090119,3.858775873,2.259374944
217,10.3,17.9,18.84,402,217,1.565585762,2.14,0.932090119,3.858775873,2.259374944
218,5.8,16.6,10.9,402,218,1.565585762,2.14,0.932090119,3.858775873,2.259374944
219,8.5,19.2,18.35,402,219,1.565585762,2.14,0.932090119,3.858775873,2.259374944
220,7.2,18.1,19.18,402,220,1.565585762,2.14,0.932090119,3.858775873,2.259374944
221,11.8,17.6,18.88,402,221,1.565585762,2.14,0.932090119,3.858775873,2.259374944
222,6.4,19.9,23.18,402,222,1.565585762,2.14,0.932090119,3.858775873,2.259374944
223,9.9,19.3,8.93,402,223,1.565585762,2.14,0.932090119,3.858775873,2.259374944
224,10.7,18,11.05,402,224,1.565585762,2.14,0.932090119,3.858775873,2.259374944
225,6,18.3,17.12,402,225,1.565585762,2.14,0.932090119,3.858775873,2.259374944
226,8.2,18.3,8.78,402,226,1.565585762,2.14,0.932090119,3.858775873,2.259374944
227,11.8,20.9,16.87,402,227,1.565585762,2.14,0.932090119,3.858775873,2.259374944
228,7.8,19.9,14.85,402,228,1.565585762,2.14,0.932090119,3.858775873,2.259374944
229,12.3,21.8,22.32,402,229,1.565585762,2.14,0.932090119,3.858775873,2.259374944
230,11.1,17.7,16.47,402,230,1.565585762,2.14,0.932090119,3.858775873,2.259374944
231,9.1,18.2,18.01,402,231,1.565585762,2.14,0.932090119,3.858775873,2.259374944
232,10.1,18.8,13.73,402,232,1.565585762,2.14,0.932090119,3.858775873,2.259374944
233,5.3,21.3,15.01,402,233,1.565585762,2.14,0.932090119,3.858775873,2.259374944
234,13.3,20.7,9.45,402,234,1.565585762,2.14,0.932090119,3.858775873,2.259374944
235,14.3,22.3,9.06,402,235,1.565585762,2.14,0.932090119,3.858775873,2.259374944
236,9,20.9,15.12,402,236,1.565585762,2.14,0.932090119,3.858775873,2.259374944
237,11.9,19.3,8.16,402,237,1.565585762,2.14,0.932090119,3.858775873,2.259374944
238,11.7,18.9,9.42,402,238,1.565585762,2.14,0.932090119,3.858775873,2.259374944
239,7.8,20.3,11.6,402,239,1.565585762,2.14,0.932090119,3.858775873,2.259374944
240,14.5,21.3,9.05,402,240,1.565585762,2.14,0.932090119,3.858775873,2.259374944
241,7.1,15.4,7.43,402,241,1.565585762,2.14,0.932090119,3.858775873,2.259374944
242,5.6,19,13.5,402,242,1.565585762,2.14,0.932090119,3.858775873,2.259374944
243,6.7,19,14.48,402,243,1.565585762,2.14,0.932090119,3.858775873,2.259374944
244,6.4,16.2,10.34,402,244,1.565585762,2.14,0.932090119,3.858775873,2.259374944
245,5.8,19.4,15.41,402,245,1.565585762,2.14,0.932090119,3.858775873,2.259374944
246,6.1,19.1,9.85,402,246,1.565585762,2.14,0.932090119,3.858775873,2.259374944
247,12.8,19,4.36,402,247,1.565585762,2.14,0.932090119,3.858775873,2.259374944
248,12.5,17,6.92,402,248,1.565585762,2.14,0.932090119,3.858775873,2.259374944
249,7,17.6,11.82,402,249,1.565585762,2.14,0.932090119,3.858775873,2.259374944
250,9.3,14.2,3.43,402,250,1.565585762,2.14,0.932090119,3.858775873,2.259374944
251,8.6,15.9,10.8,402,251,1.565585762,2.14,0.932090119,3.858775873,2.259374944
252,7.9,15.9,10.32,402,252,1.565585762,2.14,0.932090119,3.858775873,2.259374944
253,8.7,15.9,7.03,402,253,1.565585762,2.14,0.932090119,3.858775873,2.259374944
254,7.4,16.5,11.49,402,254,1.565585762,2.14,0.932090119,3.858775873,2.259374944
255,9.9,17.5,12.63,402,255,1.565585762,2.14,0.932090119,3.858775873,2.259374944
256,7.7,12.7,6.6,402,256,1.565585762,2.14,0.932090119,3.858775873,2.259374944
257,8.4,14.8,14.74,402,257,1.565585762,2.14,0.932090119,3.858775873,2.259374944
258,8.2,15.3,10.97,402,258,1.565585762,2.14,0.932090119,3.858775873,2.259374944
259,7,12.5,7.56,402,259,1.565585762,2.14,0.932090119,3.858775873,2.259374944
260,9,15,6.68,402,260,1.565585762,2.14,0.932090119,3.858775873,2.259374944
261,7.6,11.7,5.92,402,261,1.565585762,2.14,0.932090119,3.858775873,2.259374944
262,2.4,17.6,13.64,402,262,1.565585762,2.14,0.932090119,3.858775873,2.259374944
263,7.2,16.6,4.29,402,263,1.565585762,2.14,0.932090119,3.858775873,2.259374944
264,13.1,16.1,5.8,402,264,1.565585762,2.14,0.932090119,3.858775873,2.259374944
265,4.1,15.6,8.21,402,265,1.565585762,2.14,0.932090119,3.858775873,2.259374944
266,7.5,17.3,7.36,402,266,1.565585762,2.14,0.932090119,3.858775873,2.259374944
267,10.6,18.2,6.89,402,267,1.565585762,2.14,0.932090119,3.858775873,2.259374944
268,12.2,15.8,2.53,402,268,1.565585762,2.14,0.932090119,3.858775873,2.259374944
269,10.6,18.1,6.59,402,269,1.565585762,2.14,0.932090119,3.858775873,2.259374944
270,11,16,5.5,402,270,1.565585762,2.14,0.932090119,3.858775873,2.259374944
271,10.3,18.3,10.33,402,271,1.565585762,2.14,0.932090119,3.858775873,2.259374944
272,10,17.3,7.86,402,272,1.565585762,2.14,0.932090119,3.858775873,2.259374944
273,5.2,15.2,9.86,402,273,1.565585762,2.14,0.932090119,3.858775873,2.259374944
274,2,16.1,3.89,402,274,1.565585762,2.14,0.932090119,3.858775873,2.259374944
275,8.6,15.5,10.49,402,275,1.565585762,2.14,0.932090119,3.858775873,2.259374944
276,8.6,13.9,8.31,402,276,1.565585762,2.14,0.932090119,3.858775873,2.259374944
277,8.9,12.8,4.9,402,277,1.565585762,2.14,0.932090119,3.858775873,2.259374944
278,5.7,14.1,10.15,402,278,1.565585762,2.14,0.932090119,3.858775873,2.259374944
279,3.8,13.1,7.99,402,279,1.565585762,2.14,0.932090119,3.858775873,2.259374944
280,9.1,16.5,7.66,402,280,1.565585762,2.14,0.932090119,3.858775873,2.259374944
281,9.5,16.8,5.34,402,281,1.565585762,2.14,0.932090119,3.858775873,2.259374944
282,9.5,15.8,5.85,402,282,1.565585762,2.14,0.932090119,3.858775873,2.259374944
283,8.5,13.9,4.01,402,283,1.565585762,2.14,0.932090119,3.858775873,2.259374944
284,9.9,13.9,4.04,402,284,1.565585762,2.14,0.932090119,3.858775873,2.259374944
285,5.9,16,5.36,402,285,1.565585762,2.14,0.932090119,3.858775873,2.259374944
286,8.9,17.1,2.59,402,286,1.565585762,2.14,0.932090119,3.858775873,2.259374944
287,11.2,14.8,2.8,402,287,1.565585762,2.14,0.932090119,3.858775873,2.259374944
288,11.8,15.4,2.89,402,288,1.565585762,2.14,0.932090119,3.858775873,2.259374944
289,10.1,15.1,1.28,402,289,1.565585762,2.14,0.932090119,3.858775873,2.259374944
290,10.6,15,6.23,402,290,1.565585762,2.14,0.932090119,3.858775873,2.259374944
291,8.3,11.4,3.45,402,291,1.565585762,2.14,0.932090119,3.858775873,2.259374944
292,8.9,14,4.26,402,292,1.565585762,2.14,0.932090119,3.858775873,2.259374944
293,9.3,16.5,6.52,402,293,1.565585762,2.14,0.932090119,3.858775873,2.259374944
294,8.1,13.1,2.54,402,294,1.565585762,2.14,0.932090119,3.858775873,2.259374944
295,9.1,13.6,5.35,402,295,1.565585762,2.14,0.932090119,3.858775873,2.259374944
296,4.9,14,2.01,402,296,1.565585762,2.14,0.932090119,3.858775873,2.259374944
297,7.3,14.6,4.08,402,297,1.565585762,2.14,0.932090119,3.858775873,2.259374944
298,6.9,14,5.93,402,298,1.565585762,2.14,0.932090119,3.858775873,2.259374944
299,8.3,13.3,4.78,402,299,1.565585762,2.14,0.932090119,3.858775873,2.259374944
300,4.3,13.5,7.03,402,300,1.565585762,2.14,0.932090119,3.858775873,2.259374944
301,6.5,14.2,1.29,402,301,1.565585762,2.14,0.932090119,3.858775873,2.259374944
302,6,9,4.6,402,302,1.565585762,2.14,0.932090119,3.858775873,2.259374944
303,-0.6,10.6,3.36,402,303,1.565585762,2.14,0.932090119,3.858775873,2.259374944
304,1.9,13.3,2.53,402,304,1.565585762,2.14,0.932090119,3.858775873,2.259374944
305,10.6,11.8,1.61,402,305,1.565585762,2.14,0.932090119,3.858775873,2.259374944
306,4.9,10.3,4.16,402,306,1.565585762,2.14,0.932090119,3.858775873,2.259374944
307,2.8,8.6,2.26,402,307,1.565585762,2.14,0.932090119,3.858775873,2.259374944
308,4.3,9.9,4.47,402,308,1.565585762,2.14,0.932090119,3.858775873,2.259374944
309,0.7,8.3,5.41,402,309,1.565585762,2.14,0.932090119,3.858775873,2.259374944
310,-2.1,10.4,3.34,402,310,1.565585762,2.14,0.932090119,3.858775873,2.259374944
311,1.6,7.9,1.67,402,311,1.565585762,2.14,0.932090119,3.858775873,2.259374944
312,-1.2,11.6,3.69,402,312,1.565585762,2.14,0.932090119,3.858775873,2.259374944
313,1.2,10.1,3.97,402,313,1.565585762,2.14,0.932090119,3.858775873,2.259374944
314,4.5,7.7,4.59,402,314,1.565585762,2.14,0.932090119,3.858775873,2.259374944
315,0.5,7.6,4.24,402,315,1.565585762,2.14,0.932090119,3.858775873,2.259374944
316,0.7,7.1,4.47,402,316,1.565585762,2.14,0.932090119,3.858775873,2.259374944
317,-0.6,9.6,1.86,402,317,1.565585762,2.14,0.932090119,3.858775873,2.259374944
318,0.9,10.6,3.12,402,318,1.565585762,2.14,0.932090119,3.858775873,2.259374944
319,0.5,9.7,2.19,402,319,1.565585762,2.14,0.932090119,3.858775873,2.259374944
320,2,7.7,4.16,402,320,1.565585762,2.14,0.932090119,3.858775873,2.259374944
321,-0.1,7.3,1.8,402,321,1.565585762,2.14,0.932090119,3.858775873,2.259374944
322,3.7,5.7,2.48,402,322,1.565585762,2.14,0.932090119,3.858775873,2.259374944
323,-0.8,5.3,3.26,402,323,1.565585762,2.14,0.932090119,3.858775873,2.259374944
324,1.7,9.6,1.52,402,324,1.565585762,2.14,0.932090119,3.858775873,2.259374944
325,3.6,11.9,0.79,402,325,1.565585762,2.14,0.932090119,3.858775873,2.259374944
326,6.5,9,0.49,402,326,1.565585762,2.14,0.932090119,3.858775873,2.259374944
327,1.9,6.1,2.72,402,327,1.565585762,2.14,0.932090119,3.858775873,2.259374944
328,-0.8,4.5,3.05,402,328,1.565585762,2.14,0.932090119,3.858775873,2.259374944
329,-2,3.3,2.37,402,329,1.565585762,2.14,0.932090119,3.858775873,2.259374944
330,0.3,6.8,3.03,402,330,1.565585762,2.14,0.932090119,3.858775873,2.259374944
331,1.6,5.4,2.84,402,331,1.565585762,2.14,0.932090119,3.858775873,2.259374944
332,1.4,5.4,3.15,402,332,1.565585762,2.14,0.932090119,3.858775873,2.259374944
333,2.7,3.9,2.45,402,333,1.565585762,2.14,0.932090119,3.858775873,2.259374944
334,0.3,3.4,2.3,402,334,1.565585762,2.14,0.932090119,3.858775873,2.259374944
335,0.8,5,2.62,402,335,1.565585762,2.14,0.932090119,3.858775873,2.259374944
336,0.7,8.2,2.16,402,336,1.565585762,2.14,0.932090119,3.858775873,2.259374944
337,2.4,7.9,2.55,402,337,1.565585762,2.14,0.932090119,3.858775873,2.259374944
338,2.4,9.1,2.48,402,338,1.565585762,2.14,0.932090119,3.858775873,2.259374944
339,3.7,8.9,1.07,402,339,1.565585762,2.14,0.932090119,3.858775873,2.259374944
340,6,12.5,0.81,402,340,1.565585762,2.14,0.932090119,3.858775873,2.259374944
341,6.3,7,1.65,402,341,1.565585762,2.14,0.932090119,3.858775873,2.259374944
342,-0.6,1.8,2.6,402,342,1.565585762,2.14,0.932090119,3.858775873,2.259374944
343,-2.6,1.5,1.48,402,343,1.565585762,2.14,0.932090119,3.858775873,2.259374944
344,-7.2,1.1,3.87,402,344,1.565585762,2.14,0.932090119,3.858775873,2.259374944
345,-7.4,2.8,2.41,402,345,1.565585762,2.14,0.932090119,3.858775873,2.259374944
346,-6.9,3.9,1.9,402,346,1.565585762,2.14,0.932090119,3.858775873,2.259374944
347,-2.7,4.9,1.14,402,347,1.565585762,2.14,0.932090119,3.858775873,2.259374944
348,-0.5,4.3,1.09,402,348,1.565585762,2.14,0.932090119,3.858775873,2.259374944
349,-1.8,4.5,1.94,402,349,1.565585762,2.14,0.932090119,3.858775873,2.259374944
350,-1.5,3.3,1.74,402,350,1.565585762,2.14,0.932090119,3.858775873,2.259374944
351,-2.5,8.3,0.63,402,351,1.565585762,2.14,0.932090119,3.858775873,2.259374944
352,-1.1,6.8,1.92,402,352,1.565585762,2.14,0.932090119,3.858775873,2.259374944
353,-0.9,10.3,1.43,402,353,1.565585762,2.14,0.932090119,3.858775873,2.259374944
354,6.4,11.5,1.68,402,354,1.565585762,2.14,0.932090119,3.858775873,2.259374944
355,4,6.3,1.37,402,355,1.565585762,2.14,0.932090119,3.858775873,2.259374944
356,0.1,9.1,1.5,402,356,1.565585762,2.14,0.932090119,3.858775873,2.259374944
357,4.3,12.6,2.23,402,357,1.565585762,2.14,0.932090119,3.858775873,2.259374944
358,8.5,11.2,1.08,402,358,1.565585762,2.14,0.932090119,3.858775873,2.259374944
359,7.3,7.3,0.43,402,359,1.565585762,2.14,0.932090119,3.858775873,2.259374944
360,0.7,3.4,2.46,402,360,1.565585762,2.14,0.932090119,3.858775873,2.259374944
361,-1.6,2,2.03,402,361,1.565585762,2.14,0.932090119,3.858775873,2.259374944
362,-0.3,3,2.34,402,362,1.565585762,2.14,0.932090119,3.858775873,2.259374944
363,-4.2,2.7,0.69,402,363,1.565585762,2.14,0.932090119,3.858775873,2.259374944
364,-1.2,6.9,1.42,402,364,1.565585762,2.14,0.932090119,3.858775873,2.259374944
365,1.3,7.3,1.81,402,365,1.565585762,2.14,0.932090119,3.858775873,2.259374944
366,2.3,6.2,2.38,402,1,1.565585762,2.14,0.932090119,3.858775873,2.259374944
367,0.9,5.1,0.46,402,2,1.565585762,2.14,0.932090119,3.858775873,2.259374944
368,0.6,6.6,0.485,402,3,1.565585762,2.14,0.932090119,3.858775873,2.259374944
369,2,4.5,0.51,402,4,1.565585762,2.14,0.932090119,3.858775873,2.259374944
370,1.9,4.7,1.06,402,5,1.565585762,2.14,0.932090119,3.858775873,2.259374944
371,2.1,5.2,2.02,402,6,1.565585762,2.14,0.932090119,3.858775873,2.259374944
372,-1.2,3,2.87,402,7,1.565585762,2.14,0.932090119,3.858775873,2.259374944
373,-4.9,3.4,3.79,402,8,1.565585762,2.14,0.932090119,3.858775873,2.259374944
374,-3,3.9,0.54,402,9,1.565585762,2.14,0.932090119,3.858775873,2.259374944
375,0.8,5.3,0.87,402,10,1.565585762,2.14,0.932090119,3.858775873,2.259374944
376,1.9,6.2,0.85,402,11,1.565585762,2.14,0.932090119,3.858775873,2.259374944
377,1.7,7.2,1.6,402,12,1.565585762,2.14,0.932090119,3.858775873,2.259374944
378,1.1,5,1,402,13,1.565585762,2.14,0.932090119,3.858775873,2.259374944
379,0.6,7.6,1.03,402,14,1.565585762,2.14,0.932090119,3.858775873,2.259374944
380,2.5,6.9,2.08,402,15,1.565585762,2.14,0.932090119,3.858775873,2.259374944
381,0,2.2,1.54,402,16,1.565585762,2.14,0.932090119,3.858775873,2.259374944
382,-2.7,3.2,3.56,402,17,1.565585762,2.14,0.932090119,3.858775873,2.259374944
383,-1,2.2,2.77,402,18,1.565585762,2.14,0.932090119,3.858775873,2.259374944
384,-2.2,2.1,2.33,402,19,1.565585762,2.14,0.932090119,3.858775873,2.259374944
385,-4.7,2.3,4.04,402,20,1.565585762,2.14,0.932090119,3.858775873,2.259374944
386,-6.2,3.4,1.53,402,21,1.565585762,2.14,0.932090119,3.858775873,2.259374944
387,-3.3,6.5,2.11,402,22,1.565585762,2.14,0.932090119,3.858775873,2.259374944
388,2.4,10.9,1.87,402,23,1.565585762,2.14,0.932090119,3.858775873,2.259374944
389,4.8,7.3,2.64,402,24,1.565585762,2.14,0.932090119,3.858775873,2.259374944
390,3.1,7.4,3.4,402,25,1.565585762,2.14,0.932090119,3.858775873,2.259374944
391,2.1,6.9,2.66,402,26,1.565585762,2.14,0.932090119,3.858775873,2.259374944
392,1.5,12,1.72,402,27,1.565585762,2.14,0.932090119,3.858775873,2.259374944
393,5.4,12.8,1.87,402,28,1.565585762,2.14,0.932090119,3.858775873,2.259374944
394,5.7,6.8,3.58,402,29,1.565585762,2.14,0.932090119,3.858775873,2.259374944
395,1.6,6.2,2.82,402,30,1.565585762,2.14,0.932090119,3.858775873,2.259374944
396,0.7,3.8,3.51,402,31,1.565585762,2.14,0.932090119,3.858775873,2.259374944
397,1,5.9,2.73,402,32,1.565585762,2.14,0.932090119,3.858775873,2.259374944
398,2.8,6.6,3.41,402,33,1.565585762,2.14,0.932090119,3.858775873,2.259374944
399,-0.2,2.9,1.77,402,34,1.565585762,2.14,0.932090119,3.858775873,2.259374944
400,0.7,6.1,4.21,402,35,1.565585762,2.14,0.932090119,3.858775873,2.259374944
401,-3.6,1.5,2.67,402,36,1.565585762,2.14,0.932090119,3.858775873,2.259374944
402,-1.9,2,3.51,402,37,1.565585762,2.14,0.932090119,3.858775873,2.259374944
403,-3.7,4.3,4.9,402,38,1.565585762,2.14,0.932090119,3.858775873,2.259374944
404,-2.6,7,2.6,402,39,1.565585762,2.14,0.932090119,3.858775873,2.259374944
405,0.9,4.5,5.53,402,40,1.565585762,2.14,0.932090119,3.858775873,2.259374944
406,-1.4,8.8,3.67,402,41,1.565585762,2.14,0.932090119,3.858775873,2.259374944
407,0.4,3.5,6.25,402,42,1.565585762,2.14,0.932090119,3.858775873,2.259374944
408,-2,3.5,6.39,402,43,1.565585762,2.14,0.932090119,3.858775873,2.259374944
409,0.7,4.1,2.98,402,44,1.565585762,2.14,0.932090119,3.858775873,2.259374944
410,-2.3,4.1,2.11,402,45,1.565585762,2.14,0.932090119,3.858775873,2.259374944
411,1.1,5,6.67,402,46,1.565585762,2.14,0.932090119,3.858775873,2.259374944
412,0.3,6.2,5.59,402,47,1.565585762,2.14,0.932090119,3.858775873,2.259374944
413,1.4,7.6,5.48,402,48,1.565585762,2.14,0.932090119,3.858775873,2.259374944
414,-0.6,6.9,2.98,402,49,1.565585762,2.14,0.932090119,3.858775873,2.259374944
415,1.7,8,1.64,402,50,1.565585762,2.14,0.932090119,3.858775873,2.259374944
416,3.6,9.1,7.76,402,51,1.565585762,2.14,0.932090119,3.858775873,2.259374944
417,-0.4,7.6,8.32,402,52,1.565585762,2.14,0.932090119,3.858775873,2.259374944
418,-2.3,4.7,6.39,402,53,1.565585762,2.14,0.932090119,3.858775873,2.259374944
419,-3.4,4.4,6.76,402,54,1.565585762,2.14,0.932090119,3.858775873,2.259374944
420,-1.7,6.4,8.24,402,55,1.565585762,2.14,0.932090119,3.858775873,2.259374944
421,-0.8,4.9,8.02,402,56,1.565585762,2.14,0.932090119,3.858775873,2.259374944
422,-2.4,3.5,5.07,402,57,1.565585762,2.14,0.932090119,3.858775873,2.259374944
423,-1.2,0.7,6.58,402,58,1.565585762,2.14,0.932090119,3.858775873,2.259374944
424,-4.9,-2.9,3.83,402,59,1.565585762,2.14,0.932090119,3.858775873,2.259374944
425,-5.2,-1,6.06,402,60,1.565585762,2.14,0.932090119,3.858775873,2.259374944
426,-3.8,0.1,2.67,402,61,1.565585762,2.14,0.932090119,3.858775873,2.259374944
427,-1,0.8,3.21,402,62,1.565585762,2.14,0.932090119,3.858775873,2.259374944
428,-0.9,2.4,2.26,402,63,1.565585762,2.14,0.932090119,3.858775873,2.259374944
429,0.2,2.7,2.44,402,64,1.565585762,2.14,0.932090119,3.858775873,2.259374944
430,0.4,3.8,1.6,402,65,1.565585762,2.14,0.932090119,3.858775873,2.259374944
431,-0.9,7.1,8.32,402,66,1.565585762,2.14,0.932090119,3.858775873,2.259374944
432,-1.2,7,11.45,402,67,1.565585762,2.14,0.932090119,3.858775873,2.259374944
433,0,7.8,11.39,402,68,1.565585762,2.14,0.932090119,3.858775873,2.259374944
434,0.7,5.9,1.5,402,69,1.565585762,2.14,0.932090119,3.858775873,2.259374944
435,3,9.3,6.64,402,70,1.565585762,2.14,0.932090119,3.858775873,2.259374944
436,3.3,5.4,2.54,402,71,1.565585762,2.14,0.932090119,3.858775873,2.259374944
437,2.5,7.7,5.23,402,72,1.565585762,2.14,0.932090119,3.858775873,2.259374944
438,-0.7,9.5,8.15,402,73,1.565585762,2.14,0.932090119,3.858775873,2.259374944
439,3.2,4.9,1.54,402,74,1.565585762,2.14,0.932090119,3.858775873,2.259374944
440,2.7,3.1,1.91,402,75,1.565585762,2.14,0.932090119,3.858775873,2.259374944
441,-1.4,1.6,9.22,402,76,1.565585762,2.14,0.932090119,3.858775873,2.259374944
442,-3.2,2.8,5.75,402,77,1.565585762,2.14,0.932090119,3.858775873,2.259374944
443,-1.5,4.2,10.56,402,78,1.565585762,2.14,0.932090119,3.858775873,2.259374944
444,1.3,8.8,13.96,402,79,1.565585762,2.14,0.932090119,3.858775873,2.259374944
445,-0.7,9.1,7.74,402,80,1.565585762,2.14,0.932090119,3.858775873,2.259374944
446,4.5,9.3,9.45,402,81,1.565585762,2.14,0.932090119,3.858775873,2.259374944
447,5.2,9.6,8.34,402,82,1.565585762,2.14,0.932090119,3.858775873,2.259374944
448,1.5,11.1,14.49,402,83,1.565585762,2.14,0.932090119,3.858775873,2.259374944
449,-1,11.3,14.89,402,84,1.565585762,2.14,0.932090119,3.858775873,2.259374944
450,-1.5,9.8,13.02,402,85,1.565585762,2.14,0.932090119,3.858775873,2.259374944
451,2.5,10.6,6.03,402,86,1.565585762,2.14,0.932090119,3.858775873,2.259374944
452,1.7,8.1,11.6,402,87,1.565585762,2.14,0.932090119,3.858775873,2.259374944
453,-1.9,9,13.55,402,88,1.565585762,2.14,0.932090119,3.858775873,2.259374944
454,1.6,5.8,4.94,402,89,1.565585762,2.14,0.932090119,3.858775873,2.259374944
455,1.4,4.6,2.96,402,90,1.565585762,2.14,0.932090119,3.858775873,2.259374944
456,0.5,5.3,8.05,402,91,1.565585762,2.14,0.932090119,3.858775873,2.259374944
457,0,3.2,3.52,402,92,1.565585762,2.14,0.932090119,3.858775873,2.259374944
458,0.1,4.8,4.57,402,93,1.565585762,2.14,0.932090119,3.858775873,2.259374944
459,3,4.7,2.44,402,94,1.565585762,2.14,0.932090119,3.858775873,2.259374944
460,-1.6,9.4,18.15,402,95,1.565585762,2.14,0.932090119,3.858775873,2.259374944
461,3,11.4,9.16,402,96,1.565585762,2.14,0.932090119,3.858775873,2.259374944
462,4.2,9.9,4.28,402,97,1.565585762,2.14,0.932090119,3.858775873,2.259374944
463,4.2,12.4,9.68,402,98,1.565585762,2.14,0.932090119,3.858775873,2.259374944
464,3.8,13.8,14.42,402,99,1.565585762,2.14,0.932090119,3.858775873,2.259374944
465,4,5.6,1.79,402,100,1.565585762,2.14,0.932090119,3.858775873,2.259374944
466,5,6,3.66,402,101,1.565585762,2.14,0.932090119,3.858775873,2.259374944
467,4.3,6.1,3.78,402,102,1.565585762,2.14,0.932090119,3.858775873,2.259374944
468,4.4,9.6,2.49,402,103,1.565585762,2.14,0.932090119,3.858775873,2.259374944
469,5.6,13.7,15.86,402,104,1.565585762,2.14,0.932090119,3.858775873,2.259374944
470,2.9,15.3,16.2,402,105,1.565585762,2.14,0.932090119,3.858775873,2.259374944
471,5.8,13.2,12.87,402,106,1.565585762,2.14,0.932090119,3.858775873,2.259374944
472,8.9,14.2,12.08,402,107,1.565585762,2.14,0.932090119,3.858775873,2.259374944
473,8.3,16.9,8.2,402,108,1.56017561,2.150789474,0.99443963,3.805644774,2.368865132
474,10.4,19.9,22.19,402,109,1.554765459,2.161578947,1.056789142,3.752513674,2.47835532
475,6.5,17.7,22.23,402,110,1.549355307,2.172368421,1.119138653,3.699382575,2.587845508
476,4.3,19.4,21.87,402,111,1.543945155,2.183157895,1.181488165,3.646251475,2.697335697
477,10.9,11.9,9.38,402,112,1.538535004,2.193947368,1.243837676,3.593120376,2.806825885
478,7.4,13.3,14.95,402,113,1.533124852,2.204736842,1.306187188,3.539989276,2.916316073
479,7.1,12,13.34,402,114,1.527714701,2.215526316,1.368536699,3.486858177,3.025806261
480,4.5,12.6,18.24,402,115,1.522304549,2.226315789,1.430886211,3.433727078,3.135296449
481,4.4,12.2,17.34,402,116,1.516894397,2.237105263,1.493235722,3.380595978,3.244786637
482,0.4,11.7,13.67,402,117,1.511484246,2.247894737,1.555585233,3.327464879,3.354276825
483,1.2,10.5,12.14,402,118,1.506074094,2.258684211,1.617934745,3.274333779,3.463767013
484,2.5,9.9,18.52,402,119,1.500663942,2.269473684,1.680284256,3.22120268,3.573257202
485,3.3,9.5,20.46,402,120,1.495253791,2.280263158,1.742633768,3.168071581,3.68274739
486,-0.4,12.3,18.64,402,121,1.489843639,2.291052632,1.804983279,3.114940481,3.792237578
487,7.3,11.7,12.05,402,122,1.484433488,2.301842105,1.867332791,3.061809382,3.901727766
488,3.3,12.9,16.36,402,123,1.479023336,2.312631579,1.929682302,3.008678282,4.011217954
489,8,14.9,15.67,402,124,1.473613184,2.323421053,1.992031814,2.955547183,4.120708142
490,9.2,18.1,20.54,402,125,1.468203033,2.334210526,2.054381325,2.902416083,4.23019833
491,8.6,22.1,24.24,402,126,1.462792881,2.345,2.116730837,2.849284984,4.339688519
492,7.7,23.1,21.75,402,127,1.457382729,2.355789474,2.179080348,2.796153885,4.449178707
493,9.8,16.2,19.71,402,128,1.451972578,2.366578947,2.241429859,2.743022785,4.558668895
494,4.3,13,9.68,402,129,1.446562426,2.377368421,2.303779371,2.689891686,4.668159083
495,3.9,14.5,23.39,402,130,1.441152274,2.388157895,2.366128882,2.636760586,4.777649271
496,2.2,15,13.64,402,131,1.435742123,2.398947368,2.428478394,2.583629487,4.887139459
497,5.3,15.4,23.58,402,132,1.430331971,2.409736842,2.490827905,2.530498387,4.996629647
498,8.3,17.1,16.76,402,133,1.42492182,2.420526316,2.553177417,2.477367288,5.106119835
499,2.9,18.3,27.66,402,134,1.419511668,2.431315789,2.615526928,2.424236189,5.215610024
500,5,20.5,21.97,402,135,1.414101516,2.442105263,2.67787644,2.371105089,5.325100212
501,8,12.4,26.18,402,136,1.408691365,2.452894737,2.740225951,2.31797399,5.4345904
502,2.4,13.6,24.83,402,137,1.403281213,2.463684211,2.802575462,2.26484289,5.544080588
503,1.6,18.2,21.8,402,138,1.397871061,2.474473684,2.864924974,2.211711791,5.653570776
504,5.3,20.3,26.18,402,139,1.39246091,2.485263158,2.927274485,2.158580692,5.763060964
505,7.7,17.3,13.72,402,140,1.387050758,2.496052632,2.989623997,2.105449592,5.872551152
506,5.3,21.8,22.75,402,141,1.381640607,2.506842105,3.051973508,2.052318493,5.98204134
507,7.4,9.6,7.42,402,142,1.376230455,2.517631579,3.11432302,1.999187393,6.091531529
508,7.6,11.6,10.21,402,143,1.370820303,2.528421053,3.176672531,1.946056294,6.201021717
509,6.3,15.6,24.2,402,144,1.365410152,2.539210526,3.239022043,1.892925194,6.310511905
510,3.3,18.1,21.47,402,145,1.36,2.55,3.301371554,1.839794095,6.420002093
511,9.8,16.6,23.79,402,146,1.448421053,2.641052632,3.410953208,2.071173111,6.511536605
512,8.9,19.2,24.42,402,147,1.536842105,2.732105263,3.520534862,2.302552127,6.603071116
513,9.1,21.3,25.06,402,148,1.625263158,2.823157895,3.630116516,2.533931142,6.694605628
514,10.6,16.9,11.26,402,149,1.713684211,2.914210526,3.73969817,2.765310158,6.78614014
515,10.1,14.5,6.14,402,150,1.802105263,3.005263158,3.849279824,2.996689174,6.877674651
516,10.9,20.8,13.19,402,151,1.890526316,3.096315789,3.958861478,3.22806819,6.969209163
517,10.7,23.7,17.93,402,152,1.978947368,3.187368421,4.068443132,3.459447206,7.060743674
518,11.7,22.6,18.15,402,153,2.067368421,3.278421053,4.178024786,3.690826221,7.152278186
519,13.8,16.8,7.15,402,154,2.155789474,3.369473684,4.28760644,3.922205237,7.243812698
520,10.8,12.2,7.91,402,155,2.244210526,3.460526316,4.397188094,4.153584253,7.335347209
521,8.9,15,25.74,402,156,2.332631579,3.551578947,4.506769748,4.384963269,7.426881721
522,8.7,16.6,17.99,402,157,2.421052632,3.642631579,4.616351402,4.616342284,7.518416233
523,4.7,17.1,28.65,402,158,2.509473684,3.733684211,4.725933056,4.8477213,7.609950744
524,8.2,16.5,25.3,402,159,2.597894737,3.824736842,4.83551471,5.079100316,7.701485256
525,8.3,18,18.4,402,160,2.686315789,3.915789474,4.945096364,5.310479332,7.793019767
526,6.7,19.3,18.99,402,161,2.774736842,4.006842105,5.054678018,5.541858348,7.884554279
527,10.8,16.1,12.39,402,162,2.863157895,4.097894737,5.164259672,5.773237363,7.976088791
528,8.8,18.4,17.52,402,163,2.951578947,4.188947368,5.273841326,6.004616379,8.067623302
529,9.4,17.8,15.85,402,164,3.04,4.28,5.38342298,6.235995395,8.159157814
530,13,16.3,18.13,402,165,2.920909091,4.171818182,5.212713771,6.056375241,7.903000422
531,6.1,16.9,16.02,402,166,2.801818182,4.063636364,5.042004562,5.876755088,7.64684303
532,8.3,14.4,10.81,402,167,2.682727273,3.955454545,4.871295354,5.697134934,7.390685638
533,4.4,17.9,15.04,402,168,2.563636364,3.847272727,4.700586145,5.51751478,7.134528247
534,10.3,18,17.73,402,169,2.444545455,3.739090909,4.529876936,5.337894627,6.878370855
535,6.3,17.4,15.15,402,170,2.325454545,3.630909091,4.359167727,5.158274473,6.622213463
536,9.4,13.1,9.72,402,171,2.206363636,3.522727273,4.188458519,4.97865432,6.366056071
537,6.2,17.2,25.98,402,172,2.087272727,3.414545455,4.01774931,4.799034166,6.109898679
538,6.6,19.7,28.34,402,173,1.968181818,3.306363636,3.847040101,4.619414012,5.853741287
539,6.9,18.4,20.65,402,174,1.849090909,3.198181818,3.676330892,4.439793859,5.597583895
540,7.9,24.3,29.3,402,175,1.73,3.09,3.505621684,4.260173705,5.341426504
541,5.8,26,29.97,402,176,1.610909091,2.981818182,3.334912475,4.080553551,5.085269112
542,5.6,21.1,26.62,402,177,1.491818182,2.873636364,3.164203266,3.900933398,4.82911172
543,8.9,23.7,27.69,402,178,1.372727273,2.765454545,2.993494057,3.721313244,4.572954328
544,9.7,26.9,29.7,402,179,1.253636364,2.657272727,2.822784848,3.54169309,4.316796936
545,10.2,18.6,22.76,402,180,1.134545455,2.549090909,2.65207564,3.362072937,4.060639544
546,9.5,20.7,29.74,402,181,1.015454545,2.440909091,2.481366431,3.182452783,3.804482152
547,9.1,25.9,30.13,402,182,0.896363636,2.332727273,2.310657222,3.00283263,3.54832476
548,9.8,17.2,15.97,402,183,0.777272727,2.224545455,2.139948013,2.823212476,3.292167369
549,11.5,20.7,27.55,402,184,0.658181818,2.116363636,1.969238805,2.643592322,3.036009977
550,8.8,24.4,25.85,402,185,0.539090909,2.008181818,1.798529596,2.463972169,2.779852585
551,10.8,21.5,18.21,402,186,0.42,1.9,1.627820387,2.284352015,2.523695193
552,12.3,23,22.47,402,187,0.42,1.9,1.627820387,2.284352015,2.523695193
553,8.5,25.3,23.5,402,188,0.42,1.9,1.627820387,2.284352015,2.523695193
554,11.9,26.4,20.91,402,189,0.42,1.9,1.627820387,2.284352015,2.523695193
555,12.8,17.5,12.92,402,190,0.42,1.9,1.627820387,2.284352015,2.523695193
556,11.6,17.9,10.02,402,191,0.42,1.9,1.627820387,2.284352015,2.523695193
557,9.6,20.2,22.95,402,192,0.42,1.9,1.627820387,2.284352015,2.523695193
558,12,18.4,8.82,402,193,0.42,1.9,1.627820387,2.284352015,2.523695193
559,12.1,22.4,17.39,402,194,0.42,1.9,1.627820387,2.284352015,2.523695193
560,12.4,24.4,26.79,402,195,0.42,1.9,1.627820387,2.284352015,2.523695193
561,12.8,25.6,26.96,402,196,0.42,1.9,1.627820387,2.284352015,2.523695193
562,14.5,21.7,10.34,402,197,0.42,1.9,1.627820387,2.284352015,2.523695193
563,11,19,14.52,402,198,0.42,1.9,1.627820387,2.284352015,2.523695193
564,8.3,20.4,12.17,402,199,0.42,1.9,1.627820387,2.284352015,2.523695193
565,10.5,22.8,20.24,402,200,0.42,1.9,1.627820387,2.284352015,2.523695193
566,9.3,17.4,7.46,402,201,0.42,1.9,1.627820387,2.284352015,2.523695193
567,12.6,23.6,16.15,402,202,0.42,1.9,1.627820387,2.284352015,2.523695193
568,13,26.3,20.59,402,203,0.42,1.9,1.627820387,2.284352015,2.523695193
569,16.4,26,22.09,402,204,0.42,1.9,1.627820387,2.284352015,2.523695193
570,15.3,21.3,13.12,402,205,0.42,1.9,1.627820387,2.284352015,2.523695193
571,8,24.7,22.6,402,206,0.42,1.9,1.627820387,2.284352015,2.523695193
572,9.4,27.2,18.23,402,207,0.42,1.9,1.627820387,2.284352015,2.523695193
573,14.5,28.8,20.1,402,208,0.42,1.9,1.627820387,2.284352015,2.523695193
574,16.6,19.6,14.22,402,209,0.42,1.9,1.627820387,2.284352015,2.523695193
575,7.8,18.8,4.22,402,210,0.42,1.9,1.627820387,2.284352015,2.523695193
576,9.4,22.1,15.26,402,211,0.42,1.9,1.627820387,2.284352015,2.523695193
577,10.1,21,18.19,402,212,0.42,1.9,1.627820387,2.284352015,2.523695193
578,13.5,19.3,9.05,402,213,0.42,1.9,1.627820387,2.284352015,2.523695193
579,14,25.6,22.56,402,214,0.42,1.9,1.627820387,2.284352015,2.523695193
580,15.6,24.3,11.82,402,215,0.42,1.9,1.627820387,2.284352015,2.523695193
581,11.2,23.2,19.74,402,216,0.42,1.9,1.627820387,2.284352015,2.523695193
582,10.1,22.8,19.49,402,217,0.42,1.9,1.627820387,2.284352015,2.523695193
583,14.4,22.9,19.33,402,218,0.42,1.9,1.627820387,2.284352015,2.523695193
584,15.4,22.4,15.4,402,219,0.42,1.9,1.627820387,2.284352015,2.523695193
585,8.9,21.5,16.23,402,220,0.42,1.9,1.627820387,2.284352015,2.523695193
586,7.3,20.6,22.1,402,221,0.42,1.9,1.627820387,2.284352015,2.523695193
587,7.3,17.5,11.65,402,222,0.42,1.9,1.627820387,2.284352015,2.523695193
588,6.4,19.4,16.61,402,223,0.42,1.9,1.627820387,2.284352015,2.523695193
589,12.7,16.3,4.14,402,224,0.42,1.9,1.627820387,2.284352015,2.523695193
590,14.7,16.7,5.93,402,225,0.42,1.9,1.627820387,2.284352015,2.523695193
591,11.4,20.7,10.03,402,226,0.42,1.9,1.627820387,2.284352015,2.523695193
592,15.5,22.9,14.58,402,227,0.42,1.9,1.627820387,2.284352015,2.523695193
593,10,19.7,18.21,402,228,0.42,1.9,1.627820387,2.284352015,2.523695193
594,8.8,18.3,10.79,402,229,0.42,1.9,1.627820387,2.284352015,2.523695193
595,13.8,19,7.63,402,230,0.42,1.9,1.627820387,2.284352015,2.523695193
596,15.3,17.2,10.97,402,231,0.42,1.9,1.627820387,2.284352015,2.523695193
597,11.7,20,13.69,402,232,0.42,1.9,1.627820387,2.284352015,2.523695193
598,13.5,21,9.65,402,233,0.42,1.9,1.627820387,2.284352015,2.523695193
599,15.3,20.5,10.91,402,234,0.42,1.9,1.627820387,2.284352015,2.523695193
600,8.2,15.8,7.81,402,235,0.42,1.9,1.627820387,2.284352015,2.523695193
601,6.1,16.5,17.63,402,236,0.42,1.9,1.627820387,2.284352015,2.523695193
602,7.6,17.2,19.76,402,237,0.42,1.9,1.627820387,2.284352015,2.523695193
603,7.9,14.7,6.02,402,238,0.42,1.9,1.627820387,2.284352015,2.523695193
604,9.5,17.8,11.64,402,239,0.42,1.9,1.627820387,2.284352015,2.523695193
605,9.9,17.5,11.67,402,240,0.42,1.9,1.627820387,2.284352015,2.523695193
606,10.4,19.2,18.52,402,241,0.42,1.9,1.627820387,2.284352015,2.523695193
607,5.7,17.2,11.24,402,242,0.42,1.9,1.627820387,2.284352015,2.523695193
608,3.5,20.5,17.1,402,243,0.42,1.9,1.627820387,2.284352015,2.523695193
609,7.4,18.9,5.9,402,244,0.42,1.9,1.627820387,2.284352015,2.523695193
610,14.3,22.9,8.55,402,245,0.42,1.9,1.627820387,2.284352015,2.523695193
611,11.8,12.3,4.93,402,246,0.42,1.9,1.627820387,2.284352015,2.523695193
612,9.8,15.2,12.2,402,247,0.42,1.9,1.627820387,2.284352015,2.523695193
613,5,18.5,15.88,402,248,0.42,1.9,1.627820387,2.284352015,2.523695193
614,5.5,15.6,11.77,402,249,0.42,1.9,1.627820387,2.284352015,2.523695193
615,5.6,16.2,6.99,402,250,0.42,1.9,1.627820387,2.284352015,2.523695193
616,6.8,18.2,8.32,402,251,0.42,1.9,1.627820387,2.284352015,2.523695193
617,9.8,18.2,9.57,402,252,0.42,1.9,1.627820387,2.284352015,2.523695193
618,9,15.3,5.87,402,253,0.42,1.9,1.627820387,2.284352015,2.523695193
619,10.4,17.3,10.205,402,254,0.42,1.9,1.627820387,2.284352015,2.523695193
620,9,16.2,14.54,402,255,0.42,1.9,1.627820387,2.284352015,2.523695193
621,7.3,15.5,9.83,402,256,0.42,1.9,1.627820387,2.284352015,2.523695193
622,10,17.4,7.69,402,257,0.42,1.9,1.627820387,2.284352015,2.523695193
623,5.4,17.5,9.83,402,258,0.42,1.9,1.627820387,2.284352015,2.523695193
624,9.9,17.5,12.05,402,259,0.42,1.9,1.627820387,2.284352015,2.523695193
625,8.6,18.3,6.07,402,260,0.42,1.9,1.627820387,2.284352015,2.523695193
626,9.8,19.3,7.7,402,261,0.42,1.9,1.627820387,2.284352015,2.523695193
627,11.4,17.7,10.09,402,262,0.42,1.9,1.627820387,2.284352015,2.523695193
628,7.5,13.7,8.65,402,263,0.42,1.9,1.627820387,2.284352015,2.523695193
629,6,13.9,12.13,402,264,0.42,1.9,1.627820387,2.284352015,2.523695193
630,5.6,14.2,12.14,402,265,0.42,1.9,1.627820387,2.284352015,2.523695193
631,1.3,12.8,12.51,402,266,0.42,1.9,1.627820387,2.284352015,2.523695193
632,2.8,15,14.19,402,267,0.42,1.9,1.627820387,2.284352015,2.523695193
633,3.6,15.5,9.13,402,268,0.42,1.9,1.627820387,2.284352015,2.523695193
634,9.7,20.6,8.61,402,269,0.42,1.9,1.627820387,2.284352015,2.523695193
635,14.2,17.2,5.99,402,270,0.42,1.9,1.627820387,2.284352015,2.523695193
636,4,14.1,11.73,402,271,0.42,1.9,1.627820387,2.284352015,2.523695193
637,6.2,13.5,12.32,402,272,0.42,1.9,1.627820387,2.284352015,2.523695193
638,5.1,13,9.56,402,273,0.42,1.9,1.627820387,2.284352015,2.523695193
639,2,13.3,6.46,402,274,0.42,1.9,1.627820387,2.284352015,2.523695193
640,7.6,14.1,10.16,402,275,0.42,1.9,1.627820387,2.284352015,2.523695193
641,4.9,17.3,6.25,402,276,0.42,1.9,1.627820387,2.284352015,2.523695193
642,9.4,17.2,7.65,402,277,0.42,1.9,1.627820387,2.284352015,2.523695193
643,7.6,12.7,7.73,402,278,0.42,1.9,1.627820387,2.284352015,2.523695193
644,4.3,10.9,8.69,402,279,0.42,1.9,1.627820387,2.284352015,2.523695193
645,0.7,13.1,3.98,402,280,0.42,1.9,1.627820387,2.284352015,2.523695193
646,6.9,15.9,4.44,402,281,0.42,1.9,1.627820387,2.284352015,2.523695193
647,12.6,14.4,2.31,402,282,0.42,1.9,1.627820387,2.284352015,2.523695193
648,10,21.2,10.22,402,283,0.42,1.9,1.627820387,2.284352015,2.523695193
649,11.2,18.1,3.87,402,284,0.42,1.9,1.627820387,2.284352015,2.523695193
650,5,17.7,3.44,402,285,0.42,1.9,1.627820387,2.284352015,2.523695193
651,11.1,16.5,2.14,402,286,0.42,1.9,1.627820387,2.284352015,2.523695193
652,7.1,12.7,3.71,402,287,0.42,1.9,1.627820387,2.284352015,2.523695193
653,0.8,12.6,7.34,402,288,0.42,1.9,1.627820387,2.284352015,2.523695193
654,3.9,15.1,4.48,402,289,0.42,1.9,1.627820387,2.284352015,2.523695193
655,7.5,13,4.64,402,290,0.42,1.9,1.627820387,2.284352015,2.523695193
656,7.5,13,4.64,402,290,0.42,1.9,1.627820387,2.284352015,2.523695193
657,7.5,13,4.64,402,290,0.42,1.9,1.627820387,2.284352015,2.523695193
658,7.5,13,4.64,402,290,0.42,1.9,1.627820387,2.284352015,2.523695193
659,7.5,13,4.64,402,290,0.42,1.9,1.627820387,2.284352015,2.523695193
660,7.5,13,4.64,402,290,0.42,1.9,1.627820387,2.284352015,2.523695193
661,7.5,13,4.64,402,290,0.42,1.9,1.627820387,2.284352015,2.523695193
662,7.5,13,4.64,402,290,0.42,1.9,1.627820387,2.284352015,2.523695193
663,7.5,13,4.64,402,290,0.42,1.9,1.627820387,2.284352015,2.523695193
664,7.5,13,4.64,402,290,0.42,1.9,1.627820387,2.284352015,2.523695193
665,7.5,13,4.64,402,290,0.42,1.9,1.627820387,2.284352015,2.523695193
666,7.5,13,4.64,402,290,0.42,1.9,1.627820387,2.284352015,2.523695193
667,7.5,13,4.64,402,290,0.42,1.9,1.627820387,2.284352015,2.523695193
668,7.5,13,4.64,402,290,0.42,1.9,1.627820387,2.284352015,2.523695193
669,7.5,13,4.64,402,290,0.42,1.9,1.627820387,2.284352015,2.523695193
670,7.5,13,4.64,402,290,0.42,1.9,1.627820387,2.284352015,2.523695193
671,7.5,13,4.64,402,290,0.42,1.9,1.627820387,2.284352015,2.523695193
672,7.5,13,4.64,402,290,0.42,1.9,1.627820387,2.284352015,2.523695193
673,7.5,13,4.64,402,290,0.42,1.9,1.627820387,2.284352015,2.523695193
674,7.5,13,4.64,402,290,0.42,1.9,1.627820387,2.284352015,2.523695193
675,7.5,13,4.64,402,290,0.42,1.9,1.627820387,2.284352015,2.523695193
676,7.5,13,4.64,402,290,0.42,1.9,1.627820387,2.284352015,2.523695193
677,7.5,13,4.64,402,290,0.42,1.9,1.627820387,2.284352015,2.523695193
678,7.5,13,4.64,402,290,0.42,1.9,1.627820387,2.284352015,2.523695193
679,7.5,13,4.64,402,290,0.42,1.9,1.627820387,2.284352015,2.523695193
680,7.5,13,4.64,402,290,0.42,1.9,1.627820387,2.284352015,2.523695193
681,7.5,13,4.64,402,290,0.42,1.9,1.627820387,2.284352015,2.523695193
682,7.5,13,4.64,402,290,0.42,1.9,1.627820387,2.284352015,2.523695193
683,7.5,13,4.64,402,290,0.42,1.9,1.627820387,2.284352015,2.523695193
684,7.5,13,4.64,402,290,0.42,1.9,1.627820387,2.284352015,2.523695193
685,7.5,13,4.64,402,290,0.42,1.9,1.627820387,2.284352015,2.523695193
686,7.5,13,4.64,402,290,0.42,1.9,1.627820387,2.284352015,2.523695193
687,7.5,13,4.64,402,290,0.42,1.9,1.627820387,2.284352015,2.523695193
688,7.5,13,4.64,402,290,0.42,1.9,1.627820387,2.284352015,2.523695193
689,7.5,13,4.64,402,290,0.42,1.9,1.627820387,2.284352015,2.523695193
690,7.5,13,4.64,402,290,0.42,1.9,1.627820387,2.284352015,2.523695193
691,7.5,13,4.64,402,290,0.42,1.9,1.627820387,2.284352015,2.523695193
692,7.5,13,4.64,402,290,0.42,1.9,1.627820387,2.284352015,2.523695193
693,7.5,13,4.64,402,290,0.42,1.9,1.627820387,2.284352015,2.523695193
694,7.5,13,4.64,402,290,0.42,1.9,1.627820387,2.284352015,2.523695193
695,7.5,13,4.64,402,290,0.42,1.9,1.627820387,2.284352015,2.523695193
696,7.5,13,4.64,402,290,0.42,1.9,1.627820387,2.284352015,2.523695193
697,7.5,13,4.64,402,290,0.42,1.9,1.627820387,2.284352015,2.523695193
698,7.5,13,4.64,402,290,0.42,1.9,1.627820387,2.284352015,2.523695193
699,7.5,13,4.64,402,290,0.42,1.9,1.627820387,2.284352015,2.523695193
700,7.5,13,4.64,402,290,0.42,1.9,1.627820387,2.284352015,2.523695193
701,7.5,13,4.64,402,290,0.42,1.9,1.627820387,2.284352015,2.523695193
702,7.5,13,4.64,402,290,0.42,1.9,1.627820387,2.284352015,2.523695193
703,7.5,13,4.64,402,290,0.42,1.9,1.627820387,2.284352015,2.523695193
704,7.5,13,4.64,402,290,0.42,1.9,1.627820387,2.284352015,2.523695193
705,7.5,13,4.64,402,290,0.42,1.9,1.627820387,2.284352015,2.523695193
706,7.5,13,4.64,402,290,0.42,1.9,1.627820387,2.284352015,2.523695193
707,7.5,13,4.64,402,290,0.42,1.9,1.627820387,2.284352015,2.523695193
708,7.5,13,4.64,402,290,0.42,1.9,1.627820387,2.284352015,2.523695193
709,7.5,13,4.64,402,290,0.42,1.9,1.627820387,2.284352015,2.523695193
710,7.5,13,4.64,402,290,0.42,1.9,1.627820387,2.284352015,2.523695193
711,7.5,13,4.64,402,290,0.42,1.9,1.627820387,2.284352015,2.523695193
712,7.5,13,4.64,402,290,0.42,1.9,1.627820387,2.284352015,2.523695193
713,7.5,13,4.64,402,290,0.42,1.9,1.627820387,2.284352015,2.523695193
714,7.5,13,4.64,402,290,0.42,1.9,1.627820387,2.284352015,2.523695193
715,7.5,13,4.64,402,290,0.42,1.9,1.627820387,2.284352015,2.523695193
716,7.5,13,4.64,402,290,0.42,1.9,1.627820387,2.284352015,2.523695193
717,7.5,13,4.64,402,290,0.42,1.9,1.627820387,2.284352015,2.523695193
718,7.5,13,4.64,402,290,0.42,1.9,1.627820387,2.284352015,2.523695193
719,7.5,13,4.64,402,290,0.42,1.9,1.627820387,2.284352015,2.523695193
720,7.5,13,4.64,402,290,0.42,1.9,1.627820387,2.284352015,2.523695193
721,7.5,13,4.64,402,290,0.42,1.9,1.627820387,2.284352015,2.523695193
722,7.5,13,4.64,402,290,0.42,1.9,1.627820387,2.284352015,2.523695193
723,7.5,13,4.64,402,290,0.42,1.9,1.627820387,2.284352015,2.523695193
724,7.5,13,4.64,402,290,0.42,1.9,1.627820387,2.284352015,2.523695193
725,7.5,13,4.64,402,290,0.42,1.9,1.627820387,2.284352015,2.523695193
726,7.5,13,4.64,402,290,0.42,1.9,1.627820387,2.284352015,2.523695193
727,7.5,13,4.64,402,290,0.42,1.9,1.627820387,2.284352015,2.523695193
728,7.5,13,4.64,402,290,0.42,1.9,1.627820387,2.284352015,2.523695193
729,7.5,13,4.64,402,290,0.42,1.9,1.627820387,2.284352015,2.523695193
730,7.5,13,4.64,402,290,0.42,1.9,1.627820387,2.284352015,2.523695193
