run_day,Leaf mass: g 0,Leaf mass: g 50,Leaf mass: g 100,Leaf mass: g 150,Leaf mass: g 200
1,1.565600,2.140000,0.932100,3.858800,2.259400
2,1.565600,2.140000,0.932100,3.858800,2.259400
3,1.565600,2.140000,0.932100,3.858800,2.259400
4,1.565600,2.140000,0.932100,3.858800,2.259400
5,1.565600,2.140000,0.932100,3.858800,2.259400
6,1.565600,2.140000,0.932100,3.858800,2.259400
7,1.565600,2.140000,0.932100,3.858800,2.259400
8,1.565600,2.140000,0.932100,3.858800,2.259400
9,1.565600,2.140000,0.932100,3.858800,2.259400
10,1.565600,2.140000,0.932100,3.858800,2.259400
11,1.565600,2.140000,0.932100,3.858800,2.259400
12,1.565600,2.140000,0.932100,3.858800,2.259400
13,1.565600,2.140000,0.932100,3.858800,2.259400
14,1.565600,2.140000,0.932100,3.858800,2.259400
15,1.565600,2.140000,0.932100,3.858800,2.259400
16,1.565600,2.140000,0.932100,3.858800,2.259400
17,1.565600,2.140000,0.932100,3.858800,2.259400
18,1.565600,2.140000,0.932100,3.858800,2.259400
19,1.565600,2.140000,0.932100,3.858800,2.259400
20,1.565600,2.140000,0.932100,3.858800,2.259400
21,1.565600,2.140000,0.932100,3.858800,2.259400
22,1.565600,2.140000,0.932100,3.858800,2.259400
23,1.565600,2.140000,0.932100,3.858800,2.259400
24,1.565600,2.140000,0.932100,3.858800,2.259400
25,1.565600,2.140000,0.932100,3.858800,2.259400
26,1.565600,2.140000,0.932100,3.858800,2.259400
27,1.565600,2.140000,0.932100,3.858800,2.259400
28,1.565600,2.140000,0.932100,3.858800,2.259400
29,1.565600,2.140000,0.932100,3.858800,2.259400
30,1.565600,2.140000,0.932100,3.858800,2.259400
31,1.565600,2.140000,0.932100,3.858800,2.259400
32,1.565600,2.140000,0.932100,3.858800,2.259400
33,1.565600,2.140000,0.932100,3.858800,2.259400
34,1.565600,2.140000,0.932100,3.858800,2.259400
35,1.565600,2.140000,0.932100,3.858800,2.259400
36,1.565600,2.140000,0.932100,3.858800,2.259400
37,1.565600,2.140000,0.932100,3.858800,2.259400
38,1.565600,2.140000,0.932100,3.858800,2.259400
39,1.565600,2.140000,0.932100,3.858800,2.259400
40,1.565600,2.140000,0.932100,3.858800,2.259400
41,1.565600,2.140000,0.932100,3.858800,2.259400
42,1.565600,2.140000,0.932100,3.858800,2.259400
43,1.565600,2.140000,0.932100,3.858800,2.259400
44,1.565600,2.140000,0.932100,3.858800,2.259400
45,1.565600,2.140000,0.932100,3.858800,2.259400
46,1.565600,2.140000,0.932100,3.858800,2.259400
47,1.565600,2.140000,0.932100,3.858800,2.259400
48,1.565600,2.140000,0.932100,3.858800,2.259400
49,1.565600,2.140000,0.932100,3.858800,2.259400
50,1.565600,2.140000,0.932100,3.858800,2.259400
51,1.565600,2.140000,0.932100,3.858800,2.259400
52,1.565600,2.140000,0.932100,3.858800,2.259400
53,1.565600,2.140000,0.932100,3.858800,2.259400
54,1.565600,2.140000,0.932100,3.858800,2.259400
55,1.565600,2.140000,0.932100,3.858800,2.259400
56,1.565600,2.140000,0.932100,3.858800,2.259400
57,1.565600,2.140000,0.932100,3.858800,2.259400
58,1.565600,2.140000,0.932100,3.858800,2.259400
59,1.565600,2.140000,0.932100,3.858800,2.259400
60,1.565600,2.140000,0.932100,3.858800,2.259400
61,1.565600,2.140000,0.932100,3.858800,2.259400
62,1.565600,2.140000,0.932100,3.858800,2.259400
63,1.565600,2.140000,0.932100,3.858800,2.259400
64,1.565600,2.140000,0.932100,3.858800,2.259400
65,1.565600,2.140000,0.932100,3.858800,2.259400
66,1.565600,2.140000,0.932100,3.858800,2.259400
67,1.565600,2.140000,0.932100,3.858800,2.259400
68,1.565600,2.140000,0.932100,3.858800,2.259400
69,1.565600,2.140000,0.932100,3.858800,2.259400
70,1.565600,2.140000,0.932100,3.858800,2.259400
71,1.565600,2.140000,0.932100,3.858800,2.259400
72,1.565600,2.140000,0.932100,3.858800,2.259400
73,1.565600,2.140000,0.932100,3.858800,2.259400
74,1.565600,2.140000,0.932100,3.858800,2.259400
75,1.565600,2.140000,0.932100,3.858800,2.259400
76,1.565600,2.140000,0.932100,3.858800,2.259400
77,1.565600,2.140000,0.932100,3.858800,2.259400
78,1.565600,2.140000,0.932100,3.858800,2.259400
79,1.565600,2.140000,0.932100,3.858800,2.259400
80,1.565600,2.140000,0.932100,3.858800,2.259400
81,1.565600,2.140000,0.932100,3.858800,2.259400
82,1.565600,2.140000,0.932100,3.858800,2.259400
83,1.565600,2.140000,0.932100,3.858800,2.259400
84,1.565600,2.140000,0.932100,3.858800,2.259400
85,1.565600,2.140000,0.932100,3.858800,2.259400
86,1.565600,2.140000,0.932100,3.858800,2.259400
87,1.565600,2.140000,0.932100,3.858800,2.259400
88,1.565600,2.140000,0.932100,3.858800,2.259400
89,1.565600,2.140000,0.932100,3.858800,2.259400
90,1.565600,2.140000,0.932100,3.858800,2.259400
91,1.565600,2.140000,0.932100,3.858800,2.259400
92,1.565600,2.140000,0.932100,3.858800,2.259400
93,1.565600,2.140000,0.932100,3.858800,2.259400
94,1.565600,2.140000,0.932100,3.858800,2.259400
95,1.565600,2.140000,0.932100,3.858800,2.259400
96,1.565600,2.140000,0.932100,3.858800,2.259400
97,1.565600,2.140000,0.932100,3.858800,2.259400
98,1.565600,2.140000,0.932100,3.858800,2.259400
99,1.565600,2.140000,0.932100,3.858800,2.259400
100,1.565600,2.140000,0.932100,3.858800,2.259400
101,1.565600,2.140000,0.932100,3.858800,2.259400
102,1.565600,2.140000,0.932100,3.858800,2.259400
103,1.565600,2.140000,0.932100,3.858800,2.259400
104,1.565600,2.140000,0.932100,3.858800,2.259400
105,1.565600,2.140000,0.932100,3.858800,2.259400
106,1.565600,2.140000,0.932100,3.858800,2.259400
107,1.565600,2.140000,0.932100,3.858800,2.259400
108,1.565600,2.140000,0.932100,3.858800,2.259400
109,1.565600,2.140000,0.932100,3.858800,2.259400
110,1.565600,2.140000,0.932100,3.858800,2.259400
111,1.565600,2.140000,0.932100,3.858800,2.259400
112,1.565600,2.140000,0.932100,3.858800,2.259400
113,1.565600,2.140000,0.932100,3.858800,2.259400
114,1.565600,2.140000,0.932100,3.858800,2.259400
115,1.565600,2.140000,0.932100,3.858800,2.259400
116,1.565600,2.140000,0.932100,3.858800,2.259400
117,1.565600,2.140000,0.932100,3.858800,2.259400
118,1.565600,2.140000,0.932100,3.858800,2.259400
119,1.565600,2.140000,0.932100,3.858800,2.259400
120,1.565600,2.140000,0.932100,3.858800,2.259400
121,1.565600,2.140000,0.932100,3.858800,2.259400
122,1.565600,2.140000,0.932100,3.858800,2.259400
123,1.565600,2.140000,0.932100,3.858800,2.259400
124,1.565600,2.140000,0.932100,3.858800,2.259400
125,1.565600,2.140000,0.932100,3.858800,2.259400
126,1.565600,2.140000,0.932100,3.858800,2.259400
127,1.565600,2.140000,0.932100,3.858800,2.259400
128,1.565600,2.140000,0.932100,3.858800,2.259400
129,1.565600,2.140000,0.932100,3.858800,2.259400
130,1.565600,2.140000,0.932100,3.858800,2.259400
131,1.565600,2.140000,0.932100,3.858800,2.259400
132,1.565600,2.140000,0.932100,3.858800,2.259400
133,1.565600,2.140000,0.932100,3.858800,2.259400
134,1.565600,2.140000,0.932100,3.858800,2.259400
135,1.565600,2.140000,0.932100,3.858800,2.259400
136,1.565600,2.140000,0.932100,3.858800,2.259400
137,1.565600,2.140000,0.932100,3.858800,2.259400
138,1.565600,2.140000,0.932100,3.858800,2.259400
139,1.565600,2.140000,0.932100,3.858800,2.259400
140,1.565600,2.140000,0.932100,3.858800,2.259400
141,1.565600,2.140000,0.932100,3.858800,2.259400
142,1.565600,2.140000,0.932100,3.858800,2.259400
143,1.565600,2.140000,0.932100,3.858800,2.259400
144,1.565600,2.140000,0.932100,3.858800,2.259400
145,1.565600,2.140000,0.932100,3.858800,2.259400
146,1.565600,2.140000,0.932100,3.858800,2.259400
147,1.565600,2.140000,0.932100,3.858800,2.259400
148,1.565600,2.140000,0.932100,3.858800,2.259400
149,1.565600,2.140000,0.932100,3.858800,2.259400
150,1.565600,2.140000,0.932100,3.858800,2.259400
151,1.565600,2.140000,0.932100,3.858800,2.259400
152,1.565600,2.140000,0.932100,3.858800,2.259400
153,1.565600,2.140000,0.932100,3.858800,2.259400
154,1.565600,2.140000,0.932100,3.858800,2.259400
155,1.565600,2.140000,0.932100,3.858800,2.259400
156,1.565600,2.140000,0.932100,3.858800,2.259400
157,1.565600,2.140000,0.932100,3.858800,2.259400
158,1.565600,2.140000,0.932100,3.858800,2.259400
159,1.565600,2.140000,0.932100,3.858800,2.259400
160,1.565600,2.140000,0.932100,3.858800,2.259400
161,1.565600,2.140000,0.932100,3.858800,2.259400
162,1.565600,2.140000,0.932100,3.858800,2.259400
163,1.565600,2.140000,0.932100,3.858800,2.259400
164,1.565600,2.140000,0.932100,3.858800,2.259400
165,1.565600,2.140000,0.932100,3.858800,2.259400
166,1.565600,2.140000,0.932100,3.858800,2.259400
167,1.565600,2.140000,0.932100,3.858800,2.259400
168,1.565600,2.140000,0.932100,3.858800,2.259400
169,1.565600,2.140000,0.932100,3.858800,2.259400
170,1.565600,2.140000,0.932100,3.858800,2.259400
171,1.565600,2.140000,0.932100,3.858800,2.259400
172,1.565600,2.140000,0.932100,3.858800,2.259400
173,1.565600,2.140000,0.932100,3.858800,2.259400
174,1.565600,2.140000,0.932100,3.858800,2.259400
175,1.565600,2.140000,0.932100,3.858800,2.259400
176,1.565600,2.140000,0.932100,3.858800,2.259400
177,1.565600,2.140000,0.932100,3.858800,2.259400
178,1.565600,2.140000,0.932100,3.858800,2.259400
179,1.565600,2.140000,0.932100,3.858800,2.259400
180,1.565600,2.140000,0.932100,3.858800,2.259400
181,1.565600,2.140000,0.932100,3.858800,2.259400
182,1.565600,2.140000,0.932100,3.858800,2.259400
183,1.565600,2.140000,0.932100,3.858800,2.259400
184,1.565600,2.140000,0.932100,3.858800,2.259400
185,1.565600,2.140000,0.932100,3.858800,2.259400
186,1.565600,2.140000,0.932100,3.858800,2.259400
187,1.565600,2.140000,0.932100,3.858800,2.259400
188,1.565600,2.140000,0.932100,3.858800,2.259400
189,1.565600,2.140000,0.932100,3.858800,2.259400
190,1.565600,2.140000,0.932100,3.858800,2.259400
191,1.565600,2.140000,0.932100,3.858800,2.259400
192,1.565600,2.140000,0.932100,3.858800,2.259400
193,1.565600,2.140000,0.932100,3.858800,2.259400
194,1.565600,2.140000,0.932100,3.858800,2.259400
195,1.565600,2.140000,0.932100,3.858800,2.259400
196,1.565600,2.140000,0.932100,3.858800,2.259400
197,1.565600,2.140000,0.932100,3.858800,2.259400
198,1.565600,2.140000,0.932100,3.858800,2.259400
199,1.565600,2.140000,0.932100,3.858800,2.259400
200,1.565600,2.140000,0.932100,3.858800,2.259400
201,1.565600,2.140000,0.932100,3.858800,2.259400
202,1.565600,2.140000,0.932100,3.858800,2.259400
203,1.565600,2.140000,0.932100,3.858800,2.259400
204,1.565600,2.140000,0.932100,3.858800,2.259400
205,1.565600,2.140000,0.932100,3.858800,2.259400
206,1.565600,2.140000,0.932100,3.858800,2.259400
207,1.565600,2.140000,0.932100,3.858800,2.259400
208,1.565600,2.140000,0.932100,3.858800,2.259400
209,1.565600,2.140000,0.932100,3.858800,2.259400
210,1.565600,2.140000,0.932100,3.858800,2.259400
211,1.565600,2.140000,0.932100,3.858800,2.259400
212,1.565600,2.140000,0.932100,3.858800,2.259400
213,1.565600,2.140000,0.932100,3.858800,2.259400
214,1.565600,2.140000,0.932100,3.858800,2.259400
215,1.565600,2.140000,0.932100,3.858800,2.259400
216,1.565600,2.140000,0.932100,3.858800,2.259400
217,1.565600,2.140000,0.932100,3.858800,2.259400
218,1.565600,2.140000,0.932100,3.858800,2.259400
219,1.565600,2.140000,0.932100,3.858800,2.259400
220,1.565600,2.140000,0.932100,3.858800,2.259400
221,1.565600,2.140000,0.932100,3.858800,2.259400
222,1.565600,2.140000,0.932100,3.858800,2.259400
223,1.565600,2.140000,0.932100,3.858800,2.259400
224,1.565600,2.140000,0.932100,3.858800,2.259400
225,1.565600,2.140000,0.932100,3.858800,2.259400
226,1.565600,2.140000,0.932100,3.858800,2.259400
227,1.565600,2.140000,0.932100,3.858800,2.259400
228,1.565600,2.140000,0.932100,3.858800,2.259400
229,1.565600,2.140000,0.932100,3.858800,2.259400
230,1.565600,2.140000,0.932100,3.858800,2.259400
231,1.565600,2.140000,0.932100,3.858800,2.259400
232,1.565600,2.140000,0.932100,3.858800,2.259400
233,1.565600,2.140000,0.932100,3.858800,2.259400
234,1.565600,2.140000,0.932100,3.858800,2.259400
235,1.565600,2.140000,0.932100,3.858800,2.259400
236,1.565600,2.140000,0.932100,3.858800,2.259400
237,1.565600,2.140000,0.932100,3.858800,2.259400
238,1.565600,2.140000,0.932100,3.858800,2.259400
239,1.565600,2.140000,0.932100,3.858800,2.259400
240,1.565600,2.140000,0.932100,3.858800,2.259400
241,1.565600,2.140000,0.932100,3.858800,2.259400
242,1.565600,2.140000,0.932100,3.858800,2.259400
243,1.565600,2.140000,0.932100,3.858800,2.259400
244,1.565600,2.140000,0.932100,3.858800,2.259400
245,1.565600,2.140000,0.932100,3.858800,2.259400
246,1.565600,2.140000,0.932100,3.858800,2.259400
247,1.565600,2.140000,0.932100,3.858800,2.259400
248,1.565600,2.140000,0.932100,3.858800,2.259400
249,1.565600,2.140000,0.932100,3.858800,2.259400
250,1.565600,2.140000,0.932100,3.858800,2.259400
251,1.565600,2.140000,0.932100,3.858800,2.259400
252,1.565600,2.140000,0.932100,3.858800,2.259400
253,1.565600,2.140000,0.932100,3.858800,2.259400
254,1.565600,2.140000,0.932100,3.858800,2.259400
255,1.565600,2.140000,0.932100,3.858800,2.259400
256,1.565600,2.140000,0.932100,3.858800,2.259400
257,1.565600,2.140000,0.932100,3.858800,2.259400
258,1.565600,2.140000,0.932100,3.858800,2.259400
259,1.565600,2.140000,0.932100,3.858800,2.259400
260,1.565600,2.140000,0.932100,3.858800,2.259400
261,1.565600,2.140000,0.932100,3.858800,2.259400
262,1.565600,2.140000,0.932100,3.858800,2.259400
263,1.565600,2.140000,0.932100,3.858800,2.259400
264,1.565600,2.140000,0.932100,3.858800,2.259400
265,1.565600,2.140000,0.932100,3.858800,2.259400
266,1.565600,2.140000,0.932100,3.858800,2.259400
267,1.565600,2.140000,0.932100,3.858800,2.259400
268,1.565600,2.140000,0.932100,3.858800,2.259400
269,1.565600,2.140000,0.932100,3.858800,2.259400
270,1.565600,2.140000,0.932100,3.858800,2.259400
271,1.565600,2.140000,0.932100,3.858800,2.259400
272,1.565600,2.140000,0.932100,3.858800,2.259400
273,1.565600,2.140000,0.932100,3.858800,2.259400
274,1.565600,2.140000,0.932100,3.858800,2.259400
275,1.565600,2.140000,0.932100,3.858800,2.259400
276,1.565600,2.140000,0.932100,3.858800,2.259400
277,1.565600,2.140000,0.932100,3.858800,2.259400
278,1.565600,2.140000,0.932100,3.858800,2.259400
279,1.565600,2.140000,0.932100,3.858800,2.259400
280,1.565600,2.140000,0.932100,3.858800,2.259400
281,1.565600,2.140000,0.932100,3.858800,2.259400
282,1.565600,2.140000,0.932100,3.858800,2.259400
283,1.565600,2.140000,0.932100,3.858800,2.259400
284,1.565600,2.140000,0.932100,3.858800,2.259400
285,1.565600,2.140000,0.932100,3.858800,2.259400
286,1.565600,2.140000,0.932100,3.858800,2.259400
287,1.565600,2.140000,0.932100,3.858800,2.259400
288,1.565600,2.140000,0.932100,3.858800,2.259400
289,1.565600,2.140000,0.932100,3.858800,2.259400
290,1.565600,2.140000,0.932100,3.858800,2.259400
291,1.565600,2.140000,0.932100,3.858800,2.259400
292,1.565600,2.140000,0.932100,3.858800,2.259400
293,1.565600,2.140000,0.932100,3.858800,2.259400
294,1.565600,2.140000,0.932100,3.858800,2.259400
295,1.565600,2.140000,0.932100,3.858800,2.259400
296,1.565600,2.140000,0.932100,3.858800,2.259400
297,1.565600,2.140000,0.932100,3.858800,2.259400
298,1.565600,2.140000,0.932100,3.858800,2.259400
299,1.565600,2.140000,0.932100,3.858800,2.259400
300,1.565600,2.140000,0.932100,3.858800,2.259400
301,1.565600,2.140000,0.932100,3.858800,2.259400
302,1.565600,2.140000,0.932100,3.858800,2.259400
303,1.565600,2.140000,0.932100,3.858800,2.259400
304,1.565600,2.140000,0.932100,3.858800,2.259400
305,1.565600,2.140000,0.932100,3.858800,2.259400
306,1.565600,2.140000,0.932100,3.858800,2.259400
307,1.565600,2.140000,0.932100,3.858800,2.259400
308,1.565600,2.140000,0.932100,3.858800,2.259400
309,1.565600,2.140000,0.932100,3.858800,2.259400
310,1.565600,2.140000,0.932100,3.858800,2.259400
311,1.565600,2.140000,0.932100,3.858800,2.259400
312,1.565600,2.140000,0.932100,3.858800,2.259400
313,1.565600,2.140000,0.932100,3.858800,2.259400
314,1.565600,2.140000,0.932100,3.858800,2.259400
315,1.565600,2.140000,0.932100,3.858800,2.259400
316,1.565600,2.140000,0.932100,3.858800,2.259400
317,1.565600,2.140000,0.932100,3.858800,2.259400
318,1.565600,2.140000,0.932100,3.858800,2.259400
319,1.565600,2.140000,0.932100,3.858800,2.259400
320,1.565600,2.140000,0.932100,3.858800,2.259400
321,1.565600,2.140000,0.932100,3.858800,2.259400
322,1.565600,2.140000,0.932100,3.858800,2.259400
323,1.565600,2.140000,0.932100,3.858800,2.259400
324,1.565600,2.140000,0.932100,3.858800,2.259400
325,1.565600,2.140000,0.932100,3.858800,2.259400
326,1.565600,2.140000,0.932100,3.858800,2.259400
327,1.565600,2.140000,0.932100,3.858800,2.259400
328,1.565600,2.140000,0.932100,3.858800,2.259400
329,1.565600,2.140000,0.932100,3.858800,2.259400
330,1.565600,2.140000,0.932100,3.858800,2.259400
331,1.565600,2.140000,0.932100,3.858800,2.259400
332,1.565600,2.140000,0.932100,3.858800,2.259400
333,1.565600,2.140000,0.932100,3.858800,2.259400
334,1.565600,2.140000,0.932100,3.858800,2.259400
335,1.565600,2.140000,0.932100,3.858800,2.259400
336,1.565600,2.140000,0.932100,3.858800,2.259400
337,1.565600,2.140000,0.932100,3.858800,2.259400
338,1.565600,2.140000,0.932100,3.858800,2.259400
339,1.565600,2.140000,0.932100,3.858800,2.259400
340,1.565600,2.140000,0.932100,3.858800,2.259400
341,1.565600,2.140000,0.932100,3.858800,2.259400
342,1.565600,2.140000,0.932100,3.858800,2.259400
343,1.565600,2.140000,0.932100,3.858800,2.259400
344,1.565600,2.140000,0.932100,3.858800,2.259400
345,1.565600,2.140000,0.932100,3.858800,2.259400
346,1.565600,2.140000,0.932100,3.858800,2.259400
347,1.565600,2.140000,0.932100,3.858800,2.259400
348,1.565600,2.140000,0.932100,3.858800,2.259400
349,1.565600,2.140000,0.932100,3.858800,2.259400
350,1.565600,2.140000,0.932100,3.858800,2.259400
351,1.565600,2.140000,0.932100,3.858800,2.259400
352,1.565600,2.140000,0.932100,3.858800,2.259400
353,1.565600,2.140000,0.932100,3.858800,2.259400
354,1.565600,2.140000,0.932100,3.858800,2.259400
355,1.565600,2.140000,0.932100,3.858800,2.259400
356,1.565600,2.140000,0.932100,3.858800,2.259400
357,1.565600,2.140000,0.932100,3.858800,2.259400
358,1.565600,2.140000,0.932100,3.858800,2.259400
359,1.565600,2.140000,0.932100,3.858800,2.259400
360,1.565600,2.140000,0.932100,3.858800,2.259400
361,1.565600,2.140000,0.932100,3.858800,2.259400
362,1.565600,2.140000,0.932100,3.858800,2.259400
363,1.565600,2.140000,0.932100,3.858800,2.259400
364,1.565600,2.140000,0.932100,3.858800,2.259400
365,1.565600,2.140000,0.932100,3.858800,2.259400
366,1.565600,2.140000,0.932100,3.858800,2.259400
367,1.565600,2.140000,0.932100,3.858800,2.259400
368,1.565600,2.140000,0.932100,3.858800,2.259400
369,1.565600,2.140000,0.932100,3.858800,2.259400
370,1.565600,2.140000,0.932100,3.858800,2.259400
371,1.565600,2.140000,0.932100,3.858800,2.259400
372,1.565600,2.140000,0.932100,3.858800,2.259400
373,1.565600,2.140000,0.932100,3.858800,2.259400
374,1.565600,2.140000,0.932100,3.858800,2.259400
375,1.565600,2.140000,0.932100,3.858800,2.259400
376,1.565600,2.140000,0.932100,3.858800,2.259400
377,1.565600,2.140000,0.932100,3.858800,2.259400
378,1.565600,2.140000,0.932100,3.858800,2.259400
379,1.565600,2.140000,0.932100,3.858800,2.259400
380,1.565600,2.140000,0.932100,3.858800,2.259400
381,1.565600,2.140000,0.932100,3.858800,2.259400
382,1.565600,2.140000,0.932100,3.858800,2.259400
383,1.565600,2.140000,0.932100,3.858800,2.259400
384,1.565600,2.140000,0.932100,3.858800,2.259400
385,1.565600,2.140000,0.932100,3.858800,2.259400
386,1.565600,2.140000,0.932100,3.858800,2.259400
387,1.565600,2.140000,0.932100,3.858800,2.259400
388,1.565600,2.140000,0.932100,3.858800,2.259400
389,1.565600,2.140000,0.932100,3.858800,2.259400
390,1.565600,2.140000,0.932100,3.858800,2.259400
391,1.565600,2.140000,0.932100,3.858800,2.259400
392,1.565600,2.140000,0.932100,3.858800,2.259400
393,1.565600,2.140000,0.932100,3.858800,2.259400
394,1.565600,2.140000,0.932100,3.858800,2.259400
395,1.565600,2.140000,0.932100,3.858800,2.259400
396,1.565600,2.140000,0.932100,3.858800,2.259400
397,1.565600,2.140000,0.932100,3.858800,2.259400
398,1.565600,2.140000,0.932100,3.858800,2.259400
399,1.565600,2.140000,0.932100,3.858800,2.259400
400,1.565600,2.140000,0.932100,3.858800,2.259400
401,1.565600,2.140000,0.932100,3.858800,2.259400
402,1.565600,2.140000,0.932100,3.858800,2.259400
403,1.565600,2.140000,0.932100,3.858800,2.259400
404,1.565600,2.140000,0.932100,3.858800,2.259400
405,1.565600,2.140000,0.932100,3.858800,2.259400
406,1.565600,2.140000,0.932100,3.858800,2.259400
407,1.565600,2.140000,0.932100,3.858800,2.259400
408,1.565600,2.140000,0.932100,3.858800,2.259400
409,1.565600,2.140000,0.932100,3.858800,2.259400
410,1.565600,2.140000,0.932100,3.858800,2.259400
411,1.565600,2.140000,0.932100,3.858800,2.259400
412,1.565600,2.140000,0.932100,3.858800,2.259400
413,1.565600,2.140000,0.932100,3.858800,2.259400
414,1.565600,2.140000,0.932100,3.858800,2.259400
415,1.565600,2.140000,0.932100,3.858800,2.259400
416,1.565600,2.140000,0.932100,3.858800,2.259400
417,1.565600,2.140000,0.932100,3.858800,2.259400
418,1.565600,2.140000,0.932100,3.858800,2.259400
419,1.565600,2.140000,0.932100,3.858800,2.259400
420,1.565600,2.140000,0.932100,3.858800,2.259400
421,1.565600,2.140000,0.932100,3.858800,2.259400
422,1.565600,2.140000,0.932100,3.858800,2.259400
423,1.565600,2.140000,0.932100,3.858800,2.259400
424,1.565600,2.140000,0.932100,3.858800,2.259400
425,1.565600,2.140000,0.932100,3.858800,2.259400
426,1.565600,2.140000,0.932100,3.858800,2.259400
427,1.565600,2.140000,0.932100,3.858800,2.259400
428,1.565600,2.140000,0.932100,3.858800,2.259400
429,1.565600,2.140000,0.932100,3.858800,2.259400
430,1.565600,2.140000,0.932100,3.858800,2.259400
431,1.565600,2.140000,0.932100,3.858800,2.259400
432,1.565600,2.140000,0.932100,3.858800,2.259400
433,1.565600,2.140000,0.932100,3.858800,2.259400
434,1.565600,2.140000,0.932100,3.858800,2.259400
435,1.565600,2.140000,0.932100,3.858800,2.259400
436,1.565600,2.140000,0.932100,3.858800,2.259400
437,1.565600,2.140000,0.932100,3.858800,2.259400
438,1.565600,2.140000,0.932100,3.858800,2.259400
439,1.565600,2.140000,0.932100,3.858800,2.259400
440,1.565600,2.140000,0.932100,3.858800,2.259400
441,1.565600,2.140000,0.932100,3.858800,2.259400
442,1.565600,2.140000,0.932100,3.858800,2.259400
443,1.565600,2.140000,0.932100,3.858800,2.259400
444,1.565600,2.140000,0.932100,3.858800,2.259400
445,1.565600,2.140000,0.932100,3.858800,2.259400
446,1.565600,2.140000,0.932100,3.858800,2.259400
447,1.565600,2.140000,0.932100,3.858800,2.259400
448,1.565600,2.140000,0.932100,3.858800,2.259400
449,1.565600,2.140000,0.932100,3.858800,2.259400
450,1.565600,2.140000,0.932100,3.858800,2.259400
451,1.565600,2.140000,0.932100,3.858800,2.259400
452,1.565600,2.140000,0.932100,3.858800,2.259400
453,1.565600,2.140000,0.932100,3.858800,2.259400
454,1.565600,2.140000,0.932100,3.858800,2.259400
455,1.565600,2.140000,0.932100,3.858800,2.259400
456,1.565600,2.140000,0.932100,3.858800,2.259400
457,1.565600,2.140000,0.932100,3.858800,2.259400
458,1.565600,2.140000,0.932100,3.858800,2.259400
459,1.565600,2.140000,0.932100,3.858800,2.259400
460,1.565600,2.140000,0.932100,3.858800,2.259400
461,1.565600,2.140000,0.932100,3.858800,2.259400
462,1.565600,2.140000,0.932100,3.858800,2.259400
463,1.565600,2.140000,0.932100,3.858800,2.259400
464,1.565600,2.140000,0.932100,3.858800,2.259400
465,1.565600,2.140000,0.932100,3.858800,2.259400
466,1.565600,2.140000,0.932100,3.858800,2.259400
467,1.565600,2.140000,0.932100,3.858800,2.259400
468,1.565600,2.140000,0.932100,3.858800,2.259400
469,1.565600,2.140000,0.932100,3.858800,2.259400
470,1.565600,2.140000,0.932100,3.858800,2.259400
471,1.565600,2.140000,0.932100,3.858800,2.259400
472,1.565600,2.140000,0.932100,3.858800,2.259400
473,1.560200,2.150800,0.994400,3.805600,2.368900
474,1.554800,2.161600,1.056800,3.752500,2.478400
475,1.549400,2.172400,1.119100,3.699400,2.587800
476,1.543900,2.183200,1.181500,3.646300,2.697300
477,1.538500,2.193900,1.243800,3.593100,2.806800
478,1.533100,2.204700,1.306200,3.540000,2.916300
479,1.527700,2.215500,1.368500,3.486900,3.025800
480,1.522300,2.226300,1.430900,3.433700,3.135300
481,1.516900,2.237100,1.493200,3.380600,3.244800
482,1.511500,2.247900,1.555600,3.327500,3.354300
483,1.506100,2.258700,1.617900,3.274300,3.463800
484,1.500700,2.269500,1.680300,3.221200,3.573300
485,1.495300,2.280300,1.742600,3.168100,3.682700
486,1.489800,2.291100,1.805000,3.114900,3.792200
487,1.484400,2.301800,1.867300,3.061800,3.901700
488,1.479000,2.312600,1.929700,3.008700,4.011200
489,1.473600,2.323400,1.992000,2.955500,4.120700
490,1.468200,2.334200,2.054400,2.902400,4.230200
491,1.462800,2.345000,2.116700,2.849300,4.339700
492,1.457400,2.355800,2.179100,2.796200,4.449200
493,1.452000,2.366600,2.241400,2.743000,4.558700
494,1.446600,2.377400,2.303800,2.689900,4.668200
495,1.441200,2.388200,2.366100,2.636800,4.777600
496,1.435700,2.398900,2.428500,2.583600,4.887100
497,1.430300,2.409700,2.490800,2.530500,4.996600
498,1.424900,2.420500,2.553200,2.477400,5.106100
499,1.419500,2.431300,2.615500,2.424200,5.215600
500,1.414100,2.442100,2.677900,2.371100,5.325100
501,1.408700,2.452900,2.740200,2.318000,5.434600
502,1.403300,2.463700,2.802600,2.264800,5.544100
503,1.397900,2.474500,2.864900,2.211700,5.653600
504,1.392500,2.485300,2.927300,2.158600,5.763100
505,1.387100,2.496100,2.989600,2.105400,5.872600
506,1.381600,2.506800,3.052000,2.052300,5.982000
507,1.376200,2.517600,3.114300,1.999200,6.091500
508,1.370800,2.528400,3.176700,1.946100,6.201000
509,1.365400,2.539200,3.239000,1.892900,6.310500
510,1.360000,2.550000,3.301400,1.839800,6.420000
511,1.448400,2.641100,3.411000,2.071200,6.511500
512,1.536800,2.732100,3.520500,2.302600,6.603100
513,1.625300,2.823200,3.630100,2.533900,6.694600
514,1.713700,2.914200,3.739700,2.765300,6.786100
515,1.802100,3.005300,3.849300,2.996700,6.877700
516,1.890500,3.096300,3.958900,3.228100,6.969200
517,1.978900,3.187400,4.068400,3.459400,7.060700
518,2.067400,3.278400,4.178000,3.690800,7.152300
519,2.155800,3.369500,4.287600,3.922200,7.243800
520,2.244200,3.460500,4.397200,4.153600,7.335300
521,2.332600,3.551600,4.506800,4.385000,7.426900
522,2.421100,3.642600,4.616400,4.616300,7.518400
523,2.509500,3.733700,4.725900,4.847700,7.610000
524,2.597900,3.824700,4.835500,5.079100,7.701500
525,2.686300,3.915800,4.945100,5.310500,7.793000
526,2.774700,4.006800,5.054700,5.541900,7.884600
527,2.863200,4.097900,5.164300,5.773200,7.976100
528,2.951600,4.188900,5.273800,6.004600,8.067600
529,3.040000,4.280000,5.383400,6.236000,8.159200
530,2.920900,4.171800,5.212700,6.056400,7.903000
531,2.801800,4.063600,5.042000,5.876800,7.646800
532,2.682700,3.955500,4.871300,5.697100,7.390700
533,2.563600,3.847300,4.700600,5.517500,7.134500
534,2.444500,3.739100,4.529900,5.337900,6.878400
535,2.325500,3.630900,4.359200,5.158300,6.622200
536,2.206400,3.522700,4.188500,4.978700,6.366100
537,2.087300,3.414500,4.017700,4.799000,6.109900
538,1.968200,3.306400,3.847000,4.619400,5.853700
539,1.849100,3.198200,3.676300,4.439800,5.597600
540,1.730000,3.090000,3.505600,4.260200,5.341400
541,1.610900,2.981800,3.334900,4.080600,5.085300
542,1.491800,2.873600,3.164200,3.900900,4.829100
543,1.372700,2.765500,2.993500,3.721300,4.573000
544,1.253600,2.657300,2.822800,3.541700,4.316800
545,1.134500,2.549100,2.652100,3.362100,4.060600
546,1.015500,2.440900,2.481400,3.182500,3.804500
547,0.896400,2.332700,2.310700,3.002800,3.548300
548,0.777300,2.224500,2.139900,2.823200,3.292200
549,0.658200,2.116400,1.969200,2.643600,3.036000
550,0.539100,2.008200,1.798500,2.464000,2.779900
551,0.420000,1.900000,1.627800,2.284400,2.523700
552,0.420000,1.900000,1.627800,2.284400,2.523700
553,0.420000,1.900000,1.627800,2.284400,2.523700
554,0.420000,1.900000,1.627800,2.284400,2.523700
555,0.420000,1.900000,1.627800,2.284400,2.523700
556,0.420000,1.900000,1.627800,2.284400,2.523700
557,0.420000,1.900000,1.627800,2.284400,2.523700
558,0.420000,1.900000,1.627800,2.284400,2.523700
559,0.420000,1.900000,1.627800,2.284400,2.523700
560,0.420000,1.900000,1.627800,2.284400,2.523700
561,0.420000,1.900000,1.627800,2.284400,2.523700
562,0.420000,1.900000,1.627800,2.284400,2.523700
563,0.420000,1.900000,1.627800,2.284400,2.523700
564,0.420000,1.900000,1.627800,2.284400,2.523700
565,0.420000,1.900000,1.627800,2.284400,2.523700
566,0.420000,1.900000,1.627800,2.284400,2.523700
567,0.420000,1.900000,1.627800,2.284400,2.523700
568,0.420000,1.900000,1.627800,2.284400,2.523700
569,0.420000,1.900000,1.627800,2.284400,2.523700
570,0.420000,1.900000,1.627800,2.284400,2.523700
571,0.420000,1.900000,1.627800,2.284400,2.523700
572,0.420000,1.900000,1.627800,2.284400,2.523700
573,0.420000,1.900000,1.627800,2.284400,2.523700
574,0.420000,1.900000,1.627800,2.284400,2.523700
575,0.420000,1.900000,1.627800,2.284400,2.523700
576,0.420000,1.900000,1.627800,2.284400,2.523700
577,0.420000,1.900000,1.627800,2.284400,2.523700
578,0.420000,1.900000,1.627800,2.284400,2.523700
579,0.420000,1.900000,1.627800,2.284400,2.523700
580,0.420000,1.900000,1.627800,2.284400,2.523700
581,0.420000,1.900000,1.627800,2.284400,2.523700
582,0.420000,1.900000,1.627800,2.284400,2.523700
583,0.420000,1.900000,1.627800,2.284400,2.523700
584,0.420000,1.900000,1.627800,2.284400,2.523700
585,0.420000,1.900000,1.627800,2.284400,2.523700
586,0.420000,1.900000,1.627800,2.284400,2.523700
587,0.420000,1.900000,1.627800,2.284400,2.523700
588,0.420000,1.900000,1.627800,2.284400,2.523700
589,0.420000,1.900000,1.627800,2.284400,2.523700
590,0.420000,1.900000,1.627800,2.284400,2.523700
591,0.420000,1.900000,1.627800,2.284400,2.523700
592,0.420000,1.900000,1.627800,2.284400,2.523700
593,0.420000,1.900000,1.627800,2.284400,2.523700
594,0.420000,1.900000,1.627800,2.284400,2.523700
595,0.420000,1.900000,1.627800,2.284400,2.523700
596,0.420000,1.900000,1.627800,2.284400,2.523700
597,0.420000,1.900000,1.627800,2.284400,2.523700
598,0.420000,1.900000,1.627800,2.284400,2.523700
599,0.420000,1.900000,1.627800,2.284400,2.523700
600,0.420000,1.900000,1.627800,2.284400,2.523700
601,0.420000,1.900000,1.627800,2.284400,2.523700
602,0.420000,1.900000,1.627800,2.284400,2.523700
603,0.420000,1.900000,1.627800,2.284400,2.523700
604,0.420000,1.900000,1.627800,2.284400,2.523700
605,0.420000,1.900000,1.627800,2.284400,2.523700
606,0.420000,1.900000,1.627800,2.284400,2.523700
607,0.420000,1.900000,1.627800,2.284400,2.523700
608,0.420000,1.900000,1.627800,2.284400,2.523700
609,0.420000,1.900000,1.627800,2.284400,2.523700
610,0.420000,1.900000,1.627800,2.284400,2.523700
611,0.420000,1.900000,1.627800,2.284400,2.523700
612,0.420000,1.900000,1.627800,2.284400,2.523700
613,0.420000,1.900000,1.627800,2.284400,2.523700
614,0.420000,1.900000,1.627800,2.284400,2.523700
615,0.420000,1.900000,1.627800,2.284400,2.523700
616,0.420000,1.900000,1.627800,2.284400,2.523700
617,0.420000,1.900000,1.627800,2.284400,2.523700
618,0.420000,1.900000,1.627800,2.284400,2.523700
619,0.420000,1.900000,1.627800,2.284400,2.523700
620,0.420000,1.900000,1.627800,2.284400,2.523700
621,0.420000,1.900000,1.627800,2.284400,2.523700
622,0.420000,1.900000,1.627800,2.284400,2.523700
623,0.420000,1.900000,1.627800,2.284400,2.523700
624,0.420000,1.900000,1.627800,2.284400,2.523700
625,0.420000,1.900000,1.627800,2.284400,2.523700
626,0.420000,1.900000,1.627800,2.284400,2.523700
627,0.420000,1.900000,1.627800,2.284400,2.523700
628,0.420000,1.900000,1.627800,2.284400,2.523700
629,0.420000,1.900000,1.627800,2.284400,2.523700
630,0.420000,1.900000,1.627800,2.284400,2.523700
631,0.420000,1.900000,1.627800,2.284400,2.523700
632,0.420000,1.900000,1.627800,2.284400,2.523700
633,0.420000,1.900000,1.627800,2.284400,2.523700
634,0.420000,1.900000,1.627800,2.284400,2.523700
635,0.420000,1.900000,1.627800,2.284400,2.523700
636,0.420000,1.900000,1.627800,2.284400,2.523700
637,0.420000,1.900000,1.627800,2.284400,2.523700
638,0.420000,1.900000,1.627800,2.284400,2.523700
639,0.420000,1.900000,1.627800,2.284400,2.523700
640,0.420000,1.900000,1.627800,2.284400,2.523700
641,0.420000,1.900000,1.627800,2.284400,2.523700
642,0.420000,1.900000,1.627800,2.284400,2.523700
643,0.420000,1.900000,1.627800,2.284400,2.523700
644,0.420000,1.900000,1.627800,2.284400,2.523700
645,0.420000,1.900000,1.627800,2.284400,2.523700
646,0.420000,1.900000,1.627800,2.284400,2.523700
647,0.420000,1.900000,1.627800,2.284400,2.523700
648,0.420000,1.900000,1.627800,2.284400,2.523700
649,0.420000,1.900000,1.627800,2.284400,2.523700
650,0.420000,1.900000,1.627800,2.284400,2.523700
651,0.420000,1.900000,1.627800,2.284400,2.523700
652,0.420000,1.900000,1.627800,2.284400,2.523700
653,0.420000,1.900000,1.627800,2.284400,2.523700
654,0.420000,1.900000,1.627800,2.284400,2.523700
655,0.420000,1.900000,1.627800,2.284400,2.523700
656,0.420000,1.900000,1.627800,2.284400,2.523700
657,0.420000,1.900000,1.627800,2.284400,2.523700
658,0.420000,1.900000,1.627800,2.284400,2.523700
659,0.420000,1.900000,1.627800,2.284400,2.523700
660,0.420000,1.900000,1.627800,2.284400,2.523700
661,0.420000,1.900000,1.627800,2.284400,2.523700
662,0.420000,1.900000,1.627800,2.284400,2.523700
663,0.420000,1.900000,1.627800,2.284400,2.523700
664,0.420000,1.900000,1.627800,2.284400,2.523700
665,0.420000,1.900000,1.627800,2.284400,2.523700
666,0.420000,1.900000,1.627800,2.284400,2.523700
667,0.420000,1.900000,1.627800,2.284400,2.523700
668,0.420000,1.900000,1.627800,2.284400,2.523700
669,0.420000,1.900000,1.627800,2.284400,2.523700
670,0.420000,1.900000,1.627800,2.284400,2.523700
671,0.420000,1.900000,1.627800,2.284400,2.523700
672,0.420000,1.900000,1.627800,2.284400,2.523700
673,0.420000,1.900000,1.627800,2.284400,2.523700
674,0.420000,1.900000,1.627800,2.284400,2.523700
675,0.420000,1.900000,1.627800,2.284400,2.523700
676,0.420000,1.900000,1.627800,2.284400,2.523700
677,0.420000,1.900000,1.627800,2.284400,2.523700
678,0.420000,1.900000,1.627800,2.284400,2.523700
679,0.420000,1.900000,1.627800,2.284400,2.523700
680,0.420000,1.900000,1.627800,2.284400,2.523700
681,0.420000,1.900000,1.627800,2.284400,2.523700
682,0.420000,1.900000,1.627800,2.284400,2.523700
683,0.420000,1.900000,1.627800,2.284400,2.523700
684,0.420000,1.900000,1.627800,2.284400,2.523700
685,0.420000,1.900000,1.627800,2.284400,2.523700
686,0.420000,1.900000,1.627800,2.284400,2.523700
687,0.420000,1.900000,1.627800,2.284400,2.523700
688,0.420000,1.900000,1.627800,2.284400,2.523700
689,0.420000,1.900000,1.627800,2.284400,2.523700
690,0.420000,1.900000,1.627800,2.284400,2.523700
691,0.420000,1.900000,1.627800,2.284400,2.523700
692,0.420000,1.900000,1.627800,2.284400,2.523700
693,0.420000,1.900000,1.627800,2.284400,2.523700
694,0.420000,1.900000,1.627800,2.284400,2.523700
695,0.420000,1.900000,1.627800,2.284400,2.523700
696,0.420000,1.900000,1.627800,2.284400,2.523700
697,0.420000,1.900000,1.627800,2.284400,2.523700
698,0.420000,1.900000,1.627800,2.284400,2.523700
699,0.420000,1.900000,1.627800,2.284400,2.523700
700,0.420000,1.900000,1.627800,2.284400,2.523700
701,0.420000,1.900000,1.627800,2.284400,2.523700
702,0.420000,1.900000,1.627800,2.284400,2.523700
703,0.420000,1.900000,1.627800,2.284400,2.523700
704,0.420000,1.900000,1.627800,2.284400,2.523700
705,0.420000,1.900000,1.627800,2.284400,2.523700
706,0.420000,1.900000,1.627800,2.284400,2.523700
707,0.420000,1.900000,1.627800,2.284400,2.523700
708,0.420000,1.900000,1.627800,2.284400,2.523700
709,0.420000,1.900000,1.627800,2.284400,2.523700
710,0.420000,1.900000,1.627800,2.284400,2.523700
711,0.420000,1.900000,1.627800,2.284400,2.523700
712,0.420000,1.900000,1.627800,2.284400,2.523700
713,0.420000,1.900000,1.627800,2.284400,2.523700
714,0.420000,1.900000,1.627800,2.284400,2.523700
715,0.420000,1.900000,1.627800,2.284400,2.523700
716,0.420000,1.900000,1.627800,2.284400,2.523700
717,0.420000,1.900000,1.627800,2.284400,2.523700
718,0.420000,1.900000,1.627800,2.284400,2.523700
719,0.420000,1.900000,1.627800,2.284400,2.523700
720,0.420000,1.900000,1.627800,2.284400,2.523700
721,0.420000,1.900000,1.627800,2.284400,2.523700
722,0.420000,1.900000,1.627800,2.284400,2.523700
723,0.420000,1.900000,1.627800,2.284400,2.523700
724,0.420000,1.900000,1.627800,2.284400,2.523700
725,0.420000,1.900000,1.627800,2.284400,2.523700
726,0.420000,1.900000,1.627800,2.284400,2.523700
727,0.420000,1.900000,1.627800,2.284400,2.523700
728,0.420000,1.900000,1.627800,2.284400,2.523700
729,0.420000,1.900000,1.627800,2.284400,2.523700
730,0.420000,1.900000,1.627800,2.284400,2.523700
