doy,mint_C,maxt_C,airt_C,co2_ppm,swrad_MJm2day,vpd_kPa,precip_kgm2s,wind_spd_ms
1,-0.02192209,7.688078,2.9134943,410,2.8803961,0.09116235,0.00E+00,8.381527
2,5.0880775,10.158078,7.7489114,410,2.3132877,0.2232139,1.15741E-06,13.435029
3,2.908078,9.578077,5.0509944,410,3.066228,0.16580275,0.00E+00,11.21606
4,5.558078,8.998077,6.7793274,410,2.7714598,0.13979868,0.00E+00,12.001666
5,4.958078,10.528078,7.352245,410,3.136716,0.17883707,0.00E+00,10.417773
6,5.3880777,10.658078,7.0955787,410,2.9989438,0.20007017,0.00E+00,15.484186
7,3.888078,11.598078,8.112662,410,1.861524,0.2140174,2.66E-05,16.414932
8,0.9880779,9.198078,5.146828,410,3.1655521,0.17914557,0.00E+00,13.251792
9,0.5780779,5.058078,2.9972448,410,1.227132,0.09888844,4.63E-06,4.9819674
10,-1.3019221,6.558078,2.7426608,410,3.402648,0.10597196,2.31E-06,14.5715475
11,5.898078,11.918077,9.077661,410,2.2171679,0.23863544,1.16E-05,17.41551
12,1.6580778,6.2980776,3.5959947,410,3.3642,0.1339543,0.00E+00,9.5
13,1.7180779,7.4680777,4.5226617,410,1.8326881,0.17918898,0.00E+00,16.844288
14,2.928078,7.2180777,4.5934944,410,3.521196,0.21430838,4.63E-06,13.72953
15,2.338078,6.9080777,4.3264117,410,3.5083797,0.21626015,5.79E-06,16.9
16,3.268078,9.048078,6.0418277,410,2.761848,0.19027315,0.00E+00,12.5
17,2.0280778,6.918078,4.401828,410,3.8319836,0.18487562,0.00E+00,13.5624485
18,0.4680779,5.7180777,2.9434946,410,3.9441242,0.13045415,0.00E+00,10.751744
19,-0.5319221,7.5080776,2.5555778,410,3.325752,0.18528012,0.00E+00,9.5273285
20,3.118078,8.158078,4.725578,410,4.001796,0.13318197,0.00E+00,9.79847
21,4.498078,10.398078,7.0193276,410,3.5244,0.11940356,0.00E+00,9.362159
22,6.228078,10.408078,7.8905773,410,3.457116,0.11438867,0.00E+00,7.930952
23,4.348078,8.678078,6.2568283,410,4.415112,0.12817463,0.00E+00,9.213577
24,5.288078,8.888078,6.958494,410,3.3898318,0.1269256,0.00E+00,8.417244
25,4.1780777,9.788077,6.0972443,410,4.681044,0.16300961,0.00E+00,9.213034
26,-0.30192208,8.038078,4.6359944,410,3.2520602,0.16398181,4.63E-06,10.737783
27,-0.4019221,5.0280776,2.023078,410,4.7739596,0.16850519,0.00E+00,11.198661
28,-1.3119221,5.498078,2.4430778,410,4.13316,0.084150165,1.79E-04,11.92057
29,2.548078,7.8380775,4.9951615,410,3.3257518,0.1494351,1.74E-05,13.003461
30,5.2780776,11.778078,7.763494,410,4.206852,0.20692875,0.00E+00,17.781452
31,4.768078,13.308078,8.408494,410,4.754736,0.22861712,4.17E-05,12.913945
32,2.668078,9.518078,6.828078,410,4.3670516,0.22644188,3.47E-06,14.503103
33,-0.50192213,7.9280777,3.7755778,410,2.3581438,0.11099974,1.27E-05,7.111259
34,3.028078,6.998078,5.047661,410,5.5717564,0.18230085,2.31E-06,15.520632
35,1.1580778,8.368078,4.9539113,410,6.0203156,0.22546365,0.00E+00,19.849432
36,1.1580778,8.888078,4.3714113,410,5.7511797,0.1458766,0.00E+00,8.130191
37,1.1080779,9.058078,4.178911,410,6.321492,0.13908181,0.00E+00,5.6302757
38,0.09807791,9.158078,3.457661,410,5.86332,0.22718682,0.00E+00,9.339165
39,2.4780781,7.9280777,5.9318275,410,6.4848957,0.22021227,7.06E-05,17.91089
40,3.008078,11.208077,6.5626616,410,6.3214917,0.20429423,3.59E-05,17.564169
41,2.4780781,4.558078,3.5701616,410,6.66432,0.16132684,0.00E+00,14.993332
42,2.518078,4.498078,3.244745,410,6.587424,0.13409687,1.04E-05,18.56071
43,-0.7319221,4.598078,2.4997447,410,7.061616,0.18053021,2.31E-06,18.617197
44,-1.1219221,5.7780776,3.2559946,410,3.82878,0.08900151,4.63E-06,10.016986
45,2.798078,10.448078,5.608495,410,4.53366,0.18539124,1.16E-06,14.173567
46,2.428078,10.498077,6.6718273,410,3.021372,0.18292891,2.66E-05,17.531685
47,3.618078,8.098078,5.4522443,410,7.9459195,0.27478628,0.00E+00,18.45481
48,3.308078,7.958078,5.4076614,410,8.240688,0.2132105,0.00E+00,18.916924
49,2.288078,6.438078,4.0384946,410,5.824872,0.16628789,8.10E-06,12.617845
50,1.4480779,8.408078,4.793078,410,4.258116,0.17069888,4.63E-06,14.32236
51,3.288078,7.0680776,4.777245,410,6.6386886,0.12914935,6.13E-05,14.166157
52,3.558078,11.188078,7.397245,410,8.753328,0.23544858,0.00E+00,18.784304
53,2.948078,10.438078,5.864744,410,8.82702,0.29648457,2.31E-06,21.931713
54,2.368078,6.128078,4.027661,410,9.086544,0.17478437,0.00E+00,15.519343
55,0.74807787,2.948078,1.7601613,410,3.521196,0.045582747,8.91E-05,13.807969
56,0.028077908,5.4680777,2.6372447,410,7.16094,0.09227843,1.04E-05,10.704205
57,-0.44192213,4.8880777,1.6839113,410,8.279135,0.12798258,0.00E+00,11.480853
58,-1.2819221,5.5280776,1.9722446,410,9.893952,0.15437884,0.00E+00,13.103435
59,0.8380779,6.5480776,3.330161,410,3.9088802,0.13432512,1.27E-05,9.6648855
60,3.188078,7.598078,5.1730776,410,9.589572,0.18360263,3.47E-06,14.964291
61,2.508078,6.878078,4.765994,410,10.470673,0.1795901,1.15741E-05,17.658993
62,0.09807791,6.4280777,2.700578,410,9.1698475,0.1777114,0.00E+00,10.454664
63,1.0680779,8.538077,3.9705775,410,8.448948,0.16157466,1.85E-05,9.263369
64,-1.6819221,8.048078,3.1326609,410,8.522639,0.19878883,0.00E+00,8.521151
65,-0.8519221,6.8180776,2.724328,410,11.143513,0.12312104,0.00E+00,4.304649
66,1.4580779,8.668077,4.756411,410,10.82952,0.20371952,3.47E-06,5.748913
67,-0.37192208,13.158078,7.1564116,410,9.429372,0.26085026,0.00E+00,12.868956
68,3.408078,9.148078,7.063078,410,9.7273445,0.26641254,0.00E+00,11.950314
69,1.3680779,9.958077,5.598494,410,8.679635,0.19381663,1.62E-05,10.7
70,3.618078,9.908078,7.460577,410,11.419056,0.2141641,1.04E-05,13.6
71,1.5180779,7.958078,4.938494,410,10.726993,0.25238035,2.89E-05,14.785128
72,0.028077908,8.208077,3.431411,410,11.008944,0.14885726,3.47E-05,21.07724
73,-0.111922085,5.998078,2.9251614,410,13.097953,0.16835608,0.00E+00,7.066117
74,2.428078,11.168077,6.3068275,410,11.659355,0.253009,0.00E+00,11.851161
75,2.848078,9.318078,7.013078,410,11.463913,0.26267536,0.00E+00,13.513327
76,-1.6619221,9.938078,4.8476615,410,12.5116205,0.27414198,0.00E+00,13.013838
77,6.328078,11.308078,8.328078,410,11.74266,0.29111586,3.01E-05,10.912378
78,1.8480779,7.7780776,4.88641,410,13.629816,0.22881658,0.00E+00,10.304368
79,0.37807792,8.888078,4.288494,410,14.126436,0.2460266,0.00E+00,8.036168
80,0.8280779,6.898078,3.9305775,410,14.709562,0.16219201,0.00E+00,6.946222
81,0.9280779,9.338078,4.3739114,410,15.334343,0.2440377,0.00E+00,7.9511003
82,0.01807791,10.938078,4.8284945,410,16.285933,0.32026317,0.00E+00,6.747592
83,-0.101922095,13.018078,6.8751607,410,14.764031,0.50991554,0.00E+00,9.121404
84,5.7180777,14.168077,9.518495,410,10.659709,0.49968734,0.00E+00,12.88177
85,6.898078,15.638078,10.94141,410,14.405183,0.5065742,0.00E+00,10.141499
86,5.7980776,9.048078,7.0284944,410,6.4945083,0.14531355,1.16E-06,6.0166435
87,4.808078,8.278078,5.8768277,410,5.690304,0.06318691,1.62E-05,7.206941
88,2.418078,6.708078,4.4914117,410,12.84804,0.18222032,0.00E+00,10.272779
89,1.008078,6.8680778,3.8364112,410,15.026761,0.30685766,0.00E+00,9.552486
90,-0.07192209,9.338078,4.9430776,410,12.146364,0.18060602,0.00E+00,5.1478148
91,2.828078,10.098078,6.176412,410,13.527288,0.26216269,5.79E-06,5.140039
92,2.298078,9.528078,5.810995,410,13.991868,0.2020426,0.00E+00,10.18332
93,2.118078,9.228078,6.1751614,410,15.0652075,0.29052384,3.47E-06,13.852076
94,0.3880779,8.758078,4.4114113,410,17.81424,0.2221805,0.00E+00,9.093405
95,1.0980779,11.938078,7.6255774,410,12.354625,0.32511864,0.00E+00,9.338095
96,5.538078,19.588078,12.506827,410,15.776495,0.64741597,0.00E+00,9.885849
97,4.048078,14.448078,10.558078,410,17.27917,0.4347296,0.00E+00,10.375451
98,2.0280778,15.388078,8.658077,410,18.845928,0.5066916,0.00E+00,7.8492036
99,5.768078,15.978078,10.573078,410,19.01574,0.45609527,2.31E-06,7.7006493
100,5.3180776,12.1280775,8.000994,410,9.070524,0.2636012,8.10E-06,6.8029404
101,6.7580776,20.118078,12.194743,410,15.1389,0.3861798,4.63E-06,4.504442
102,9.588078,15.728078,12.525161,410,19.685375,0.44406734,0.00E+00,9.885849
103,3.718078,11.268078,8.011413,410,14.344307,0.30830967,0.00E+00,10.977249
104,2.198078,7.5880775,4.998078,410,20.822796,0.34426033,0.00E+00,9.871676
105,0.5380779,13.248077,7.51141,410,20.143549,0.51490273,0.00E+00,8.700575
106,2.118078,13.438078,8.253494,410,21.607777,0.3084239,0.00E+00,8.836288
107,3.758078,9.018078,6.6626625,410,9.535104,0.15440359,0.00E+00,7.410803
108,3.528078,10.178078,6.6205773,410,20.662596,0.20811012,0.00E+00,9.247703
109,2.9780781,7.6180778,5.0339108,410,20.143547,0.19310032,0.00E+00,8.105554
110,3.178078,11.508078,6.619745,410,20.96057,0.21714332,0.00E+00,8.70919
111,1.788078,11.138078,6.6234937,410,22.850927,0.20890737,0.00E+00,8.881442
112,3.618078,11.908078,7.615162,410,22.90219,0.21229298,0.00E+00,9.124144
113,4.088078,12.228078,8.267661,410,23.04637,0.19398144,0.00E+00,7.81025
114,6.0080776,12.558078,8.610578,410,20.11471,0.263287,0.00E+00,6.4
115,3.208078,14.018078,8.230996,410,23.01113,0.29846656,0.00E+00,7.35459
116,2.288078,17.468079,10.712662,410,22.947048,0.44799614,0.00E+00,4.2107005
117,5.058078,12.938078,9.017245,410,18.301247,0.36796124,0.00E+00,7.900633
118,2.568078,10.438078,6.085995,410,20.91251,0.21037562,0.00E+00,6.140033
119,1.9780779,10.108078,6.2414107,410,22.319063,0.2625338,0.00E+00,6.1465435
120,0.2880779,10.638078,5.946411,410,15.119677,0.2328737,0.00E+00,9.482615
121,4.378078,11.658078,7.719745,410,14.869764,0.14733019,3.47E-06,7.692204
122,5.2580776,12.8780775,8.718911,410,21.037466,0.29635398,0.00E+00,5.440588
123,4.248078,12.288077,8.326828,410,14.6679125,0.27613945,2.31E-06,7.746612
124,4.058078,10.688078,7.1455784,410,12.697453,0.17410969,5.79E-06,6.20967
125,3.208078,10.998077,7.2634945,410,19.259243,0.20188923,1.62E-05,8.1939
126,2.498078,13.168077,7.641411,410,25.580738,0.33514674,0.00E+00,7.472616
127,-0.7619221,15.428078,8.163495,410,25.965216,0.43303685,0.00E+00,6.0440054
128,3.358078,18.178078,11.804328,410,21.059895,0.45413766,4.63E-06,4.90408
129,8.418077,17.928078,14.036827,410,23.77368,0.4590253,0.00E+00,6.618912
130,6.228078,18.128078,12.897244,410,18.557568,0.37158191,2.20E-05,10.793516
131,1.9280779,6.938078,4.9839115,410,21.482817,0.27918663,3.01E-05,12.657409
132,0.5880779,9.538077,5.264328,410,23.219389,0.37408273,0.00E+00,8.6977005
133,1.5880779,12.528078,6.624328,410,18.778643,0.36510274,0.00E+00,11.175867
134,-0.06192209,7.9480777,4.3201613,410,24.026796,0.29660358,0.00E+00,7.4027023
135,-0.8419221,12.828077,6.7455783,410,21.415537,0.36947849,0.00E+00,8.077747
136,2.118078,13.248077,8.207661,410,21.2265,0.34508731,0.00E+00,8.434453
137,6.1580777,13.708077,9.844745,410,21.05989,0.34689867,0.00E+00,10.0841465
138,7.268078,16.528078,12.373077,410,17.317621,0.34177005,1.50E-05,10.4043255
139,10.088078,17.598078,13.75558,410,23.748047,0.43072853,1.50E-05,9.304837
140,10.168077,18.658077,14.767661,410,23.039965,0.4212631,1.50E-05,8.45281
141,10.598078,22.558077,17.744745,410,26.68932,0.8068955,0.00E+00,5.9033885
142,6.4080777,17.458078,13.530578,410,25.007217,0.56294785,0.00E+00,8.602325
143,10.078077,16.348078,13.675578,410,25.57433,0.56722884,0.00E+00,13.296992
144,7.878078,13.728078,10.809327,410,24.154959,0.38597176,2.31E-06,16.593975
145,8.448078,16.338078,12.508496,410,26.224743,0.3698479,0.00E+00,12.30447
146,6.248078,19.458078,13.940994,410,26.051723,0.69185596,0.00E+00,8.692525
147,9.638078,16.908077,13.384327,410,28.586086,0.5438949,0.00E+00,8.149847
148,8.718078,16.318077,12.245994,410,24.25428,0.5088492,0.00E+00,7.2945185
149,10.178078,22.248077,17.433079,410,27.78829,0.7879581,0.00E+00,5.3235326
150,13.358078,25.068077,19.366411,410,26.932825,0.876448,0.00E+00,5.869412
151,8.638078,21.038078,15.563911,410,27.602463,0.77004733,0.00E+00,8.547514
152,6.708078,18.608078,12.667663,410,29.105135,0.41541724,0.00E+00,7.808969
153,7.418078,22.008078,14.709327,410,28.666185,0.70159683,0.00E+00,7.5802374
154,9.388078,21.838078,15.094327,410,25.141787,0.5644148,4.63E-06,6.9999995
155,6.1780777,10.338078,9.101827,410,11.524787,0.20860646,8.22E-05,10.6216755
156,5.7380776,11.368078,8.495578,410,15.196571,0.25113237,3.82E-05,7.1028166
157,4.978078,11.778078,7.850994,410,12.556474,0.2834256,8.22E-05,14.204225
158,8.138078,13.468078,10.440996,410,19.387405,0.31430614,1.50E-05,15.402922
159,6.8880777,13.168077,9.707245,410,22.44402,0.26734269,7.52E-05,7.877182
160,4.308078,12.1280775,8.55641,410,29.303782,0.35108569,0.00E+00,7.4330344
161,5.108078,14.268078,10.570578,410,16.401278,0.34887798,9.26E-06,4.560702
162,8.288077,13.778078,10.917661,410,13.32864,0.16465162,6.37E-05,8.321659
163,7.978078,13.518078,10.663077,410,23.296284,0.2585412,1.16E-06,9.102198
164,8.528078,13.168077,9.916829,410,13.8573,0.14183316,4.40E-05,9.80816
165,10.028078,12.208077,10.73766,410,7.7120285,0.053831846,2.78E-05,6.551336
166,9.548078,14.308078,11.794744,410,11.092248,0.091229075,2.55E-05,3.6359317
167,10.118078,17.218079,12.635161,410,14.110415,0.13910689,1.27E-05,4.0112343
168,11.598078,18.448078,14.728496,410,17.977644,0.24098122,0.00E+00,4.9365983
169,11.568078,18.878078,14.711827,410,23.824942,0.2777169,0.00E+00,6.363961
170,10.248077,15.678078,12.580161,410,24.702837,0.18606192,1.50E-05,6.053098
171,10.198078,20.608078,15.234745,410,23.632702,0.35542748,3.13E-05,8.28734
172,10.558078,21.008078,15.888911,410,22.216536,0.6023617,3.47E-06,8.203658
173,8.798078,18.308077,14.412662,410,15.504154,0.4430164,1.27E-05,8.4053545
174,6.688078,19.068077,13.989327,410,20.268503,0.5095556,0.00E+00,11.90168
175,13.928078,21.708078,18.20516,410,27.599253,0.6670854,0.00E+00,11.403946
176,12.758078,24.868078,19.267246,410,27.480707,0.8419225,0.00E+00,6.080296
177,11.188078,26.808077,18.127659,410,28.576473,0.66847286,0.00E+00,7.800641
178,12.768078,26.858078,20.561829,410,23.510952,0.75070477,1.04E-05,6.514599
179,11.568078,18.868078,15.33891,410,15.4593,0.34077692,6.48E-05,8.213404
180,10.268078,17.828077,13.478078,410,15.994369,0.3310958,5.21E-05,12.022063
181,10.638078,15.948078,13.178912,410,21.54049,0.29478712,8.10E-05,13.203408
182,10.108078,17.838078,13.812243,410,20.825998,0.38919728,0.00E+00,11.311057
183,9.968078,12.948078,11.462243,410,7.4653196,0.12575121,1.27E-05,6.815424
184,7.5080776,16.308077,12.138077,410,15.036371,0.38229115,0.00E+00,5.3160133
185,8.278078,14.868078,11.6664095,410,9.62802,0.20789418,1.37E-04,8.802273
186,8.418077,17.178078,13.246411,410,20.355013,0.34128113,3.47E-06,5.3600373
187,10.518078,14.818078,12.98891,410,24.449722,0.33763943,1.10E-04,15.076471
188,8.948078,15.6280775,12.411412,410,20.108305,0.4376808,2.31E-06,10.890363
189,7.9480777,15.588078,12.360162,410,21.268154,0.37322035,4.63E-06,7.940403
190,10.158078,14.978078,12.296411,410,17.615595,0.30145924,0.00E+00,6.8183575
191,9.788077,17.128078,13.359328,410,17.916769,0.40904346,2.20E-05,6.928925
192,9.588078,15.838078,12.144746,410,12.825612,0.30171273,3.24E-05,7.665507
193,8.498077,16.158077,12.249329,410,23.344347,0.3632416,0,8.590692
194,7.7980776,20.268078,14.304328,410,25.994051,0.5692038,0,7.021396
195,10.918077,19.098078,15.224328,410,19.518766,0.4074604,1.38889E-05,10.097525
196,10.168077,17.088078,13.316829,410,18.291634,0.3593153,0,8.836288
197,9.138078,17.188078,13.357243,410,12.280931,0.2808733,2.31481E-06,8.856636
198,10.418077,21.128078,16.223078,410,26.45222,0.435392,0,9.207063
199,12.048078,18.808077,16.234743,410,17.481024,0.4276607,0,7.302739
200,8.718078,16.748077,13.048493,410,25.231499,0.44681096,0,8.757282
201,7.788078,15.188078,11.930579,410,25.186646,0.37728415,0,8.980535
202,8.058078,15.608078,11.900161,410,22.645872,0.3423807,0,8.845902
203,6.6980777,17.408077,12.830578,410,27.317303,0.5047499,0,7.0611615
204,10.338078,17.628078,13.693497,410,5.802444,0.25507267,0.000126157,6.2625875
205,12.198078,17.528078,14.967662,410,12.482784,0.23408506,8.10185E-06,9.300538
206,10.578077,20.928078,15.408076,410,16.21224,0.48733325,0,8.421401
207,13.1280775,19.378078,16.48058,410,20.797165,0.40890975,2.19907E-05,9.489468
208,9.448078,17.078077,14.0239105,410,22.392756,0.42709527,5.78704E-06,9.602083
209,8.838078,19.298079,13.678494,410,7.904268,0.22844522,0.000106481,14.003571
210,9.258078,14.768078,11.891828,410,15.151716,0.32504063,9.25926E-06,13.13088
211,8.738078,16.608078,12.490994,410,24.510601,0.4303556,0,11.684178
212,9.308078,18.158077,14.399329,410,9.496657,0.4047898,1.38889E-05,6.191123
213,14.578077,30.048079,21.862661,410,24.718859,1.1579677,0,7.839005
214,13.688078,19.068077,16.226828,410,23.978737,0.4959423,0,8.318653
215,10.118078,16.608078,13.476829,410,23.283466,0.3705732,3.7037E-05,9.7252245
216,7.9680777,15.958077,11.809745,410,23.914656,0.38808234,0,8.203658
217,7.898078,17.428078,13.07558,410,6.4368362,0.22921698,0.000162037,11.520851
218,14.518078,21.828077,17.94391,410,13.700304,0.44957576,0,9.84124
219,11.548078,24.388079,17.57308,410,22.802868,0.55002666,0,7.5006666
220,14.008078,24.078077,18.72766,410,21.072708,0.6189754,0,8.697701
221,9.038077,18.238077,13.865994,410,24.667597,0.4486879,0,6.670832
222,9.568078,16.598078,13.2914095,410,13.959827,0.20687802,0,7.8313475
223,12.6280775,17.988077,14.781827,410,17.599571,0.19994372,3.47222E-06,6.9115844
224,13.028078,23.158077,16.53391,410,20.451132,0.27778766,0,6.7
225,13.908078,21.298079,16.843912,410,21.07271,0.26090956,1.15741E-06,3.8626416
226,11.968078,15.568078,14.310577,410,9.08334,0.11656786,4.62963E-06,5.2038445
227,11.298078,16.518078,12.902244,410,15.449687,0.14725543,2.31481E-06,5.3851643
228,11.468078,17.238077,13.733078,410,18.477467,0.19335456,0,6.7742157
229,10.818078,13.998077,12.207661,410,8.567496,0.11198429,1.15741E-06,6.963476
230,11.828077,15.048078,13.076827,410,5.635836,0.069446325,4.62963E-05,6.463745
231,12.588078,19.278078,14.828495,410,13.613797,0.17914219,3.35648E-05,5.115662
232,12.488078,19.578077,16.25308,410,19.159918,0.27446575,0,8.075271
233,14.958077,21.958078,18.414328,410,17.714912,0.6395027,1.85185E-05,9.055386
234,12.938078,18.998077,16.163076,410,12.809591,0.4368478,3.24074E-05,12.913946
235,11.228078,19.028078,15.15266,410,20.60172,0.4855547,0,8.54927
236,9.988078,16.708078,13.16016,410,15.103656,0.31301615,3.47222E-06,7.4525166
237,8.268078,14.458077,11.395995,410,13.178051,0.2189904,1.15741E-05,8.286133
238,7.878078,15.928078,12.205995,410,4.267728,0.08376403,4.51389E-05,14.455448
239,11.478078,15.678078,12.972659,410,10.759032,0.2512291,1.27315E-05,12.795312
240,10.098078,15.708077,13.087661,410,8.122139,0.21806118,7.87037E-05,8.318653
241,10.988078,13.818078,12.115994,410,11.899655,0.26176717,4.39815E-05,10.40048
242,7.1580777,14.088078,10.72141,410,14.453244,0.34079616,0,8.570298
243,5.788078,15.278078,10.408078,410,19.976942,0.39100416,0,4.68188
244,8.218078,17.238077,12.878494,410,12.11112,0.5003157,0,3.8483763
245,6.4480777,19.208078,13.295159,410,15.837372,0.5118485,0,5.8249464
246,10.428078,18.648077,14.352661,410,9.503063,0.34924555,6.94444E-05,10.358571
247,10.268078,17.538078,14.687244,410,16.923529,0.37653687,1.38889E-05,10.300486
248,9.238078,15.388078,12.037246,410,17.519472,0.34830894,0,11.475626
249,8.6280775,14.088078,11.201825,410,15.680376,0.31874516,1.15741E-06,11.111256
250,8.588078,14.758078,11.573077,410,18.259596,0.37739851,0,5.0249376
251,8.668077,19.208078,14.3709955,410,13.617,0.36987174,1.15741E-05,11.521285
252,11.108078,21.338078,16.418077,410,15.632315,0.4180403,0,8.800569
253,9.288077,16.778078,12.715996,410,15.7284355,0.3177468,1.27315E-05,12.083046
254,4.978078,15.408078,10.981828,410,11.768291,0.358638,0,7.66942
255,9.548078,16.238077,13.033496,410,12.56929,0.37768905,9.25926E-06,12.369317
256,8.208077,15.938078,12.214745,410,16.542252,0.42604804,2.31481E-06,12.169635
257,13.778078,21.278078,16.98266,410,16.205832,0.49482956,4.62963E-06,15.205262
258,10.208077,21.088078,16.591827,410,13.267765,0.51650434,0,7.545197
259,12.818078,20.748077,16.044329,410,8.814204,0.3924385,3.47222E-06,4.2579336
260,8.208077,16.568077,12.787662,410,10.509121,0.1787711,0,7.5802374
261,6.3880777,18.328077,12.043495,410,15.587461,0.38885767,0,3.667424
262,7.5680776,18.658077,12.488495,410,15.6195,0.41489263,0,6.6309876
263,7.018078,14.818078,10.216827,410,12.52764,0.1559857,2.31481E-06,5.8
264,8.618078,18.228077,11.821411,410,11.0538,0.19490118,0,4.9
265,5.938078,18.008078,11.470578,410,15.324733,0.34002066,0,7.5026665
266,7.7580776,19.238077,13.590164,410,14.459651,0.39273224,4.62963E-06,10.737783
267,4.578078,11.068078,8.956829,410,11.342159,0.28722286,0,8.814193
268,6.148078,10.658078,8.932661,410,7.074432,0.30565147,0,7.077429
269,5.7380776,11.768078,8.762662,410,9.631225,0.3264074,8.10185E-06,9.013878
270,4.148078,12.508078,7.678911,410,10.928843,0.29605865,0,9.141116
271,1.5980779,11.198078,6.1251607,410,14.00148,0.24476793,0,4.1617303
272,3.948078,18.038078,9.659327,410,6.4880996,0.27508945,0,8
273,6.438078,14.548078,9.621411,410,10.845538,0.25928416,0,5
274,8.078078,15.138078,11.697661,410,4.921344,0.27281036,5.55556E-05,9.400532
275,7.7380776,11.058078,9.019745,410,2.944476,0.092153996,7.17593E-05,8.459313
276,7.2180777,12.978078,9.785578,410,11.306916,0.16911488,1.73611E-05,5.731492
277,8.818078,11.858078,10.193912,410,1.659672,0.04624183,0.000476852,8.99611
278,9.588078,12.478078,11.371411,410,6.9879246,0.0807906,9.72222E-05,9.676776
279,9.698078,12.698078,11.163078,410,4.335012,0.072449464,3.81944E-05,4.62277
280,9.448078,13.618078,10.978494,410,8.609147,0.18145753,4.62963E-06,9.002777
281,8.198078,12.858078,10.289327,410,7.73766,0.23610516,1.15741E-06,12.856128
282,4.9880776,12.018078,8.564744,410,9.003239,0.23091471,1.15741E-06,9.0094385
283,5.4280777,10.398078,7.898077,410,9.419761,0.2560377,1.15741E-06,13.495184
284,5.078078,12.348078,8.572245,410,5.9818683,0.18893353,1.85185E-05,8.062258
285,5.578078,12.258078,8.682662,410,7.2666717,0.24618747,0,5.990826
286,6.288078,11.108078,8.371827,410,2.35494,0.16339827,3.47222E-05,10.396634
287,5.9480777,10.058078,8.756827,410,3.5500321,0.120089,6.13426E-05,13.320661
288,8.708077,10.828077,9.908494,410,3.143124,0.14322718,1.15741E-05,10.462313
289,6.8380775,9.478078,7.6343274,410,3.4443,0.13806115,4.62963E-06,7.156116
290,6.438078,10.578077,7.9993267,410,3.735864,0.10545486,1.38889E-05,5.9236813
291,6.5280776,9.298078,7.5701613,410,2.6977682,0.078728884,1.04167E-05,7.940403
292,5.788078,10.048078,7.5276623,410,4.318992,0.16288548,3.47222E-06,4.8010416
293,7.438078,13.278078,10.788078,410,4.1075277,0.23236227,3.58796E-05,9.752949
294,9.228078,16.328077,11.990578,410,7.33716,0.27976658,2.08333E-05,7.4242845
295,9.338078,16.908077,11.871827,410,5.73516,0.2621913,0.000105324,5.0159745
296,6.038078,11.678078,10.023911,410,2.4126122,0.17341722,4.05093E-05,8.1024685
297,3.428078,10.478078,6.932245,410,5.344272,0.17508541,1.38889E-05,8.920201
298,3.798078,13.198078,8.251828,410,5.7479763,0.26444225,0,13.024976
299,4.978078,10.968078,8.017245,410,7.055208,0.26432893,0,10.617438
300,7.0480776,11.588078,8.969744,410,5.754384,0.19675035,2.31481E-06,9.79847
301,2.768078,11.818078,7.2747445,410,4.408704,0.15889338,3.47222E-05,12.4903965
302,4.878078,11.038077,8.085577,410,5.161644,0.24956589,0,10.183319
303,5.308078,13.588078,9.13766,410,1.5475321,0.15603981,8.44907E-05,9.849365
304,5.188078,12.788077,10.436412,410,6.180516,0.25379124,0,9.433981
305,6.188078,16.108078,9.533078,410,4.290156,0.26091604,2.19907E-05,15.608331
306,6.708078,11.898078,9.208911,410,6.3791637,0.32867072,2.31481E-06,14.567085
307,6.9080777,9.908078,7.7230783,410,2.9925358,0.17288322,0.00003125,9.32309
308,4.608078,8.988078,6.563911,410,4.9662,0.15700468,1.15741E-06,8.572631
309,4.1580777,9.788077,6.0543275,410,5.5781636,0.12590902,0,8.238932
310,6.148078,11.928078,8.965995,410,5.136012,0.17666283,0,9.570788
311,4.9480777,10.708077,7.509327,410,4.815612,0.071814984,0,4.707441
312,2.318078,6.2580776,4.4622445,410,5.5973883,0.0604132,0,3.3136082
313,5.2580776,13.358078,9.008493,410,2.94768,0.12540561,3.7037E-05,5.4589376
314,8.528078,12.548078,10.299327,410,5.113584,0.095683956,1.62037E-05,3.3136082
315,8.118078,13.968078,10.405578,410,5.0911555,0.14806352,0,5.7982755
316,9.858078,12.698078,11.035161,410,0.996444,0.27497365,0,10.628264
317,5.728078,11.518078,8.849745,410,5.004648,0.2042898,0,10.017983
318,5.248078,9.868078,7.688911,410,4.844448,0.22669165,3.47222E-06,10.840664
319,4.9880776,12.828077,9.097662,410,4.0850997,0.21047795,0,8.348653
320,7.538078,12.528078,9.000578,410,2.22678,0.21342945,1.38889E-05,9.5
321,7.078078,10.968078,8.770994,410,4.5624957,0.18820606,0,13.124405
322,10.778078,15.738078,13.021827,410,4.306176,0.30452893,0,11.962023
323,5.938078,14.068078,10.160995,410,3.2648761,0.25790837,3.47222E-06,13.678084
324,-0.8319221,6.668078,4.057661,410,4.203648,0.22217946,0,13.29135
325,-0.09192209,12.648078,7.769745,410,2.396592,0.19721979,3.35648E-05,11.515642
326,5.688078,10.388078,8.111828,410,4.065876,0.22457724,0,12.5
327,4.308078,7.7780776,5.718078,410,4.065876,0.18777496,0,12.632102
328,3.378078,11.068078,7.0747447,410,3.3706079,0.19517726,0,10.580171
329,6.0880775,13.558078,9.887243,410,3.742272,0.225777,9.25926E-06,12.714166
330,3.168078,8.018078,5.8180785,410,3.5980916,0.13939816,0,7.858753
331,3.878078,7.128078,5.641828,410,2.7874799,0.10567812,2.31481E-06,5.707889
332,0.93807787,7.6780777,3.764328,410,3.5660517,0.13285092,0,4.527693
333,-0.8819221,5.328078,2.1693277,410,3.49236,0.09147083,0,2.9732137
334,4.7980776,7.248078,5.9764113,410,3.213612,0.0711346,0,4.7423625
335,3.338078,10.358078,6.7176614,410,2.502324,0.17240278,2.31481E-06,11.162885
336,0.048077907,7.918078,3.5464115,410,3.133512,0.11418549,0,5.940539
337,3.458078,6.728078,5.1930776,410,3.1719599,0.1386422,0,9.521029
338,0.7280779,4.308078,2.8239114,410,2.0537639,0.10530531,4.28241E-05,8.935883
339,3.7280781,7.0880775,5.5993276,410,0.563904,0.06353673,0.000375,16.171888
340,4.5280776,7.5880775,5.967661,410,1.445004,0.12380686,6.36574E-05,10.647066
341,3.308078,6.1780777,4.869328,410,1.8679321,0.07919399,1.15741E-05,5.1478148
342,2.488078,6.4880776,4.577661,410,2.2428,0.09268866,5.43982E-05,11.107204
343,4.1580777,8.088078,5.823494,410,2.271636,0.092276794,0.000125,11.322544
344,3.838078,7.3380775,5.738077,410,1.9480319,0.10393668,4.62963E-06,7.602631
345,2.108078,7.7780776,4.803495,410,2.056968,0.15479683,0,8.475848
346,4.978078,7.8880777,6.3364105,410,0.983628,0.13566133,8.10185E-06,8.321659
347,6.148078,8.108078,6.842245,410,0.775368,0.047870994,3.93519E-05,3.436568
348,2.868078,7.7180777,5.720161,410,1.038096,0.12035226,1.27315E-05,10.215673
349,6.4280777,10.108078,8.337246,410,2.8195202,0.20162294,0,8.640023
350,3.878078,9.588078,6.8672442,410,2.5343635,0.16345817,0,6.618912
351,2.968078,9.908078,6.4955773,410,1.662876,0.16448089,1.50463E-05,10.462313
352,4.4880776,9.098078,6.868078,410,2.6240761,0.16806211,0,11.66919
353,8.228078,12.558078,10.229327,410,1.40976,0.20330994,0,10.938465
354,5.8380775,9.158078,7.575161,410,2.6817482,0.16071123,9.25926E-06,10.7042055
355,4.6580777,7.688078,5.6726613,410,2.6208718,0.18857626,0,10.463747
356,3.118078,7.458078,5.1889114,410,1.140624,0.14054276,9.25926E-06,10.7415085
357,1.6280779,6.4680777,3.6505783,410,2.877192,0.0790176,0,8.149847
358,0.8380779,6.3680778,4.090995,410,1.4802482,0.10151616,3.47222E-06,11.125196
359,-0.9119221,3.578078,0.95141125,410,2.640096,0.13443724,1.15741E-06,9.802041
360,-1.1219221,6.4280777,2.6259944,410,2.486304,0.10507051,0,9.585406
361,4.2380776,6.9880776,5.6559944,410,1.428984,0.1804459,9.25926E-06,16.174362
362,1.0780779,6.288078,3.2705784,410,2.752236,0.1410554,2.77778E-05,12.111565
363,0.1480779,4.598078,2.6768281,410,1.964052,0.075317115,0,8.786353
364,-0.5519221,5.148078,1.9989113,410,2.608056,0.05841636,6.94444E-06,6.2177167
365,-0.5819221,2.648078,0.97807795,410,2.543976,0.05842305,3.7037E-05,10.423531
1,-2.511922,5.578078,2.3818276,410,0.948384,0.02753394,5.43981E-05,12.165525
2,-0.39192212,5.248078,2.186828,410,2.6881561,0.07671442,0,7.300685
3,0.1780779,4.4880776,2.2447445,410,2.5279558,0.099005634,3.47222E-06,6.7779055
4,-0.6119221,5.848078,3.0230777,410,1.6692839,0.091085035,4.51389E-05,7.9246454
5,3.758078,5.2580776,4.2693276,410,1.419372,0.18555455,4.62963E-06,8.854377
6,2.198078,4.628078,3.730995,410,1.8423,0.18825846,0,7.517978
7,-2.341922,3.048078,0.40766132,410,2.9540882,0.05473812,4.62963E-06,4.4
8,-2.0219219,5.038078,1.9547447,410,2.53116,0.07713742,3.35648E-05,7.5026665
9,-2.221922,2.558078,0.12099459,410,2.777868,0.11534692,0,9.726767
10,-3.151922,4.288078,0.65391135,410,2.9669037,0.1014304,0,10.5948105
11,2.708078,7.6380777,5.257662,410,1.883952,0.07827425,7.06018E-05,10.507616
12,2.438078,9.848078,6.154328,410,2.954088,0.12669363,6.25E-05,12.946815
13,-1.0919222,3.758078,0.9559946,410,3.505176,0.09508979,0,5.0921507
14,-0.6119221,3.238078,1.2639114,410,1.220724,0.08408858,3.81944E-05,4.7423625
15,0.8680779,3.898078,2.073078,410,0.797796,0.06978963,8.7963E-05,5.011986
16,-1.451922,4.378078,0.8372447,410,3.485952,0.07376912,1.15741E-06,7.0604534
17,1.8280779,7.7980776,4.2626605,410,3.6685798,0.12001351,5.32407E-05,14.468241
18,2.658078,6.5480776,4.7305775,410,2.8387442,0.11583428,0,10.20784
19,3.418078,6.1980777,5.1414113,410,3.8512082,0.13701154,6.94444E-06,10.309704
20,2.148078,4.848078,3.2964118,410,2.8163161,0.0686574,2.31481E-06,4.3965893
21,0.8180779,3.308078,2.5101614,410,0.94518006,0.044447896,4.16667E-05,5.994164
22,0.7680779,4.088078,2.416828,410,2.06658,0.051333266,1.15741E-05,17.48285
23,-1.2719221,2.898078,1.3309945,410,4.38948,0.05892699,0,14.684005
24,-1.971922,1.7380779,-0.7523387,410,4.4855995,0.067961437,0,8.757282
25,-3.511922,0.9080779,-1.383172,410,4.6137605,0.049536237,0,7.4330344
26,-1.9319221,2.678078,0.23266129,410,4.427928,0.035034856,0,8.229823
27,0.5980779,2.578078,1.6409945,410,1.8935639,0.0202325,5.90278E-05,5.920304
28,1.788078,4.288078,2.8551617,410,3.447504,0.02852907,1.85185E-05,7.632169
29,1.4880779,4.898078,3.175578,410,1.595592,0.05784052,8.56481E-05,11.272089
30,1.2280779,4.4080777,2.9276612,410,2.7650516,0.082214254,8.10185E-05,12.403628
31,0.05807791,4.5880775,2.390578,410,4.8861003,0.17228237,0,7.648529
32,-1.3119221,5.728078,1.4864111,410,5.4115553,0.11341144,0,5.8189344
33,0.55807793,3.928078,2.0984948,410,2.598444,0.13353645,3.47222E-06,7.2111025
34,0.7280779,3.508078,2.198078,410,2.2908602,0.1188146,1.15741E-05,12.175796
35,1.7280779,2.658078,2.0847447,410,2.559996,0.06441097,0.000105324,15.572412
36,1.6880779,3.318078,2.3851612,410,1.646856,0.06395047,9.83796E-05,14.1039
37,2.618078,3.648078,3.170578,410,2.906028,0.05981671,6.59722E-05,13.974262
38,1.4980779,3.118078,2.3747447,410,2.9765158,0.05011861,0.000221065,14.21267
39,-0.9219221,1.2680779,0.2447446,410,3.370608,0.12255647,6.94444E-06,14.31363
40,-0.4019221,0.8180779,0.17266126,410,3.1943882,0.15515294,1.38889E-05,13.5
41,-1.1819221,0.9580779,-0.1469221,410,3.90888,0.094581956,5.6713E-05,10.932978
42,-1.3919221,1.0780779,-0.35483876,410,3.630132,0.17707113,5.78704E-06,9.457801
43,-2.051922,3.518078,0.048494603,410,6.13566,0.1208466,0,8.883693
44,-3.481922,3.548078,-0.28275532,410,6.270228,0.13757572,1.15741E-06,15.206906
45,-3.131922,0.7580779,-1.386922,410,5.027076,0.19605341,0,14.36802
46,-1.3419222,5.918078,2.5222447,410,2.4830997,0.16900026,0,13.544741
47,3.988078,10.398078,6.435161,410,6.177312,0.15178837,0,8.70919
48,4.2780776,10.778078,7.9284935,410,7.939512,0.2277169,0,13.471451
49,3.348078,9.028078,6.193911,410,8.096508,0.23239236,0,10.607545
50,4.098078,11.138078,6.557245,410,7.6960073,0.19940096,0,10.592922
51,2.888078,11.418077,6.9301605,410,4.238892,0.2173545,0,13.147243
52,7.2980776,13.688078,10.569745,410,5.712732,0.26266024,0,16.949926
53,6.098078,11.558078,8.210996,410,9.016055,0.3110854,0,10.601887
54,3.908078,10.748077,6.692244,410,7.4621162,0.25644724,0,6.940461
55,4.878078,12.238078,8.854745,410,7.9266953,0.36182349,3.47222E-06,17.253984
56,7.288078,13.058078,10.365161,410,9.435781,0.33937848,0,13.753545
57,3.278078,8.348078,5.7205772,410,9.817056,0.19402708,0,11.136427
58,0.37807792,11.618078,5.428078,410,9.442187,0.21046293,0,6.940461
59,4.4080777,11.558078,7.4443283,410,10.06056,0.17825809,0,6.9354167
60,4.828078,10.648078,7.277661,410,6.42402,0.17920604,0,3.3301651
61,2.798078,8.978078,5.8355775,410,10.304064,0.14334764,0,5.217279
62,0.15807791,3.188078,1.4189111,410,7.9651437,0.05171339,0,3.1144822
63,-2.191922,5.878078,1.0509946,410,7.715232,0.08850155,2.31481E-06,4.992995
64,1.2180779,5.1980777,3.2097445,410,6.0171123,0.11335552,1.85185E-05,8.19329
65,0.15807791,5.168078,2.1714113,410,8.647596,0.18789558,0,4.570558
66,-1.6919221,6.578078,1.9589111,410,11.467114,0.17336491,0,5.4589376
67,-0.30192208,9.728078,4.8868284,410,11.329344,0.22330098,2.19907E-05,7.981228
68,5.898078,9.698078,7.3901615,410,8.013204,0.14052068,2.89352E-05,7.951101
69,5.6580777,12.3780775,8.228078,410,10.191924,0.26133518,0,12.880994
70,3.568078,10.158078,7.3905787,410,8.987219,0.2597343,1.96759E-05,14.937537
71,3.448078,8.588078,6.300577,410,11.675376,0.25141392,1.15741E-06,15.5708065
72,2.808078,6.608078,4.397661,410,12.277728,0.2082565,0,15.092051
73,1.2580779,7.208078,4.042245,410,12.0598545,0.15747203,1.96759E-05,11.86086
74,2.7280781,8.528078,5.2230787,410,11.986163,0.18690553,0,11.54123
75,1.1880779,10.408078,6.080995,410,13.389516,0.2622855,9.25926E-06,6.600757
76,4.648078,12.698078,8.524744,410,13.930992,0.28988774,3.00926E-05,7.542546
77,0.9480779,11.748077,6.3276615,410,12.181609,0.2449484,0,6.802941
78,3.798078,14.418077,7.808911,410,13.7483635,0.20388691,0,7.6
79,4.688078,10.188078,7.2968287,410,6.8950076,0.15249294,0,4.6238513
80,5.328078,12.178078,7.8630776,410,14.472468,0.19956194,0,9.602604
81,1.788078,10.218078,5.8801613,410,15.504156,0.23683567,0,5.8549128
82,2.338078,12.588078,6.8276615,410,14.331491,0.24606502,0,7.045566
83,3.9780781,11.328077,7.8030777,410,15.0043335,0.27828767,2.31481E-06,11.280515
84,1.038078,9.1280775,5.819328,410,11.271672,0.28183622,0,9.552486
85,4.5880775,11.648078,8.123912,410,9.765791,0.27245057,1.73611E-05,10.456099
86,2.048078,8.058078,5.5489116,410,12.883284,0.27380555,0,13.3240385
87,1.4980779,8.868078,5.393495,410,14.3379,0.27619772,0,14.135416
88,7.478078,14.608078,10.279327,410,13.937399,0.3628513,8.10185E-06,14.338758
89,10.388078,18.058077,13.349744,410,12.976199,0.4142889,0,14.150971
90,7.768078,18.128078,12.579328,410,16.750511,0.52499537,0,9.900505
91,4.3380775,12.568078,7.794744,410,10.656503,0.18011957,1.04167E-05,10.2615795
92,1.8380779,7.328078,4.6201615,410,17.593164,0.22047079,1.15741E-06,8.005623
93,-0.2719221,8.848078,4.3093276,410,16.95877,0.2115319,0,4.925444
94,0.118077904,13.138078,6.5722446,410,18.634464,0.35418108,0,6.4195013
95,0.5680779,10.328077,5.216828,410,16.69925,0.21280186,0,14.54957
96,-1.2819221,5.5880775,2.233078,410,18.403774,0.33240387,0,13.191285
97,-1.0919222,3.878078,1.1097445,410,14.251392,0.28680477,0,11.788554
98,-1.4919221,6.648078,2.0372443,410,15.888635,0.30550377,0,8.440379
99,1.6480778,9.188078,5.4280777,410,10.948068,0.24491146,4.62963E-06,14.1718025
100,-1.0719221,6.1380777,2.577661,410,14.116824,0.27401342,0,10.707941
101,-2.121922,6.1780777,2.0414112,410,17.759771,0.23081772,0,4.909175
102,-3.051922,5.6580777,0.90599465,410,15.045984,0.19924631,0,5.508176
103,-2.091922,8.048078,3.1051614,410,21.156012,0.35228965,0,4.7010636
104,-2.391922,9.228078,3.906828,410,21.123976,0.3387971,0,5.7245083
105,2.178078,10.238078,5.7830777,410,19.262447,0.33357642,0,5.0159745
106,1.1480778,11.258078,6.0834947,410,21.662243,0.46078134,0,6.8622155
107,-0.7319221,13.018078,6.748078,410,21.55651,0.43844657,0,6.33877
108,3.058078,14.638078,8.825161,410,20.54725,0.5161547,0,6.512296
109,2.988078,15.118078,10.039744,410,19.8648,0.6111891,0,4.3737855
110,3.698078,17.228077,10.667661,410,19.05419,0.62129893,0,3.104835
111,6.0280776,13.188078,9.010577,410,13.966236,0.3035354,1.38889E-05,8.149233
112,0.74807787,8.838078,5.231828,410,23.414831,0.32219627,0,5.5785303
113,-0.5819221,14.888078,7.6705775,410,23.414831,0.51582255,0,5.261178
114,2.948078,13.448078,8.329745,410,22.812479,0.34200346,0,5.6885853
115,2.7280781,11.528078,8.004328,410,23.277058,0.27322414,0,8.664871
116,0.6780779,14.688078,7.887245,410,23.26104,0.4101624,0,6.8883963
117,4.288078,15.418077,9.540996,410,13.703508,0.46660347,1.15741E-06,9.019978
118,4.8380775,7.8380775,6.204328,410,6.1580873,0.096021384,8.56482E-05,12.322337
119,3.588078,8.248077,5.4805775,410,15.215794,0.19720316,1.27315E-05,8.949861
120,0.3380779,7.9880776,4.9830775,410,17.554714,0.23983696,2.31481E-06,7.48131
121,3.158078,8.258078,5.5422444,410,18.384552,0.24269364,3.35648E-05,7.683749
122,2.058078,9.948078,6.011411,410,22.844519,0.3400467,0,4.554119
123,-0.5319221,10.388078,5.9914107,410,23.411629,0.33566132,0,6.6030297
124,2.388078,8.828077,5.8514113,410,8.384868,0.17082996,0.000148148,13.520355
125,2.448078,8.568078,5.618494,410,11.87082,0.20498545,0.000104167,14.360014
126,0.7980779,7.688078,4.3793283,410,16.667208,0.3470766,5.78704E-06,7.5927596
127,-1.4019221,11.828077,4.408911,410,20.207628,0.2266644,2.31481E-06,9.80816
128,-0.7219221,9.888078,4.999745,410,24.148544,0.28137867,0,6.4070277
129,0.3080779,13.098078,6.772245,410,11.979754,0.2152036,1.15741E-05,11.136426
130,6.5880775,15.388078,11.490577,410,20.890081,0.39960344,2.31481E-06,8.906739
131,7.268078,14.058078,10.861828,410,11.633722,0.33791008,1.85185E-05,6.71193
132,6.978078,16.408077,11.217244,410,21.380293,0.47476373,2.5463E-05,10
133,5.0280776,12.038077,8.798493,410,13.466413,0.15886499,1.73611E-05,7.2111025
134,4.2980776,10.828077,6.4580784,410,15.356772,0.09953206,1.15741E-06,7.242237
135,3.798078,11.818078,7.632244,410,20.502398,0.26249878,0,6.1717095
136,4.358078,13.278078,9.466827,410,20.70745,0.3605219,0,7.0007143
137,3.998078,10.618078,7.860578,410,15.734845,0.15009187,5.78704E-06,7.3054776
138,3.628078,12.318078,8.560994,410,15.260652,0.23204548,5.78704E-06,7.7006493
139,4.558078,13.518078,8.8068285,410,23.821741,0.33065968,1.50463E-05,8.500588
140,3.758078,13.058078,8.571411,410,17.259947,0.28824885,1.15741E-06,6.8066144
141,7.1380777,12.448078,9.435994,410,13.6778755,0.22413075,5.78704E-06,12.816006
142,5.348078,8.748077,7.7068286,410,6.340716,0.057557803,0.000203704,14.840822
143,4.8180776,11.778078,7.9755783,410,13.524085,0.4107878,0,11.388591
144,0.7780779,13.028078,8.147662,410,13.463208,0.29684503,3.00926E-05,7.4732857
145,3.7280781,12.348078,8.053912,410,19.68858,0.2645756,3.81944E-05,9.419129
146,5.748078,10.068078,7.7389107,410,12.4667635,0.09442048,1.96759E-05,8.01561
147,6.058078,13.818078,10.238078,410,15.462504,0.2230191,5.09259E-05,5.60803
148,4.578078,17.008078,11.252662,410,23.017536,0.35812757,0,6.016644
149,8.3780775,15.918077,11.990578,410,13.588164,0.34538727,1.96759E-05,4.7518415
150,8.238078,19.028078,13.613911,410,23.63591,0.3428974,0,5.124451
151,7.7180777,20.848078,14.49433,410,25.06489,0.4339453,0,5.0990195
152,7.458078,21.858078,15.023078,410,26.045317,0.66304164,0,6.463745
153,9.088078,22.828077,16.616411,410,28.143936,0.780057,0,7.1021123
154,6.0880775,17.468079,12.273495,410,26.25037,0.32690935,0,8.139411
155,9.1280775,21.208078,14.50808,410,21.130379,0.4899644,0,8.134495
156,7.348078,17.988077,13.304745,410,19.49634,0.6111076,0,4.3908997
157,6.348078,19.478077,13.99183,410,24.574678,0.60679336,0,4.535416
158,9.108078,17.788078,13.882247,410,26.356106,0.4917149,0,5.9
159,10.018078,20.128078,15.417244,410,17.1414,0.60591073,0,5.390733
160,6.148078,20.888079,15.273913,410,27.714602,0.61841407,0,7.5584393
161,12.438078,22.248077,17.800163,410,23.520563,0.59683495,1.15741E-06,8.886507
162,11.728078,22.948078,17.796412,410,28.413073,0.59979954,0,10.327633
163,10.758078,17.078077,15.130578,410,26.18629,0.5045682,1.15741E-06,11.710679
164,7.878078,16.678078,12.630993,410,24.577885,0.4557375,0,10.890822
165,12.318078,24.068077,19.140997,410,25.250725,0.6891479,0,8.458132
166,9.648078,16.318077,12.908078,410,21.319416,0.40719748,1.15741E-06,11.353414
167,6.598078,20.078077,13.513078,410,27.390997,0.6438976,0,9.794386
168,13.178078,18.118078,15.524745,410,19.326529,0.64177384,0,9.5692215
169,10.108078,18.288078,14.190994,410,23.760866,0.49909415,0,7.641989
170,5.938078,13.068078,10.097245,410,15.866208,0.19196839,1.73611E-05,7.3109508
171,9.508078,17.488077,13.506412,410,16.394869,0.42850013,1.15741E-06,6.5253353
172,9.048078,17.658077,13.580994,410,22.021091,0.4595057,0,6.0033326
173,7.6380777,14.048078,10.760162,410,22.940638,0.35265293,1.15741E-06,8.786353
174,8.548078,18.038078,12.741828,410,29.066689,0.56960835,0,7.256032
175,8.438078,18.188078,14.011829,410,22.181293,0.4107721,1.15741E-06,7.334848
176,11.858078,21.328077,15.432243,410,20.858038,0.31436214,7.98611E-05,8.130191
177,9.608078,12.528078,10.726827,410,7.0936556,0.16377615,0.000159722,12.164291
178,9.678078,11.468078,10.6280775,410,5.2513556,0.073163843,0.000107639,11.264546
179,10.248077,19.268078,14.6730795,410,22.549751,0.43588905,0,5.2201533
180,10.138078,21.638079,15.756827,410,18.788258,0.47249427,0,4.3965893
181,8.938078,16.258078,12.560577,410,27.83635,0.25376184,0,7.766595
182,8.958077,17.498077,12.383495,410,25.205868,0.35786905,0,5.5217752
183,7.9480777,17.918077,12.257661,410,24.44011,0.4674071,0,5.869412
184,6.398078,17.748077,12.740578,410,25.148193,0.33792317,0,6.8007355
185,10.288077,19.588078,15.35683,410,13.568939,0.31412382,1.73611E-05,4.9819674
186,12.488078,19.978077,16.653913,410,16.923527,0.31531684,5.09259E-05,5.7974133
187,10.488078,17.598078,14.763494,410,10.68534,0.23490078,6.59722E-05,5.8694124
188,7.858078,14.518078,12.217662,410,9.942011,0.15125848,0.000100694,5.60803
189,10.838078,18.518078,14.903911,410,15.57144,0.31043503,1.27315E-05,5.731492
190,11.258078,20.898077,16.42266,410,21.351458,0.5385214,0,6.412488
191,13.178078,19.868078,16.72141,410,12.777552,0.47601876,2.31481E-06,4
192,12.398078,19.458078,16.248913,410,19.521973,0.30272207,1.62037E-05,3.8639357
193,12.888078,19.348078,16.933079,410,9.349272,0.29263363,7.63889E-05,3.3421547
194,13.198078,18.518078,15.720161,410,17.538696,0.1937034,4.62963E-06,5.714018
195,12.8780775,18.718079,15.353078,410,20.460743,0.2969389,2.31481E-06,4.609772
196,12.8780775,22.438078,17.085995,410,26.413773,0.48421044,0,8.646965
197,11.828077,23.098078,16.778078,410,27.749844,0.609816,0,8.570881
198,12.268078,23.098078,17.50183,410,26.942436,0.48367605,0,8.683318
199,13.968078,22.478077,17.960577,410,27.141083,0.513996,0,9.610411
200,12.538077,21.578077,16.82641,410,24.488174,0.5320037,0,8.400595
201,12.658078,21.378078,17.058495,410,26.20231,0.43333225,0,4.365776
202,12.318078,19.518078,15.513495,410,21.694286,0.26311345,0,6.596969
203,12.438078,21.668077,17.46683,410,26.551544,0.4264683,0,5.93043
204,12.218078,19.548079,15.453911,410,22.6683,0.2541026,0,6.747592
205,11.718078,19.878078,15.883079,410,24.987997,0.30565605,0,7.9246454
206,9.6280775,18.258078,13.610993,410,24.260687,0.31190794,0,7.940403
207,9.278078,18.438078,13.998912,410,23.953102,0.3390022,0,5.077401
208,13.258078,23.728077,18.71308,410,22.322266,0.74502997,0,3.5014284
209,11.498077,20.448078,15.994747,410,21.377087,0.34167547,0,4.401136
210,11.918077,17.368078,14.62058,410,10.550771,0.29835482,0.000125,7.8771825
211,9.218078,18.748077,14.7514105,410,16.305155,0.39000618,1.62037E-05,7.1344237
212,11.158078,18.348078,15.109745,410,16.215445,0.33887656,1.15741E-06,5.6
213,11.408078,16.118078,13.397659,410,8.833429,0.23065202,1.15741E-05,4.8270073
214,10.668077,16.218079,13.133494,410,19.246428,0.475792,1.15741E-06,6.0166435
215,10.738078,18.788078,14.569331,410,14.091193,0.52668667,1.15741E-06,6.7911706
216,7.418078,19.948078,14.483911,410,22.431204,0.50466914,0,4.031129
217,10.698078,21.888079,16.323912,410,21.133583,0.74046636,0,5.2801514
218,10.958077,21.088078,16.454329,410,10.518732,0.60086384,1.96759E-05,8.275868
219,13.168077,19.308077,16.118912,410,7.8594117,0.23268733,0.000125,10.394229
220,12.778078,18.278078,15.702245,410,11.710621,0.35409775,2.89352E-05,5.3009434
221,13.898078,16.308077,15.036828,410,6.814907,0.10183953,0.000165509,5.4626
222,12.308078,18.748077,15.216412,410,11.973347,0.23072855,0.000136574,4.1593266
223,11.828077,17.968079,14.741828,410,11.646541,0.30691407,4.62963E-06,5.7008767
224,9.688078,20.618078,15.103911,410,13.479227,0.33569567,3.81944E-05,7.420243
225,7.188078,20.718079,14.168078,410,19.18555,0.5336174,0,10.117806
226,10.548078,18.458078,14.511413,410,19.7046,0.4776132,2.31481E-06,10.653169
227,9.728078,18.218079,13.9580765,410,21.880114,0.4341719,0,10.3
228,7.8680778,18.418077,13.095161,410,12.915324,0.34601564,2.31481E-06,7.0611615
229,10.748077,18.488077,14.244743,410,22.027498,0.59094815,0,8.514693
230,12.118078,18.368078,14.610995,410,15.625909,0.31737783,2.08333E-05,8.570881
231,10.258078,19.068077,14.515995,410,21.412333,0.41392074,0,10.746627
232,10.108078,15.768078,12.526826,410,11.191572,0.18369169,1.15741E-05,5.869412
233,9.828077,19.198078,15.399329,410,13.838078,0.37588503,0,6.894201
234,13.858078,20.068077,16.307661,410,8.099711,0.21273851,0.000207176,4.750789
235,12.678078,19.508078,15.7514105,410,18.442225,0.25565162,1.15741E-06,4.909175
236,11.908078,20.528078,16.102663,410,18.922823,0.41355166,0,4.609772
237,10.818078,20.798079,15.884746,410,20.806776,0.44767075,0,4.9477267
238,12.538077,22.118078,16.663494,410,20.050632,0.45391974,0,5.4120235
239,9.578077,16.328077,12.278079,410,20.54084,0.28439949,0,5.3160133
240,7.858078,14.968078,10.820994,410,20.03461,0.22475457,0,5
241,6.7380776,20.588078,13.209328,410,20.04102,0.4653849,0,3.794733
242,9.398078,16.338078,12.493911,410,15.798923,0.23691947,0,5.141984
243,7.788078,14.778078,11.296828,410,13.424759,0.2369633,0,5.948109
244,9.408078,17.048079,12.690578,410,15.315121,0.29076765,1.15741E-06,5.7489133
245,8.518078,17.998077,12.679328,410,19.531584,0.3108383,0,4.651881
246,8.348078,14.968078,10.573077,410,15.747659,0.16279656,0,5.9135437
247,7.7180777,13.918077,10.116826,410,15.395222,0.14228827,0,7.2111025
248,8.168077,15.198078,11.135578,410,14.081579,0.232041,0,7.4946647
249,7.808078,22.548079,15.485578,410,15.981552,0.57824535,1.15741E-06,3.3241541
250,13.418077,23.678078,18.650164,410,15.049189,0.56277137,1.15741E-06,3.3241541
251,14.078077,23.658077,18.521828,410,17.506655,0.52865853,0,4.7169905
252,12.358078,23.758078,17.741827,410,17.490637,0.5017313,0,4.4553337
253,11.018078,18.818077,14.176827,410,7.0039434,0.26860504,9.9537E-05,4.648656
254,10.948078,21.158077,15.63266,410,12.524436,0.28328648,0,4.652956
255,12.218078,20.188078,16.169329,410,14.309065,0.40924344,0,8.845903
256,8.398078,14.968078,12.349327,410,12.280931,0.3515601,0,5.2000003
257,6.878078,19.228077,12.619744,410,15.648335,0.479273,0,6.5863495
258,11.418077,18.398077,14.488494,410,11.415852,0.44365788,6.94444E-06,5.6222773
259,9.818078,17.778078,13.810578,410,13.934195,0.33446124,0,4.20119
260,8.588078,18.198078,13.69266,410,16.087284,0.3996084,0,6.6
261,10.778078,22.488077,16.299746,410,12.668616,0.61810284,0,4.750789
262,9.828077,18.798079,14.650994,410,11.954124,0.31367915,4.62963E-06,6.3007936
263,9.428078,16.698078,13.651828,410,6.190128,0.17928076,9.72222E-05,5.7218876
264,7.9680777,17.998077,12.388077,410,14.398775,0.2999665,0,7.930952
265,8.068078,20.128078,13.569327,410,14.853744,0.43305697,0,8.321658
266,10.3780775,20.088078,14.632244,410,10.586016,0.35179987,4.16667E-05,10.630145
267,10.778078,16.038078,13.07141,410,10.153476,0.3275748,0,13.345411
268,10.298078,18.358078,13.891828,410,14.046336,0.3624773,0,12.8
269,10.728078,22.478077,15.52266,410,8.352828,0.43758817,0,6.6850576
270,13.978078,20.828077,16.86933,410,13.078729,0.50409436,0,9.042676
271,6.7980776,15.328077,10.818077,410,6.532956,0.20923698,0.00022338,9.963935
272,6.208078,14.208077,10.013078,410,9.112175,0.32948322,1.38889E-05,8.13941
273,4.848078,12.758078,8.428079,410,11.005739,0.23421323,1.15741E-06,8.747571
274,4.098078,16.228077,10.246411,410,6.3279,0.2485838,0.00003125,10.2615795
275,7.608078,12.358078,10.484327,410,11.431872,0.31055498,0,15.572412
276,6.458078,12.758078,9.543494,410,7.135308,0.2403875,2.19907E-05,9.811218
277,4.848078,12.988078,9.188077,410,9.519083,0.24178941,2.77778E-05,11.021797
278,5.9480777,13.888078,9.479745,410,6.84054,0.27206705,8.10185E-06,7.839005
279,5.168078,10.758078,7.7351613,410,3.3674042,0.1175969,7.06019E-05,10.255242
280,4.3380775,13.448078,8.683494,410,11.185164,0.28693798,1.38889E-05,6.92026
281,10.098078,19.918077,15.662244,410,8.356032,0.36180027,3.47222E-06,9.501578
282,13.078077,18.268078,15.710576,410,5.5845714,0.34085789,1.27315E-05,8.246211
283,11.648078,17.068077,14.057244,410,2.6144643,0.1840176,5.09259E-05,7.2339478
284,7.748078,13.548078,10.108077,410,8.5707,0.2115201,0,10.002
285,6.578078,14.038077,10.063495,410,6.949476,0.20805888,6.94444E-06,7.9831076
286,9.728078,12.498077,10.915994,410,5.3763123,0.16744609,5.78704E-06,8.514693
287,8.858078,14.818078,11.492663,410,9.62802,0.21626072,0,10.100495
288,6.3380775,15.238078,10.958077,410,8.464968,0.24918058,1.04167E-05,12.376186
289,1.6580778,9.418077,5.578911,410,9.922788,0.2484417,0,4.2190046
290,0.8380779,10.668077,6.1930785,410,6.0074997,0.2423958,4.74537E-05,4.1785164
291,8.868078,14.808078,11.256828,410,2.886804,0.11017712,5.20833E-05,4.560702
292,10.738078,17.138079,13.73891,410,5.3282523,0.24759047,1.15741E-06,7.359348
293,12.868078,17.268078,14.776828,410,2.841948,0.23789241,6.13426E-05,7.605919
294,4.088078,13.538077,9.666827,410,8.573903,0.2834484,0.00003125,11.264102
295,3.4780781,9.6280775,6.296411,410,7.9651437,0.26959229,0,12.888755
296,5.628078,10.698078,7.8880773,410,8.10612,0.26653137,0,13.209846
297,3.568078,14.218078,9.133494,410,7.917084,0.26155062,0,10.9877205
298,9.828077,15.508078,11.900994,410,7.446096,0.3240955,0,12.101653
299,5.9080777,11.538077,8.489327,410,7.35318,0.26099174,0,10.751744
300,6.878078,16.898077,12.0864105,410,4.3254,0.3143035,2.43056E-05,10.960383
301,12.958077,18.528078,14.842662,410,5.5172877,0.35745084,2.43056E-05,10.822661
302,10.098078,15.268078,13.234328,410,2.4446518,0.1900258,6.94444E-05,7.8294315
303,7.208078,13.318078,10.428079,410,2.361348,0.11448456,2.66204E-05,12.606348
304,5.2780776,10.488078,8.181828,410,3.17196,0.14558206,2.08333E-05,8.414867
305,3.428078,10.758078,6.458912,410,2.149884,0.10503907,2.5463E-05,9.908582
306,5.0080776,10.678078,7.428495,410,3.658968,0.1562128,2.5463E-05,12.903488
307,5.8680778,10.798078,7.770162,410,5.3154354,0.1683287,1.15741E-05,10.34843
308,3.738078,9.418077,6.1714115,410,3.678192,0.17063513,4.62963E-06,6.648308
309,2.198078,8.468078,4.5764112,410,6.1004157,0.18314457,0,6.6573267
310,5.458078,11.858078,8.037244,410,5.8312798,0.12102356,4.62963E-06,7.7162166
311,7.1180778,12.278078,9.245162,410,2.781072,0.20536082,1.73611E-05,15.056228
312,5.398078,9.598078,7.490577,410,5.75118,0.25380366,0,16.654428
313,2.918078,13.988078,8.739744,410,4.26132,0.19817686,1.15741E-06,9.329523
314,7.748078,14.298078,10.518077,410,5.514084,0.21604497,1.15741E-06,9.660228
315,6.308078,10.798078,8.062661,410,5.4852476,0.2601528,0,9.75141
316,5.438078,12.618078,8.740163,410,5.2801914,0.24623559,0,9.75141
317,9.008078,13.068078,10.8034935,410,1.9576441,0.23388474,1.62037E-05,10.223991
318,6.018078,9.178078,7.880161,410,4.7387156,0.10778522,0,7.080254
319,4.688078,10.518078,7.822244,410,1.435392,0.15360385,0,6.5863495
320,5.1380777,11.138078,8.966412,410,4.360644,0.14466654,0,6.7201195
321,4.5480776,11.708077,8.390161,410,1.941624,0.21350079,0,10.423532
322,5.748078,8.718078,7.0468273,410,4.5657,0.17192984,0,11.500435
323,8.668077,13.978078,11.134746,410,4.492008,0.2122845,0,12.739309
324,10.248077,13.598078,11.381412,410,4.1587915,0.22283318,0,11.869709
325,5.5480776,10.778078,8.525995,410,2.121048,0.1872693,6.94444E-06,10.700467
326,2.058078,7.0480776,4.3443274,410,3.5916836,0.16588866,0,8.600581
327,0.3280779,7.8680778,3.8201609,410,3.7102318,0.097318363,0,6.7029843
328,3.678078,8.598078,6.128078,410,3.095064,0.10405613,0,7.610519
329,3.278078,7.628078,5.298078,410,3.9633482,0.14987968,0,10.099999
330,3.088078,5.668078,4.3476615,410,3.4154637,0.21592329,0,11.131936
331,3.638078,7.5280776,5.2364106,410,3.184776,0.19765791,5.43982E-05,24.158022
332,-0.2919221,3.768078,2.0309947,410,3.5276039,0.20580583,0,22.694714
333,-2.221922,3.428078,0.5659946,410,2.652912,0.09449044,4.16667E-05,7.0007143
334,0.008077905,7.3380775,3.6280777,410,2.4190197,0.14365615,0,10.8
335,6.958078,10.988078,8.892661,410,1.6820999,0.10087541,0.000216435,9.8
336,1.1280779,7.598078,4.673078,410,2.912436,0.17055243,6.01852E-05,11.063453
