"doy","mint_C","maxt_C","airt_C","co2_ppm","swrad_MJm2day","vpd_kPa","precip_kgm2s","wind_spd_ms"
1,2.136,12.8,5.077,420.58,1.4944608,0.121,9.89583333333333e-05,8.255
2,2.027,6.87,4.653,422.22,1.7722368,0.0968,4.46759259259259e-05,7.727
3,-1.31,7.55,4.41,424.928,0.8247744,0.0891,9.79166666666667e-05,6.198
4,-1.35,5.779,3.977,427.104,2.6526528,0.1043,4.86111111111111e-05,5.735
5,-1.43,5.842,3.019,428.041,2.8100736,0.1297,5.74074074074074e-05,3.611
6,-0.15,5.406,4.566,425.742,0.8492256,0.0922,7.55787037037037e-05,5.095
7,-0.85,5.092,3.179,425.232,1.6638912,0.082,8.98148148148148e-05,5.663
8,0.24,5.07,3.223,423.464,1.6039296,0.0781,0.000111226851851852,4.893
9,3.042,5.11,3.519,424.516,1.0543392,0.0674,4.34027777777778e-05,4.396
10,3.056,9.24,4.179,425.459,0.9962784,0.0752,3.61111111111111e-05,4.011
11,3.219,5.063,3.739,424.722,2.4544512,0.0791,6.55092592592593e-05,4.665
12,3.392,4.625,3.779,423.402,0.6097248,0.0634,2.02546296296296e-05,7.296
13,3.81,6.18,4.14,422.546,1.3130208,0.0724,1.81712962962963e-05,7.272
14,3.81,6.58,4.586,424.14,1.0740384,0.0609,7.75462962962963e-06,3.571
15,2.94,6.04,4.502,426.989,1.5924384,0.0794,2.52314814814815e-05,2.966
16,4.326,6.29,4.772,424.858,3.3888672,0.0999,5.82175925925926e-05,4.985
17,2.19,7.13,4.486,422.636,2.839104,0.0906,2.80092592592593e-05,5.353
18,2.02,7.47,4.292,425.804,1.7368128,0.0858,4.40972222222222e-05,5.506
19,3.67,6.39,4.554,423.589,3.034368,0.1223,7.95138888888889e-05,5.926
20,0.14,5.9,4.029,425.083,3.3820416,0.1297,2.43055555555556e-05,3.358
21,3.24,6.44,4.434,423.075,1.7360352,0.0908,2.30324074074074e-05,6.229
22,4.04,6.75,4.428,422.61,1.3155264,0.0962,1.55092592592593e-05,5.863
23,3.727,5.18,4.169,422.424,1.4628384,0.1063,9.14351851851852e-06,6.411
24,3.641,6.34,4.213,423.33,2.315088,0.1081,3.92361111111111e-05,4.607
25,3.812,5.5,4.264,424.711,1.2590208,0.1089,2.02546296296296e-05,5.048
26,3.856,8.65,4.519,422.701,1.4594688,0.1026,2.92824074074074e-05,9.093
27,3.87,7.501,5.029,423.5,4.4324928,0.0984,3.05555555555556e-05,6.74
28,3.49,6.361,4.937,423.534,1.2050208,0.0675,3.86574074074074e-05,6.879
29,1.7,9.15,5.283,422.241,3.8041056,0.1029,5.71759259259259e-05,10.683
30,1.42,6.535,4.295,424.99,3.0907008,0.0846,0.000103819444444444,6.494
31,1.43,6.4,4.229,422.798,4.6757952,0.0902,5.03472222222222e-05,7.006
32,3.905,8.91,4.673,421.562,3.1548096,0.0924,2.47685185185185e-05,11.1
33,3.864,8.83,4.924,420.864,1.1231136,0.0592,2.5462962962963e-05,5.586
34,3.622,8.675,4.408,420.821,2.4769152,0.0781,5.8912037037037e-05,8.272
35,0.67,6.099,3.504,422.985,2.7933984,0.0841,5.76388888888889e-05,5.816
36,2.56,5.631,3.472,423.584,1.189296,0.0697,0.000162615740740741,8.641
37,0.63,7.02,3.688,423.119,3.0050784,0.0871,7.40740740740741e-05,7.538
38,-0.32,9.97,3.773,422.876,2.5899264,0.0756,8.26388888888889e-05,7.005
39,3.551,6.91,4.42,421.897,4.1764032,0.1,4.02777777777778e-05,9.094
40,1.26,5.57,3.994,422.719,3.1280256,0.0907,0.000128819444444444,6.969
41,0.16,5.967,3.663,426.087,5.0508576,0.1077,7.71990740740741e-05,7.181
42,-2.09,5.487,3.17,427.636,4.5916416,0.1017,8.03240740740741e-05,5.195
43,3.371,7.87,4.07,421.359,2.8837728,0.0966,9.24768518518518e-05,9.589
44,3.369,7.1,4.348,424.137,0.8204544,0.0798,0.000199421296296296,4.436
45,3.14,7.33,4.602,424.308,5.517936,0.1164,9.40972222222222e-05,4.722
46,1.6,7.793,4.272,423.467,5.2240032,0.1153,0.000103125,5.94
47,3.425,7.1,4.394,421.674,2.1136032,0.1078,0.000295833333333333,10.158
48,2.5,7.793,4.296,422.796,6.42168,0.1195,6.23842592592593e-05,8.452
49,1.845,4.586,3.022,423.946,3.4760448,0.047,0.000131898148148148,6.543
50,1.545,5.526,3.347,428.751,4.3119648,0.0744,2.70486111111111e-05,5.497
51,0.67,6.185,4.067,444.889,2.9383776,0.1043,0.000259375,8.648
52,3.454,9.03,4.777,447.525,7.9977024,0.1678,0.000153356481481481,6.813
53,2.625,7.066,3.895,456.618,7.0389216,0.1268,0.000180555555555556,7.967
54,2.721,7.23,3.376,463.22,1.4629248,0.0956,0.000141203703703704,9.337
55,-0.03,7.433,3.355,472.014,5.7319488,0.1052,0.000124421296296296,8.432
56,1.56,9.39,4.736,464.247,8.3346624,0.1598,4.75694444444444e-05,5.633
57,3.488,6.67,4.286,458.692,4.1019264,0.1097,2.09490740740741e-05,8.193
58,2.9,9.62,4.877,463.901,10.2307968,0.2089,4.25925925925926e-05,4.19
59,1.41,5.905,3.825,461.699,3.5045568,0.0999,4.40972222222222e-05,6.52
60,0,9.41,3.577,470.367,9.003312,0.124,4.87268518518518e-05,1.992
61,-1.97,6.27,3.935,471.929,2.0354112,0.0967,2.87037037037037e-05,2.725
62,3.036,7.79,4.901,474.351,3.0765312,0.0956,3.87731481481482e-05,2.421
63,1.95,8.259,4.769,472.044,3.1225824,0.102,8.27546296296296e-05,1.788
64,1.23,8.384,4.523,469.038,8.5084992,0.1721,3.37962962962963e-05,2.672
65,0.58,8.168,5.044,474.145,10.7881632,0.1828,5.05787037037037e-05,1.541
66,-2.09,8.31,4.464,472.678,12.4786656,0.185,3.53009259259259e-05,2.274
67,0.77,9.54,4.969,467.516,11.853216,0.2198,3.21759259259259e-05,4.336
68,4.842,9.454,6.775,457.909,6.2746272,0.1847,1.41203703703704e-05,5.877
69,4.805,10.93,7.482,457.417,4.1684544,0.16,3.25231481481481e-05,3.561
70,4.665,11.8,7.165,461.031,6.6976416,0.1771,0.000132523148148148,3.162
71,4.814,9.259,6.55,459.787,8.8056288,0.2002,6.80555555555556e-05,3.935
72,5.121,10.95,6.796,457.385,7.2007488,0.2137,3.10185185185185e-05,4.61
73,4.36,10.006,6.594,461.46,7.3342368,0.2108,8.72685185185185e-05,5.43
74,1.85,9.82,7.113,460.983,6.4002528,0.2055,3.80787037037037e-05,4.445
75,2.04,9.841,6.554,463.209,3.4643808,0.1538,6.46990740740741e-05,2.736
76,0.79,11.752,6.551,468.598,6.1967808,0.2019,6.2037037037037e-05,5.651
77,0.72,13.661,7.676,462.929,13.8988224,0.3185,5.9837962962963e-05,3.092
78,4.79,14.79,8.767,455.893,15.0214176,0.4237,4.88425925925926e-05,2.317
79,-0.21,14.76,8.253,465.476,15.4384704,0.3689,1.52777777777778e-05,2.016
80,-2.72,15.029,7.744,475.013,14.80248,0.337,2.33796296296296e-05,1.314
81,3.63,17.09,8.761,458.935,11.968128,0.3542,2.16435185185185e-05,1.73
82,5.745,18.03,8.953,457.035,13.2666336,0.3972,3.62268518518518e-05,2.439
83,5.488,15.57,8.945,459.357,12.3367968,0.3616,2.58101851851852e-05,2.856
84,4.98,16.05,9.542,459.854,14.61024,0.3435,3.55324074074074e-05,2.735
85,5.076,18.61,8.553,461.096,12.8241792,0.3382,3.35648148148148e-05,1.602
86,5.074,17.68,8.952,461.279,16.25616,0.3875,1.64351851851852e-05,2.25
87,4.15,14.629,8.274,469.989,15.8212224,0.3316,1.43518518518519e-05,2.001
88,0.59,11.355,7.01,479.758,6.2279712,0.1866,6.18055555555555e-05,2.964
89,-0.03,13.939,6.143,471.848,12.9804768,0.237,8.66898148148148e-05,4.625
90,-0.37,12.321,5.495,473.268,11.2129056,0.2058,4.6875e-05,3.735
91,-0.62,13.966,5.079,470.246,14.2765632,0.2699,1.11111111111111e-05,2.552
92,2.65,12.388,5.571,472.71,14.08536,0.2387,2.92824074074074e-05,1.641
93,0.888,8.393,4.47,468.517,10.6659936,0.1487,2.2349537037037e-05,5.839
94,2.824,10.28,5.197,450.083,11.8622016,0.1824,1.80555555555556e-05,8.183
95,2.801,9.52,4.802,453.892,5.2024032,0.1734,8.4375e-05,8.52
96,3.004,8.046,4.644,443.386,14.5145088,0.2269,0.00013900462962963,6.786
97,1.77,8.189,4.903,437.901,8.91648,0.1917,5.99537037037037e-05,4.585
98,0.28,9.96,5.665,437.671,15.3581184,0.2559,3.22916666666667e-05,3.208
99,0.82,7.952,5.604,438.907,14.9062464,0.2045,5.2662037037037e-06,3.659
100,-1.14,11.531,7.406,436.46,13.6763424,0.2821,2.02546296296296e-05,2.182
101,2.97,11.995,8.74,430.643,7.519392,0.2793,5.43981481481481e-06,2.609
102,6.53,11.513,7.509,434.515,2.9402784,0.1895,6.75925925925926e-05,2.553
103,6.41,12.63,8.527,430.274,6.693408,0.1694,2.73148148148148e-05,4.107
104,7.038,14.35,9.762,423.887,11.7256896,0.2622,3.0787037037037e-05,2.552
105,7.42,15.06,9.978,423.598,7.785936,0.2887,1.80555555555556e-05,2.041
106,8.025,14.69,11.045,421.503,11.8425024,0.2633,4.74537037037037e-05,3.594
107,7.787,17.13,10.815,414.211,14.2515936,0.3107,1.35416666666667e-05,3.304
108,3.49,14.27,9.771,425.01,17.6384736,0.2632,1.66666666666667e-05,4.869
109,1.26,14.27,9.616,429.819,14.1810048,0.2926,2.26851851851852e-05,1.707
110,1.71,15.89,9.782,425.495,20.4362784,0.3413,1.18055555555556e-05,2.094
111,5.31,13.82,9.2,429.687,19.116864,0.2773,1.13425925925926e-05,4.554
112,5.21,15.623,9.383,425.214,17.7466464,0.3505,6.59722222222222e-06,5.526
113,5.499,11.547,8.227,427.187,17.740512,0.1683,5.78703703703704e-08,5.322
114,4.708,10.2,7.088,428.218,17.270496,0.135,1.35416666666667e-06,4.789
115,5.393,13.165,8.139,427.232,12.9348576,0.2957,4.0625e-05,2.396
116,4.91,13.306,8.046,435.998,9.9340992,0.2538,3.66898148148148e-05,2.364
117,2.61,15.915,9.052,432.313,21.9043872,0.3846,1.14583333333333e-05,2.335
118,0.17,13.893,7.983,430.707,17.3730528,0.3231,3.47222222222222e-06,1.79
119,1.72,17.09,10.017,426.178,21.3186816,0.4642,4.39814814814815e-06,2.094
120,3.18,13.982,9.11,429.388,12.0124512,0.2248,5.18518518518519e-05,4.381
121,7.465,15.5,10.359,420.193,14.8017888,0.2735,2.47685185185185e-05,2.438
122,7.36,12.335,9.464,429.593,5.5988928,0.1921,5.43981481481481e-06,2.537
123,7.16,12.822,9.54,426.907,8.976528,0.1888,3.0787037037037e-05,2.194
124,7.23,15.273,10.752,422.801,16.9264512,0.2913,3.77314814814815e-05,4.915
125,5.37,14.23,10.718,421.695,11.1048192,0.2189,2.95138888888889e-05,4.907
126,8.57,15.22,11.395,419.128,12.8831904,0.2624,4.82638888888889e-05,5.347
127,8.09,15.36,10.893,425.515,9.0441792,0.2295,2.67361111111111e-05,1.54
128,9.337,17.49,12.086,415.476,15.4797696,0.3443,3.24074074074074e-06,2.985
129,9.332,13.617,10.937,418.04,7.6249728,0.2226,2.93981481481481e-05,7.074
130,7.65,16.315,11.743,419.987,18.268848,0.3055,6.30787037037037e-05,7.162
131,6.79,16.315,11.89,421.913,20.3596416,0.3377,5.3125e-05,6.907
132,6.65,16.273,12.164,422.629,18.982512,0.3348,8.40277777777778e-05,6.594
133,9.3,14.201,11.545,421.754,7.6583232,0.2657,3.34490740740741e-05,7.392
134,8.77,16.92,12.273,419.246,22.2407424,0.362,2.99768518518519e-05,4.089
135,8.5,14.731,11.696,418.545,14.198112,0.2518,2.68518518518518e-05,2.11
136,10.161,12.75,10.915,421.88,3.08448,0.1165,9.3287037037037e-05,2.312
137,9.883,18.4,12.555,411.018,15.6398688,0.2678,6.6087962962963e-05,3.072
138,9.782,16.41,13.221,411.756,25.4939616,0.4342,2.92824074074074e-05,6.28
139,9.84,16.22,12.252,415.109,25.7758848,0.4098,6.48148148148148e-06,5.88
140,8.4,14.4,11.229,417.34,15.734736,0.1905,2.8587962962963e-05,5.178
141,8.61,14.09,11.312,416.166,13.8876768,0.2012,1.85185185185185e-05,5.98
142,9.59,15.08,12.286,415.123,12.1019616,0.0979,3.86574074074074e-05,5.168
143,8.74,14.6,11.218,416.965,19.5611328,0.2263,1.59722222222222e-05,4.848
144,6.74,14.15,10.032,421.44,21.0711456,0.2027,2.07175925925926e-05,4.514
145,7.51,13.259,10.599,420.523,16.5442176,0.1727,3.56018518518519e-05,6.893
146,7.5,13.68,10.212,421.037,18.1351008,0.2521,1.59722222222222e-05,7.993
147,7.531,12.994,10.166,418.101,13.7694816,0.294,5.43981481481481e-06,8.276
148,6.292,14.379,10.335,419.036,19.2578688,0.3176,3.47222222222222e-07,3.009
149,5.478,11.477,8.789,425.779,13.8714336,0.2481,9.61805555555555e-06,2.68
150,4.87,11.56,8.192,429.472,14.3412768,0.1432,1.16898148148148e-05,1.349
151,4.3,11.68,8.388,423.595,16.1135136,0.1065,5.55555555555555e-06,2.419
152,7.9,14.51,10.734,416.525,14.0246208,0.2098,7.17592592592593e-05,2.109
153,5.3,16.95,12.184,418.732,19.8561024,0.4318,2.89351851851852e-06,2.128
154,7.7,13.19,10.31,416.125,17.8766784,0.0899,1.96759259259259e-06,4.016
155,5.86,16.9,11.285,413.289,29.245968,0.3917,5.78703703703704e-07,2.612
156,3.4,15.13,10.038,418.305,22.6014624,0.2234,4.05092592592593e-06,2.558
157,7.02,13.5,10.404,416.243,21.2868,0.1901,3.00925925925926e-06,2.688
158,5.47,16.78,11.267,414.241,23.64768,0.2044,0,2.612
159,8.54,14.94,11.241,418.474,8.8739712,0.0153,0.000139351851851852,2.285
160,10.68,16.28,13.162,414.186,14.622336,0.1297,1.58564814814815e-05,3.896
161,11.02,17.38,14.118,408.844,26.08848,0.3295,9.02777777777778e-06,7.031
162,9.48,14.66,12.473,410.394,12.3950304,0.1999,2.8125e-05,8.268
163,7.02,13.24,10.417,415.638,21.1773312,0.1312,2.06018518518519e-05,7.069
164,7.01,13.51,10.761,416.471,12.5662752,0.1028,2.89351851851852e-06,5.102
165,9.768,14.758,12.206,416.269,11.5210944,0.2778,1.01273148148148e-05,3.468
166,9.09,19.09,14.673,415.637,23.7385728,0.4516,4.62962962962963e-07,2.65
167,8.82,19.85,15.525,408.125,19.532016,0.435,1.15740740740741e-06,3.917
168,8.57,15.95,13.69,408.686,13.4068608,0.2779,4.35185185185185e-05,6.684
169,7.3,14.66,10.92,415.233,21.269952,0.2812,1.96759259259259e-06,7.268
170,8.07,16.25,12.505,410.318,21.0480768,0.4042,8.10185185185185e-06,4.358
171,3.82,19.44,13.167,415.579,29.5722144,0.5374,1.96759259259259e-06,4.383
172,10.83,17.28,14.063,408.142,14.5728288,0.1116,1.12268518518519e-05,4.202
173,10.95,17.61,14.23,406.844,22.4952768,0.1822,1.62037037037037e-06,5.396
174,13.02,21.83,17.083,399.661,20.3440032,0.4762,9.9537037037037e-06,3.701
175,13.16,20.19,16.095,412.953,18.1756224,0.2353,2.82407407407407e-05,1.844
176,9.98,16.98,13.764,408.013,24.5474496,0.3526,3.13657407407407e-05,3.969
177,8.74,15.49,12.379,412.293,19.176048,0.2205,1.05324074074074e-05,4.696
178,9.5,15.13,12.454,409.403,18.3494592,0.1893,2.93981481481481e-05,3.707
179,11.48,15.17,13.151,408.438,12.1544064,0.1505,4.08912037037037e-05,4.659
180,11.15,17.89,14.154,408.257,20.8523808,0.2329,2.90509259259259e-05,2.879
181,9.57,17.76,13.483,417.03,21.3642144,0.2524,1.96759259259259e-06,2.483
182,10.72,17.5,13.294,414.472,18.0887904,0.2113,5.78703703703704e-07,3.275
183,10.73,16.51,12.758,410.114,18.2695392,0.1242,9.98842592592593e-05,5.087
184,10.01,14.8,12.394,407.994,14.0126112,0.177,3.47222222222222e-06,5.883
185,9.52,14.74,11.785,408.197,20.3413248,0.1816,4.28240740740741e-06,7.757
186,9.34,17.04,12.978,405.566,19.807632,0.3435,3.00925925925926e-06,5.112
187,12.32,15.27,13.642,406.754,8.027424,0.0419,2.75462962962963e-05,7.372
188,11.21,20.42,15.567,398.083,28.0636704,0.2418,0,5.062
189,12.54,17.1,14.303,403.968,15.8897376,0.086,2.5462962962963e-06,6.094
190,9.84,20.33,15.167,397.078,28.0128672,0.3981,0,5.385
191,13.08,23.83,18.133,395.847,30.2605632,0.5196,5.78703703703704e-07,4.181
192,11.95,22.55,17.899,402.036,18.8193888,0.4887,0,3.903
193,10.71,20.08,16.811,400.072,15.1082496,0.3166,0,5.65
194,9.11,16.24,12.966,405.319,20.01672,0.2569,0,5.724
195,9.42,16.35,13.064,404.11,15.65352,0.2255,1.86342592592593e-05,4.294
196,9.62,18.95,13.998,402.525,16.265232,0.2106,3.84259259259259e-05,4.242
197,7.43,19.53,13.738,403.515,19.6103808,0.1822,0,3.943
198,14.06,24.09,18.597,396.898,14.7102048,0.5886,1.15740740740741e-06,3.403
199,15.04,28.38,21.911,392.19,26.7171264,1.1682,0,3.458
200,16.15,30.26,23.076,393.506,17.024256,1.2206,0,1.885
201,10.28,21.32,16.381,399.837,20.121264,0.3346,0,3.975
202,10.57,18.05,14.505,401.834,17.8465248,0.2757,0,2.008
203,11.6,16.73,13.972,403.979,7.8781248,0.1085,6.8287037037037e-06,1.073
204,13.4,18.6,16.286,396.708,12.820896,0.1677,3.58796296296296e-06,3.067
205,14.65,20.09,16.771,395.668,8.6928768,0.136,5.23148148148148e-05,5.935
206,11.5,17.83,14.09,404.066,7.4453472,0.0479,7.73148148148148e-05,3.101
207,8.18,15.89,12.734,409.444,14.0308416,0.3405,0,2.199
208,6.22,17.57,12.669,409.358,21.5434944,0.3049,0,2.02
209,9.25,17.18,13.592,417.516,8.646048,0.156,1.85185185185185e-06,1.129
210,12.2,20.91,16.213,399.97,20.9672928,0.425,5.09259259259259e-06,3.27
211,11.19,20.56,16.551,396.096,15.5324736,0.1661,1.34259259259259e-05,4.867
212,9.79,17.31,13.234,410.65,11.334816,0.1316,9.83796296296296e-06,2.089
213,7.52,18.19,13.778,404.851,18.6986016,0.2348,5.65972222222222e-05,4.47
214,15.22,21.31,18.452,391.138,10.7681184,0.2472,1.58564814814815e-05,6.92
215,10.71,16.94,14.545,396.576,10.4821344,0.1225,1.30787037037037e-05,5.821
216,7.13,15.75,11.991,406.468,21.4779168,0.257,4.17824074074074e-05,4.395
217,5.32,16.16,10.774,409.27,19.6113312,0.2633,8.7962962962963e-06,4.075
218,6.92,16.82,12.83,403.691,14.600736,0.2029,4.62962962962963e-06,5.441
219,12.24,18.31,14.397,397.714,10.0564416,0.0662,4.28240740740741e-06,5.972
220,11.58,19.68,15.345,399.254,22.3195392,0.354,1.04166666666667e-06,4.27
221,11.71,22.55,17.041,399.194,19.433088,0.3721,0,3.723
222,10.59,25.4,17.882,400.208,24.5213568,0.7522,0,3.291
223,10.53,25.85,18.553,397.941,25.1515584,0.992,0,3.299
224,9.46,21.77,15.7,403.002,22.8779424,0.2411,0,2.452
225,13.37,23.44,17.711,392.164,20.9348064,0.3361,1.15740740740741e-06,2.106
226,10.23,22.46,15.731,405.082,17.341344,0.1113,0.000187615740740741,1.894
227,13.43,16.01,14.978,404.787,3.6768384,0,0.000259490740740741,2.327
228,10.77,15.43,13.018,400.67,6.7581216,0.0383,7.11805555555556e-05,3.46
229,9.11,15.43,12.244,399.184,18.4719744,0.2833,0,2.782
230,9.71,18.35,14.52,400.324,9.2441088,0.1597,1.43518518518519e-05,4.591
231,7.97,16.49,12.558,401.106,13.6090368,0.1441,5.53240740740741e-05,4.652
232,7.25,16.97,12.769,401.01,15.583968,0.2022,1.90972222222222e-05,5.649
233,8.94,16.61,12.584,401.416,15.3609696,0.2367,1.96759259259259e-06,4.405
234,8.55,16.43,12.932,415.706,6.1779456,0.0364,1.99074074074074e-05,1.317
235,11.74,20.43,16.698,399.087,10.1754144,0.1241,5.78703703703704e-07,3.453
236,12.23,17.9,14.701,407.252,11.7660384,0.1432,0.000128819444444444,3.255
237,8.9,17.41,13.029,409.229,14.403744,0.2491,0,3.196
238,9.7,18.45,13.473,417.823,10.5045984,0.0761,0.000103356481481481,1.869
239,9.42,18.97,13.964,406.07,17.6812416,0.1677,0,1.162
240,10.74,17.99,13.824,406.68,14.9596416,0.0745,0,1.876
241,9.24,17.79,13.825,406.817,11.983248,0.1115,0,2.097
242,8.99,12.98,11.818,409.65,6.9710112,0.0734,4.05092592592593e-06,2.199
243,6.16,17.133,11.325,409.939,13.6346112,0.1659,0,1.951
244,7.27,17.8,13.123,401.617,14.14584,0.191,0,1.825
245,7.98,19.41,14.421,396.303,14.6730528,0.3537,0,1.736
246,13.94,18.85,16.455,397.227,5.2707456,0.125,1.81712962962963e-05,2.448
247,15.43,19.63,17.099,400.505,8.7922368,0.1453,7.98611111111111e-06,2.138
248,13.73,21.29,17.872,394.827,15.6428928,0.3685,5.84490740740741e-05,1.804
249,11.49,18.14,14.801,410.661,5.4100224,0.1015,0.00019224537037037,1.565
250,10.19,18.62,14.543,410.742,12.346128,0.1124,7.98611111111111e-06,1.634
251,11.74,16.27,14.399,405.414,4.7520864,0,0.000349652777777778,3.058
252,12.1,14.42,13.2,399.806,4.6265472,0.0124,7.8587962962963e-05,4.964
253,10.79,15.14,12.965,404.583,9.0337248,0.1638,0,2.062
254,9.21,18,14.372,401.925,8.503056,0.1338,8.56481481481482e-05,2.321
255,10.02,16.08,13.729,399.521,11.4810912,0.112,3.35648148148148e-06,5.701
256,7.45,16.52,11.654,404.148,15.4110816,0.1772,1.38888888888889e-06,3.761
257,6.95,15.56,11.072,409.493,8.8748352,0.1934,6.94444444444444e-07,2.638
258,4.62,14.42,10.409,415.888,13.9938624,0.3098,0,3.265
259,5.09,12.84,8.709,425.83,13.0368096,0.3054,0,3.363
260,4.36,13.49,9.605,424.577,13.9166208,0.251,0,4.19
261,8.79,13.5,10.597,425.655,5.4516672,0.0979,4.39814814814815e-06,2.852
262,8.29,15.07,11.623,431.809,8.4467232,0.1128,0,1.932
263,9.9,17.05,12.743,429.716,10.6320384,0.1803,5.32407407407407e-06,2.909
264,7.95,16.29,12.988,421.594,9.7943904,0.1611,1.96759259259259e-06,4.341
265,8.18,14.76,12.657,420.34,5.2187328,0.0361,7.24537037037037e-05,4.099
266,6.68,15.12,10.207,426.496,10.6687584,0.1588,2.43055555555556e-06,3.44
267,5.036,12.79,9.607,432.646,9.2077344,0.1937,6.05324074074074e-06,1.604
268,6.416,13.167,9.474,431.781,5.7636576,0.1073,1.44212962962963e-05,5.997
269,3.2,12.08,7.911,427.422,9.11088,0.1532,2.43055555555556e-05,4.226
270,3.36,11.43,7.811,426.874,9.4722912,0.1549,3.7037037037037e-06,4.553
271,5.4,11.99,9.218,425.37,5.018112,0.0762,4.44444444444444e-05,4.361
272,9.12,14.09,11.39,423.851,7.2117216,0.0361,7.63888888888889e-06,3.527
273,7.72,13.91,11.003,425.128,3.8208672,0.0714,0.000190162037037037,6.899
274,8.46,12.77,10.078,424.816,8.644752,0.0516,6.45833333333333e-05,6.004
275,8.46,14.3,10.725,423.615,10.501056,0.1023,4.28240740740741e-06,5.055
276,8.46,13.94,11.816,424.929,4.3430688,0.092,2.77777777777778e-06,4.914
277,10.46,15.05,13.184,421.342,2.8150848,0.0055,0.000128009259259259,5.703
278,6.76,13.79,9.854,427.069,3.7211616,0.0109,5.03472222222222e-05,6.337
279,8.43,13.51,11.527,426.563,7.7773824,0.0731,6.03009259259259e-05,9.797
280,6.03,11.9,8.957,435.627,5.6611008,0.0241,0.000143287037037037,6.675
281,5.63,11.92,8.752,432.859,8.1226368,0.0521,0,4.781
282,5.8,12.52,10.356,432.944,3.084048,0.075,7.48842592592593e-05,7.248
283,5.28,11.08,7.784,440.007,9.656928,0.1028,9.25925925925926e-07,5.079
284,6.28,11.25,9.268,434.754,4.8775392,0.1014,2.08333333333333e-06,4.619
285,5.102,13.156,9.782,434.456,4.6262016,0.1126,3.10300925925926e-05,5.198
286,3.646,12.347,7.357,446.425,6.136992,0.0963,1.4375e-05,3.736
287,2.31,10.56,7.196,443.83,5.304096,0.0177,3.64583333333333e-05,3.428
288,3.62,10.3,7.359,443.023,7.2754848,0.0537,0.000136574074074074,5.486
289,5.61,10.99,8.055,443.665,8.9833536,0.1201,3.4837962962963e-05,5.44
290,7.99,11.85,10.546,438.929,5.8404672,0.0796,4.83796296296296e-05,7.465
291,5.87,10.78,8.77,444.132,6.6361248,0.0514,0,2.433
292,7.1,10.26,9.307,439.283,3.3481728,0.0605,3.99884259259259e-05,2.77
293,9,10.94,10.098,438.791,1.0154592,0.0015,0.000210069444444444,3.186
294,9.82,14.15,11.445,439.33,4.0392864,0.0083,3.61111111111111e-05,1.395
295,10.42,13.26,11.639,446.69,2.9262816,0.0064,7.12962962962963e-05,2.255
296,10.74,14.27,12.139,433.711,2.630448,0.0074,7.41898148148148e-05,1.676
297,8.41,13.21,10.642,443.233,4.3677792,0.0131,1.50462962962963e-05,3.33
298,8.86,13.49,11.144,427.092,3.963168,0.0623,5.90277777777778e-06,3.35
299,10.78,14.29,12.379,425.085,3.8670048,0.0986,7.04861111111111e-05,6.281
300,9.81,14.88,13.081,424.475,3.323808,0.0507,3.35648148148148e-06,3.729
301,10.13,14.68,12.759,423.227,4.98096,0.1128,1.13425925925926e-05,6.272
302,9.37,13.79,11.724,429.74,1.6482528,0.0483,2.30324074074074e-05,3.152
303,10.28,13.04,11.824,424.751,3.20544,0.1061,1.14583333333333e-05,5.405
304,10.42,13.97,12.187,425.012,3.3521472,0.1054,1.57407407407407e-05,4.175
305,7.08,10.46,8.629,438.133,2.0581344,0.0192,4.17824074074074e-05,4.34
306,4.47,10.7,7.78,436.298,1.3372128,0.0268,0.000352083333333333,7.055
307,1.8,9.35,5.994,439.629,5.2563168,0.0638,2.08333333333333e-07,3.528
308,1.67,9.59,5.214,444.409,4.32216,0.0185,5.09259259259259e-06,3.901
309,5.18,10.54,7.466,438.307,1.701648,1e-04,3.36805555555556e-05,3.062
310,5.75,9.26,7.906,436.811,1.5321312,2e-04,0.000133333333333333,2.593
311,6.25,12.89,10.519,429.017,1.1068704,0.0127,7.93981481481482e-05,4.607
312,6.23,11.85,9.109,431.502,2.7382752,0.0646,3.75e-05,5.413
313,7.77,10.93,8.867,431.309,4.0468032,0.0588,6.25e-06,7.046
314,11.22,14.23,13.163,424.797,2.1806496,0.1073,1.75925925925926e-05,10.248
315,11.09,14.98,13.903,426.769,2.0192544,0.0617,1.78240740740741e-05,9.167
316,6.09,13.32,10.836,433.746,2.4739776,0.0121,7.75462962962963e-06,3.442
317,8.42,14.98,12.123,431.519,4.0887072,0.1049,1.96759259259259e-06,2.752
318,7.54,12.37,10.074,442.283,2.9586816,0.0127,0,1.861
319,6.18,9.96,8.232,449.452,0.5578848,0.008,0.000117939814814815,1.955
320,2.45,6.88,5.047,446.309,2.3334912,0.008,8.10185185185185e-07,1.681
321,4.01,7.54,6.531,449.909,0.6668352,0,0.00028912037037037,3.185
322,6.54,7.87,7.224,448.622,1.0543392,0,0.000255555555555556,4.709
323,5.87,7.46,6.709,439.306,2.1667392,0.0031,6.59722222222222e-06,2.45
324,1.13,6.84,4.593,445.261,2.962224,0.0012,5.20833333333333e-05,3.094
325,-1.38,4.73,1.913,454.306,2.1278592,0,2.77777777777778e-06,1.651
326,0.46,7.08,3.139,453.047,3.356208,0.0048,2.31481481481481e-06,0.883
327,2.73,8.24,5.576,443.624,1.9607616,0.0175,1.33101851851852e-05,3.343
328,5.7,8.27,6.962,436.787,1.145664,0.0451,2.41898148148148e-05,5.965
329,4.78,8.57,6.847,439.287,2.7562464,0.034,0,6.618
330,7.42,11.61,9.955,432.098,1.1593152,0.032,2.1412037037037e-05,6.181
331,6.09,11.7,8.387,434.74,3.0057696,0.0985,1.27314814814815e-06,5.791
332,1.11,8.16,5.19,445.458,3.187728,0.0027,8.33333333333333e-06,1.907
333,0.62,6,3.128,454.467,3.1594752,0,1.27314814814815e-06,1.503
334,0.64,6.19,2.663,455.129,3.1688928,0.0019,1.04166666666667e-06,1.941
335,1.96,7.95,5.801,454.26,0.9522144,0,6.13425925925926e-06,2.281
336,4.29,7.6,6.258,458.146,0.7826112,0.0024,5.78703703703704e-07,0.994
337,0.91,5.65,3.312,460.601,2.0803392,0.0073,9.25925925925926e-07,0.949
338,0.75,4.27,2.873,454.176,1.0390464,0,1.00694444444444e-05,2.555
339,2.1,4.64,3.247,453.257,1.8395424,0.0019,1.34259259259259e-05,2.595
340,-0.61,4.14,2.151,450.726,2.2551264,0.0306,2.19907407407407e-06,2.439
341,-0.84,2.76,0.641,455.474,2.419632,0.0253,0,2.659
342,-4.09,1.86,-1.1,461.038,2.2543488,0.0234,2.43055555555556e-06,2.339
343,-3.23,0.68,-1.305,463.102,2.6411616,0.0024,1.96759259259259e-06,3.438
344,-2.78,0.82,-1.007,465.385,1.3921632,0,8.42592592592593e-05,2.164
345,-6.11,0.99,-1.633,466.55,1.577232,0,8.20601851851852e-05,2.328
346,-8.89,-3.07,-5.623,476.447,1.508976,0,2.19907407407407e-06,1.893
347,-9.93,-4.46,-6.84,480.291,1.87488,0,0,7.123
348,-6.85,-1.34,-4.384,475.868,1.8626976,0.0242,2.66203703703704e-06,2.716
349,-5.54,-0.86,-3.823,476.718,2.9905632,0.0072,1.38888888888889e-06,3.123
350,-5.33,2.39,0.409,466.781,1.9739808,0.0055,4.3287037037037e-05,6.244
351,-1.06,2.06,1.002,466.708,2.124576,0,2.53472222222222e-05,4.825
352,-2.07,4.35,1.941,470.658,0.9064224,0.0568,7.17592592592593e-06,3.266
353,4.64,12.78,9.142,450.341,1.4020992,0.0137,4.28240740740741e-05,6.227
354,3.79,6.8,5.488,457.781,1.7457984,0.0413,0,6.19
355,4.26,6.66,5.545,462.767,0.6912,0.0194,3.57638888888889e-05,8.156
356,2.45,6.87,5.369,465.689,0.9736416,0,1.62037037037037e-06,2.711
357,2.24,4.91,3.834,465.181,0.67392,0,4.38657407407407e-05,1.938
358,2.74,8.33,5.95,457.723,1.3216608,0,7.93981481481482e-05,4.239
359,0.99,7.42,5.961,458.163,0.6918048,0,0.000113541666666667,3.967
360,-0.86,1.74,0.632,471.674,0.8814528,0.0015,3.46064814814815e-05,5.8
361,-1.43,5.74,2.311,469.136,0.6247584,0,4.0625e-05,3.334
362,4.41,7.89,5.968,459.19,0.3645216,0,6.93287037037037e-05,5.411
363,1.34,5.18,3.63,468.943,1.4453856,0,6.9212962962963e-05,7.011
364,1.74,7.93,5.444,466.535,0.7053696,6e-04,0.000494907407407407,7.699
365,0.78,2.68,1.822,468.741,0.6749568,0,0.000100694444444444,2.755
1,0.81,4.03,2.534,448.893,0.69552,0,2.01388888888889e-05,2.384
2,-2.58,1.9,0.027,453.868,2.0562336,2e-04,0,3.033
3,1.49,11.15,6.07,440.74,1.1155104,9e-04,4.31712962962963e-05,4.74
4,3.76,11.17,7.835,438.699,0.8992512,0,4.34027777777778e-05,7.004
5,3.49,9.72,6.815,440.437,0.8532,0,4.375e-05,5.015
6,5.53,7.92,6.218,440.469,1.675728,0.009,7.52314814814815e-06,7.684
7,5.99,10.05,7.491,436.555,1.7057088,0.0174,7.68518518518518e-05,6.044
8,3.13,6.53,4.93,442.389,1.0950336,0.0265,5.09259259259259e-06,6.435
9,2.63,4.82,3.867,445.591,1.2972096,0,5.37037037037037e-05,5.334
10,3.62,11.06,6.087,440.108,0.6509376,0,0.000157523148148148,6.202
11,3.87,5.66,4.882,442.44,1.8058464,0.0037,1.88310185185185e-05,9.258
12,3.6,7.44,5.084,441.519,0.8896608,9e-04,5.61342592592593e-05,7.238
13,2.84,6.25,4.916,442.255,1.8045504,0,1.85185185185185e-06,6.099
14,1.32,5.46,3.436,444.892,1.437696,0,0.000302430555555556,7.288
15,0.02,4.05,2.304,448.101,2.4748416,0.0046,5.09259259259259e-06,4.26
16,-4.84,0.7,-2.251,459.605,3.5215776,0.0085,7.98611111111111e-06,3.353
17,-4.46,2.737,1.347,460.109,2.737584,0.0213,3.00925925925926e-06,4.492
18,-2.59,2.17,0.137,455.741,2.5569216,0.0267,0,3.834
19,-3.65,2.78,-0.428,455.943,2.3895648,0.0019,2.66203703703704e-06,4.635
20,-2.44,2.86,-0.234,457.396,4.0540608,0.0119,0,1.992
21,-1.46,4.5,2.15,450.991,3.368304,0.0344,1.73611111111111e-06,4.814
22,3.33,6.01,4.872,450.254,1.508112,0,5.78703703703704e-07,6.04
23,5.23,7.46,6.559,447.72,1.2198816,0,0,5.067
24,5.24,9.5,7.503,442.518,1.8702144,0,3.24074074074074e-06,4.625
25,2.92,8.64,6.433,440.824,2.9871072,0.0092,1.81712962962963e-05,5.032
26,2.15,5.74,3.97,448.014,4.1998176,0.0296,1.15740740740741e-06,2.367
27,-2.67,3.74,1.394,455.181,2.6924832,0,0,3.761
28,2.56,5.94,4.27,445.174,4.1539392,0.0101,5.43981481481481e-06,4.137
29,3.18,8.45,5.46,443.967,1.370304,0.0013,2.34953703703704e-05,9.105
30,2.85,6.81,4.769,444.503,4.199904,0.008,1.11111111111111e-05,6.943
31,1.6,7.54,4.226,446.971,2.9383776,0.0016,9.31712962962963e-05,9.249
32,2.96,7.95,5.539,442.916,3.9547008,0.0033,9.03935185185185e-05,7.733
33,7.29,9.11,8.112,435.779,1.734912,0,3.90046296296296e-05,9.432
34,4.99,9.62,7.555,438.049,1.904688,0.0041,8.91203703703704e-06,6.167
35,1.88,8.7,6.47,440.893,2.063232,0.0131,1.79398148148148e-05,5.488
36,-0.43,5.32,2.215,451.336,4.0765248,0.0174,0,3.103
37,2.72,7.15,5.026,443.925,4.3339968,0.0029,0,4.788
38,4.3,8.03,6.38,442.522,2.274912,0,2.19907407407407e-06,4.05
39,2.25,7.63,5.931,443.07,4.554576,0.0361,3.54166666666667e-05,8.139
40,1.48,5.71,3.927,446.457,2.0729952,0,4.51388888888889e-06,6.239
41,3.68,8.24,6.454,441.479,1.2064896,0,4.57175925925926e-05,7.677
42,6.55,8.03,7.459,438.48,3.2958144,0,3.47222222222222e-06,5.371
43,4.22,7.82,6.413,441.543,1.9827936,0.0524,0,3.485
44,-0.09,6.93,3.019,454.824,6.8488416,0.0074,0,1.492
45,0.58,9.05,5.69,445.661,4.2483744,0.0365,5.78703703703704e-07,3.916
46,5.21,8.93,6.936,436.476,2.7944352,0.0806,3.47222222222222e-06,6.405
47,4.57,10.75,7.071,436.654,2.1541248,0,3.20601851851852e-05,4.647
48,3.43,11.33,7.245,434.715,6.899472,0.0428,0.00012037037037037,8.625
49,3.08,8.76,5.108,436.966,2.2896,0,0.000161342592592593,3.565
50,1.79,9.98,6.497,434.524,3.5302176,0,8.68055555555556e-06,7.078
51,8.41,10.01,9.461,431.098,2.3177664,0,2.67361111111111e-05,9.223
52,6.84,9.52,8.334,433.327,2.9594592,0,1.03009259259259e-05,5.637
53,2.14,7.47,5.017,434.173,5.1241248,0.0312,2.65046296296296e-05,3.989
54,-1.44,6.94,3.661,435.496,6.8729472,0.0304,0,4.657
55,1.14,8.07,5.61,434.286,7.8581664,0.0569,8.21759259259259e-06,4.516
56,0.36,3.85,2.454,436.536,3.7512288,0.0836,0,4.161
57,0.46,4.6,2.902,437.268,3.5576928,0.0149,0,2.118
58,1.07,3.56,2.436,444.737,2.1282048,0,3.47222222222222e-06,1.424
59,2.67,5.28,3.77,435.749,3.7537344,0,5.55555555555555e-06,3.871
60,3.07,5.28,4.235,432.944,4.1470272,0,7.87037037037037e-06,6.166
61,3.23,5.01,3.973,434.232,4.7037024,0,1.53935185185185e-05,4.104
62,0.4,4.29,3.13,436.555,3.3114528,0.0279,0,2.064
63,-0.94,5.74,2.697,438.566,7.0982784,0.041,0,1.928
64,0.16,6.29,3.005,436.325,4.6765728,0.0256,0,2.406
65,-2.08,4.5,2.031,435.582,8.7450624,0.0807,8.10185185185185e-06,4.209
66,-4.9,2.39,-1.511,438.799,10.3853664,0.1283,0,2.679
67,-5.86,1.7,-2.181,441.831,11.3571072,0.0358,9.72222222222222e-06,2.132
68,-4.1,1.52,-0.791,438.272,7.0332192,0.0146,1.49305555555556e-05,3.18
69,-2.29,4.36,0.613,436.776,13.0802688,0.1505,4.28240740740741e-06,3.846
70,-3.15,4.11,0.335,437.019,8.9650368,0.0517,5.6712962962963e-06,2.339
71,0.31,10.27,6.52,432.832,5.9495904,0.0031,7.90509259259259e-05,6.564
72,0.7,10.31,5.328,433.709,2.0578752,0.0027,0.000362152777777778,5.626
73,-3.38,2.75,-0.439,438.752,9.1395648,0.0247,3.00925925925926e-06,3.114
74,-4.5,3.49,0.24,438.213,5.9988384,0,2.90509259259259e-05,2.993
75,2.71,10.96,7.813,432.366,3.8333952,0,8.50694444444444e-05,4.685
76,6.22,11.35,8.923,432.368,7.4890656,0.0031,0,3.267
77,3.94,12.33,8.27,436.258,7.1734464,0.0035,1.03009259259259e-05,3.191
78,3.42,8.42,5.784,434.135,6.688224,0.0327,1.35416666666667e-05,3.565
79,4.24,10.6,7.286,438.681,4.0163904,0,3.4837962962963e-05,1.727
80,8.37,11.61,9.579,430.033,9.3057984,7e-04,7.17592592592593e-06,5.801
81,5.16,9.6,7.931,432.496,12.8074176,0.0987,1.28472222222222e-05,9.092
82,3.78,11.02,7.546,431.997,11.3014656,0.0545,2.39583333333333e-05,6.155
83,4.16,10.23,6.431,435.624,8.837856,0.0185,7.38425925925926e-05,4.606
84,2.02,5.65,4.748,436.472,4.6633536,0.0146,6.48148148148148e-05,2.902
85,-0.88,5.35,2.291,437.551,8.1188352,0.0422,1.06481481481481e-05,2.632
86,-3.06,6.97,1.762,435.949,18.0101664,0.2233,0,2.041
87,-0.14,7.78,5.117,436.822,4.4113248,0.0051,3.68055555555556e-05,2.936
88,4.736,11.89,7.917,431.883,4.3670016,0.0779,2.24537037037037e-05,3.652
89,7.05,13.55,9.75,434.042,10.7629344,0.168,0,3.248
90,4.48,9.14,6.861,438.199,3.1940352,0.0028,1.79398148148148e-05,3.624
91,3.68,5.34,4.459,435.944,4.0754016,0.003,1.03009259259259e-05,3.598
92,2.28,9.47,5.624,435.782,12.3673824,0.1324,0,1.648
93,-1.46,11.19,5.411,435.617,18.527184,0.3447,0,2.326
94,1.59,10.71,6.732,434.558,13.0870944,0.281,0,5.005
95,7.23,12.17,9.389,433.272,7.6694688,0.0388,3.59953703703704e-05,4.601
96,3.63,10.6,7.844,432.224,13.1329728,0.2075,2.31481481481481e-06,5.357
97,0.79,10.42,5.465,438.126,20.4309216,0.209,0,2.202
98,1.15,12.95,7.344,436.716,17.0586432,0.2505,1.73611111111111e-06,1.102
99,4.89,11.87,9.235,432.366,12.4604352,0.303,0,3.019
100,4.37,11.03,8.32,432.905,15.7584096,0.2169,1.53935185185185e-05,6.015
101,1.63,9.63,6.092,433.164,13.2918624,0.1525,9.88425925925926e-05,5.478
102,0.62,8.83,4.549,433.259,19.1601504,0.1692,1.88657407407407e-05,5.234
103,0.33,8.51,4.9,437.753,8.1524448,0.0696,7.63888888888889e-06,2.661
104,1.15,10.67,5.581,435.681,15.1161984,0.1635,4.74537037037037e-06,2.681
105,0.03,12.2,7.21,436.735,16.4783808,0.2845,1.62037037037037e-06,2.017
106,7.44,12.76,9.992,432.704,10.8468288,0.2017,0,3.211
107,7.32,14.41,11.088,441.48,7.2449856,0.0544,0,1.599
108,3.82,12.34,7.14,437.89,20.8075392,0.1031,0,3.029
109,2.95,13.07,7.796,436.29,20.9990016,0.2753,0,3.574
110,3.58,11.93,7.265,434.646,22.210416,0.209,0,4.144
111,5.56,11.82,7.91,432.279,15.3855936,0.1393,0,5.542
112,5.39,7.13,6.252,434.189,2.3217408,0.0043,6.94444444444444e-07,5.166
113,4.43,8.45,6.268,436.809,6.6957408,0.0936,1.03009259259259e-05,3.17
114,-0.01,5.95,3.686,434.728,14.1195744,0.166,1.46990740740741e-05,3.523
115,-2.68,7.27,3.248,438.307,18.0544032,0.313,0,2.081
116,-1.91,8.51,4.528,437.96,14.0291136,0.2497,0,1.514
117,2.57,11.03,7.475,433.974,6.8279328,0.2044,1.04166666666667e-06,2.282
118,6.14,11.9,9.374,432.657,7.6872672,0.0833,0,2.203
119,5.14,8.67,6.726,433.686,6.3345888,0,4.74537037037037e-07,1.851
120,7.15,13.83,10.345,435.219,5.7528576,0.0038,5.0462962962963e-05,2.937
121,5.936,12.936,9.013,432.603,10.1755872,0.108,2.27199074074074e-05,3.258
122,5.407,11.639,8.071,434.554,6.7736736,0.1529,4.61805555555556e-06,1.637
123,6.974,14.907,10.974,441.296,9.6321312,0.2632,3.65740740740741e-06,1.887
124,6.284,9.906,8.302,431.677,13.9978368,0.2065,5.78703703703704e-08,4.371
125,6.25,14.25,9.358,428.303,10.8417312,0.0485,6.36574074074074e-06,2.59
126,7.7,11.4,9.473,439.845,8.0109216,0,0.00014525462962963,2.067
127,8.34,15.44,11.167,437.93,12.8298816,0.0338,1.41203703703704e-05,2.177
128,10.68,15.14,12.625,431.267,8.6121792,0.0619,0.000104050925925926,4.627
129,7.83,15.7,11.72,435.367,21.315744,0.3007,8.10185185185185e-07,3.552
130,5.37,12.76,9.61,438.744,10.570176,0.0201,0.000107986111111111,2.72
131,4.81,15.24,10.448,432.547,18.2224512,0.1864,0,3.004
132,6.57,10.53,8.732,429.959,6.1471008,0.0313,1.73611111111111e-06,2.476
133,3.82,18.47,11.56,434.053,22.8815712,0.2182,0,1.899
134,5.25,14.48,10.261,437.62,12.4847136,0.2912,0,4.333
135,3.76,13.36,8.587,432.473,22.0455648,0.3744,0,4.312
136,4.73,14.93,10.292,432.01,21.8185056,0.3248,0,5.47
137,6.64,16.08,11.263,434.364,17.9013024,0.4172,0,3.909
138,8.18,15.82,12.068,434.35,16.2329184,0.3101,0,3.945
139,7.36,16.85,12.188,432.317,13.781232,0.3916,2.89351851851852e-07,2.447
140,9.07,16.83,12.87,447.626,11.2521312,0.2714,2.37268518518519e-05,1.815
141,10.1,14.27,11.449,442.736,7.2745344,0.0115,1.03009259259259e-05,2.032
142,7.59,15.71,11.807,441.18,15.5998656,0.2366,1.33101851851852e-05,2.197
143,6.27,14.48,10.658,436.18,18.1683648,0.2826,0,4.712
144,6.79,16,11.567,430.184,22.7949984,0.3223,0,4.898
145,5.43,18,11.789,434.454,20.1473568,0.3591,0,1.981
146,6.96,17.69,12.2,435.927,18.2314368,0.2593,1.50462962962963e-06,1.771
147,7,16.54,12.398,432.466,17.5092192,0.3576,0,5.135
148,3.43,14.1,9.348,434.248,24.287904,0.3494,0,2.005
149,4.6,20.11,12.479,431.789,28.6936992,0.5412,0,2.158
150,5.81,20.54,13.757,430.356,29.7940896,0.4946,0,1.65
151,8.166,15.692,11.532,434.563,24.1862976,0.2302,4.62962962962963e-08,2.631
152,6.14,12.86,10.137,433.228,14.3163072,0.1382,0,2.514
153,7.41,16.28,11.397,425.633,29.1546432,0.3713,0,2.634
154,5.88,19.09,12.869,435.414,28.8116352,0.5621,0,2.241
155,6.91,18.95,12.614,433.573,29.469744,0.3241,0,2.052
156,7.83,14.78,11.24,428.274,26.508384,0.1344,0,3.187
157,5.08,14.37,10.517,426.809,21.9010176,0.1827,0,2.923
158,5.39,14.62,10.49,429.843,16.0212384,0.1952,0,2.31
159,8.63,14.17,10.844,424.122,18.729792,0.3227,0,2.867
160,7.73,19.05,12.94,421.803,28.1536992,0.4205,0,2.598
161,5.95,22.86,15.438,424.764,23.348304,0.543,0,2.654
162,12.11,20.68,15.66,433.205,20.789136,0.2532,1.78240740740741e-05,2.117
163,12.43,23.37,17.029,424.789,22.2571584,0.2224,1.73611111111111e-06,2.307
164,10.29,25.61,17.922,421.994,29.6914464,0.618,0,2.179
165,9.34,23.76,17.696,423.816,30.5341056,0.979,0,1.894
166,10.13,23.61,17.714,415.656,30.8978496,1.0411,0,1.969
167,10.7,24.18,18.396,417.625,28.3234752,0.83,0,2.299
168,12.33,21.67,17.221,422.132,13.0457952,0.6915,0,1.235
169,11.68,22.4,16.888,424.866,22.7582784,0.597,0.000156828703703704,2.362
170,14.21,20.07,16.638,426.656,22.1903712,0.3206,5.56712962962963e-05,5.325
171,12.52,18.64,16.069,425.07,14.0410368,0.275,7.63888888888889e-06,2.172
172,11.24,21.17,15.941,430.507,21.4818912,0.3789,4.05092592592593e-06,4.607
173,8,20.75,15.614,430.94,27.13392,0.5936,0,2.289
174,10.52,19.73,15.702,430.535,12.9648384,0.2168,2.70833333333333e-05,3.912
175,16.69,23.84,19.567,424.063,23.6589984,0.4367,0,4.872
176,11.98,22.91,16.701,427.739,13.4588736,0.314,8.27546296296296e-05,3.402
177,9.2,17.47,13.393,429.231,22.7791008,0.2568,2.43055555555556e-06,5.098
178,9.52,17.1,14.188,434.585,5.8901472,0.0301,0.000101851851851852,3.664
179,9.35,16.66,14.063,426.164,10.741248,0.1182,1.93287037037037e-05,3.272
180,8.008,15.99,12.868,428.121,19.9418112,0.2866,8.98148148148148e-06,4.534
181,11.74,14.38,13.411,427.215,6.1668,0.0832,0.000152662037037037,3.994
182,10.04,15.49,13.146,422.028,18.6249024,0.2466,4.51388888888889e-06,7.772
183,8.88,14.66,11.692,422.471,24.1201152,0.2961,7.75462962962963e-06,7.06
184,8.53,15.04,11.715,423.481,21.722256,0.3415,0,7.163
185,9.28,15.85,12.122,425.163,11.9917152,0.1239,0.000103819444444444,4.261
186,7.07,16.12,12.04,428.23,20.747664,0.3242,0,4.159
187,9.84,16.09,13.33,427.606,15.957216,0.2771,6.8287037037037e-06,3.651
188,13.78,21,17.528,423.402,12.6974304,0.3733,3.35648148148148e-06,4.904
189,13.05,24.51,19.32,431.302,13.4997408,0.6042,1.40046296296296e-05,1.803
190,12.21,20.11,16.565,429.206,22.375008,0.4922,0.000138194444444444,3.77
191,11.89,18.16,15.011,420.738,15.5173536,0.31,6.6087962962963e-05,3.256
192,10.19,17.88,14.742,423.163,20.7842976,0.2918,1.50462962962963e-06,5.452
193,11.32,18.17,13.868,423.118,17.6017536,0.2142,2.60416666666667e-05,3.871
194,9.32,16.77,13.287,422.301,18.3969792,0.3009,0,4.417
195,10.89,17.35,14.372,426.743,8.829648,0.1534,7.52314814814815e-05,2.373
196,11.68,18.42,14.952,422.326,18.778608,0.2833,3.84259259259259e-05,3.962
197,10.75,16.23,13.663,420.571,15.570144,0.2062,2.08333333333333e-06,7.293
198,8.5,15.87,12.659,419.381,18.7450848,0.2832,1.01851851851852e-05,5.395
199,6.91,16.07,12.269,426.18,15.7591872,0.2719,0,1.864
200,9.56,17.84,13.418,431.693,14.7807072,0.3789,0,2.357
201,8.18,16.47,12.669,424.654,19.3175712,0.3553,0,3.759
202,10.26,17.72,13.406,421.303,20.6748288,0.4729,1.96759259259259e-06,2.737
203,10.56,15.9,12.869,430.11,9.8860608,0.0618,2.33796296296296e-05,2.597
204,9.11,14.85,12.383,418.995,10.2093696,0.1028,4.30555555555556e-05,5.538
205,7.89,14.62,11.521,424.427,11.8904544,0.3408,0,2.176
206,8.02,16.7,12.672,423.842,15.659136,0.3307,7.87037037037037e-06,3.944
207,11.59,18.58,14.622,419.999,14.1435072,0.2814,6.58564814814815e-05,3.094
208,12.23,17.23,14.696,433.103,7.7840352,0.0048,7.74305555555556e-05,1.639
209,10.7,18.94,15.511,428.298,19.325088,0.3209,1.62037037037037e-06,3.256
210,11.96,18.02,14.377,418.508,18.5399712,0.2982,7.21064814814815e-05,5.031
211,11.43,16.73,13.547,418.63,11.706336,0.1486,8.41435185185185e-05,5.775
212,11.99,16.59,13.859,430.886,7.6896864,3e-04,0.000101157407407407,2.965
213,12.73,15.23,13.799,420.978,7.6972896,0,3.44907407407407e-05,2.977
214,11.35,13.86,13.055,423.14,5.4196128,0,0.000118865740740741,4.467
215,11.61,17.35,14.73,415.492,11.5413984,0.2279,2.5462962962963e-06,2.66
216,10.63,15.78,12.905,419.933,11.2789152,0.3229,0,2.182
217,9.13,13.96,11.232,435.248,8.7422112,0.0559,0.000148958333333333,1.383
218,10.16,15.89,12.395,430.618,11.8067328,0.1714,0,1.554
219,8.44,16.86,12.631,419.628,17.847216,0.242,0,4.375
220,7.99,16.95,12.148,417.759,19.7236512,0.3594,0,4.521
221,7.48,17.84,13.572,419.559,11.2421088,0.222,0,3.791
222,16.31,23.35,19.75,431.282,10.1686752,0.2959,0,1.904
223,15.03,20.52,17.732,414.521,21.1767264,0.429,2.39583333333333e-05,5.47
224,14,18.97,15.917,412.521,11.4187968,0.1839,4.98842592592593e-05,4.888
225,13.14,18.06,15.058,413.168,15.7695552,0.2195,6.00694444444444e-05,4.72
226,11.64,18.42,15.167,417.174,11.784096,0.2595,7.73148148148148e-06,1.927
227,9.86,18.8,14.961,428.748,11.0932416,0.1652,6.13425925925926e-06,2.297
228,11.6,18.01,14.823,427.156,15.1819488,0.176,0,2.095
229,13.5,18.42,15.447,420.01,11.8110528,0.2387,3.57638888888889e-06,1.605
230,12.6,16.84,14.471,412.791,8.350128,0.1718,6.6087962962963e-06,2.75
231,15.28,18.54,16.854,412.866,10.9714176,0.1807,4.84953703703704e-05,5.288
232,13.66,19.81,16.487,414.092,15.2164224,0.3696,0,4.355
233,14.61,19.56,16.826,411.259,14.0375808,0.3565,8.10185185185185e-07,6.237
234,12.59,17.58,15.376,412.99,13.5255744,0.1412,2.63888888888889e-05,5.317
235,10.19,17.31,14.092,416.781,9.572688,0.2629,8.10185185185185e-07,3.012
236,11.17,16.97,13.877,416.793,16.8338304,0.3033,7.75462962962963e-06,3.647
237,9.83,15.1,12.083,419.433,11.4987168,0.0977,1.03009259259259e-05,1.917
238,9.24,16.65,13.075,423.943,16.1028,0.2445,9.25925925925926e-07,1.898
239,12.48,15.45,13.812,412.74,10.422,0.2113,2.06018518518519e-05,3.25
240,9.296,14.781,12.549,413.09,10.4938848,0.2253,2.40740740740741e-06,3.689
241,10.935,14.771,12.576,411.833,12.7676736,0.2195,3.62268518518519e-06,5.119
242,5.8,16.75,11.709,416.663,16.1597376,0.3397,0,2.702
243,6.81,17.72,12.587,422.342,14.8028256,0.3,0,1.364
244,8.42,16.3,12.915,422.966,7.3515168,0.2003,0,1.511
245,9.41,20.44,15.118,433.74,18.237744,0.277,0,2.586
246,13.325,20.446,15.734,417.521,14.6231136,0.2935,1.50462962962963e-07,5.56
247,11.82,22.82,16.907,420.073,19.7491392,0.4409,0,3.282
248,10.24,21.18,15.285,433.71,19.1097792,0.2456,0,2.808
249,11.78,22.38,16.201,421.183,16.5975264,0.1715,0,1.705
250,12.96,23.33,17.804,446.667,10.6624512,0.1548,0,1.254
251,12.35,26.09,19.026,440.421,16.2170208,0.4499,0,1.616
252,15.35,24.01,19.374,436.46,11.5064064,0.2746,0,3.476
253,14.45,22.57,18.482,430.7,9.2423808,0.1798,2.82407407407407e-05,2.001
254,8.32,17.89,14.838,421.781,10.9004832,0.1579,2.5e-05,4.056
255,8.16,14.67,11,432.908,15.5146752,0.3244,0,1.422
256,6.79,14.19,10.903,431.87,10.2670848,0.2476,5.77546296296296e-05,1.988
257,9.32,15.25,12.482,417.131,10.2079872,0.1637,8.64583333333333e-06,4.859
258,9.07,12.38,10.069,432.32,2.3623488,0.036,0.000177881944444444,1.872
259,6.45,12.08,9.798,418.369,3.0284928,0.0164,7.94907407407407e-05,3.571
260,7.45,14.61,12.174,422.912,3.421872,0,2.52314814814815e-05,1.31
261,6.97,14.33,11.835,418.335,9.8428608,0.105,0.000102314814814815,4.749
262,8.29,16.49,11.608,413.456,6.5200896,0.0338,0.000183796296296296,5.818
263,7.83,16.51,13.604,412.934,10.234512,0.1294,0.000153703703703704,7.625
264,7.35,14.11,10.019,415.565,10.7367552,0.1953,2.12962962962963e-06,5.886
265,8.97,13.48,10.896,416.544,7.5737376,0.1081,2.99074074074074e-05,3.151
266,7.09,11.44,9.522,419.255,7.5463488,0.1831,1.21527777777778e-06,2.067
267,10.27,18.12,14.93,414.928,6.1795008,0.1662,7.28009259259259e-05,5.554
268,12.05,16.74,13.966,413.489,9.02664,0.3088,1.04166666666667e-06,7.112
269,9.67,16.37,13.222,416.308,6.1839936,0.2423,4.88888888888889e-05,4.363
270,6.66,15.58,11.648,421.362,3.0449088,0.0641,6.68981481481481e-05,2.862
271,11.36,14.29,13.122,414.712,5.2501824,0.1797,4.62962962962963e-05,7.819
272,8.9,14.64,11.841,415.374,9.025344,0.2136,2.04861111111111e-06,7.255
273,8.51,13.49,11.038,417.362,4.3981056,0.0798,5.47569444444444e-05,2.494
274,9.715,16.278,13.529,421.739,8.120736,0.1843,1.14351851851852e-05,4.169
275,8.33,14.66,11.139,420.895,7.6993632,0.2018,7.63888888888889e-07,4.239
276,9.44,12.66,10.813,417.266,6.1234272,0.092,1.60069444444444e-05,5.806
277,8.3,13.69,11.013,419.179,3.7499328,0.0716,5.77546296296296e-05,6.185
278,8.27,15.66,12.881,423.705,1.668816,0,4.05324074074074e-05,4.824
279,10.8,15.88,13.517,419.87,2.8419552,0.0716,0.000111053240740741,5.616
280,8.61,10.72,9.606,423.764,1.0522656,0,0.000518229166666667,2.638
281,8.73,16.45,12.902,422.094,3.4781184,0.0106,2.1412037037037e-05,2.999
282,13.94,16.14,14.923,419.244,4.4172864,0.0092,2.66203703703704e-06,4.31
283,7.908,16.861,13.238,420.79,5.7678048,0.1762,3.27546296296296e-05,7.648
284,3.91,10.74,7.919,420.183,7.1190144,0.1547,5.20833333333333e-07,5.97
285,2.96,10.97,7.01,424.077,7.627392,0.1287,0,3.953
286,5.12,11.08,8.032,420.515,7.98552,0.2321,4.39814814814815e-06,6.572
287,0.65,9.33,5.16,421.95,9.977904,0.271,0,4.828
288,0.08,9.86,4.548,424.036,8.7898176,0.1732,0,4.041
289,1.89,8.91,5.114,429.037,4.603392,0.0694,1.50462962962963e-06,2.255
290,0.35,10.22,6.482,428.141,6.9539904,0.1239,2.31481481481481e-08,1.515
291,9.77,11.39,10.428,420.234,4.582656,0.2502,6.94444444444444e-08,4.225
292,9.66,13.17,11.462,425.087,1.2280896,0.0359,6.18055555555555e-05,4.527
293,5.95,10.69,7.739,423.172,1.3264992,2e-04,0.000109710648148148,6.292
294,4.54,8.33,6.33,425.824,1.9805472,0.0313,5.14930555555556e-05,4.923
295,2.53,10.73,5.858,427.82,6.3345024,0.1056,6.94444444444444e-08,3.274
296,1.03,9.41,6.135,431.206,5.78016,0.0453,2.08333333333333e-06,1.284
297,5.47,10.69,8.326,429.061,2.6276832,0.0126,1.55092592592593e-06,1.775
298,6.04,9.79,8.098,432.22,2.6508384,0,4.84953703703704e-05,2.868
299,6.527,9.803,8.224,428.415,2.0215872,0.0317,3.49884259259259e-05,2.226
300,9.052,11.026,9.692,425.267,2.8419552,0.0463,2.66782407407407e-05,2.525
301,8.897,10.871,9.508,425.574,4.1159232,0.0732,1.52777777777778e-06,2.609
302,7.319,10.384,9.171,426.534,1.5546816,0.0189,0.000138958333333333,3.308
303,5.446,7.662,6.774,425.835,2.483568,0.0569,4.10069444444444e-05,3.946
304,4.348,7.595,5.648,425.852,4.009392,0.1772,4.39814814814815e-07,2.553
305,4.836,9.938,6.993,424.596,0.9598176,0.0587,0.000122997685185185,4.131
306,1.56,8,5.883,428.855,1.3991616,0.0035,6.52546296296296e-05,4.06
307,5.577,9.593,7.748,430.362,2.5381728,0.0878,5.72916666666667e-06,4.782
308,5.314,8.346,6.411,442.468,2.6800416,0.0295,1.85185185185185e-06,1.314
309,4.203,9.776,6.225,439.671,4.0414464,0.0459,4.97685185185185e-07,1.997
310,3.55,9.4,6.512,435.592,3.0528576,0.0074,2.77777777777778e-06,3.434
311,3.41,10.14,7.132,436.855,3.7037952,0.083,0,4.306
312,3.07,8.51,6.182,433.662,3.5637408,0.074,1.79398148148148e-05,4.776
313,0.38,6.71,3.624,437.925,4.5527616,0.0468,6.94444444444444e-07,2.334
314,-0.82,5.78,2.975,438.967,3.9292128,0.0398,6.94444444444444e-07,2.639
315,1.07,7.61,3.935,439.222,4.8784896,0.0843,0,2.252
316,-0.34,6.82,3.839,441.126,4.4864928,0.0637,1.18055555555556e-05,1.68
317,4.41,9.08,7.161,435.413,1.9806336,0.0026,0.00014837962962963,3.554
318,5.62,7.85,6.866,439.606,1.2145248,0,0.000226041666666667,1.81
319,5.11,7.86,6.31,439.589,1.1044512,0,2.78935185185185e-05,2.381
320,3.52,6.63,4.987,447.887,1.5201216,0.0081,4.74537037037037e-06,1.113
321,3.47,7.64,5.157,443.348,1.8575136,0.0127,5.6712962962963e-06,1.11
322,5.44,12.25,8.94,432.359,1.165104,0.0048,8.28703703703704e-05,3.721
323,9.3,11.75,10.394,429.779,2.4516864,0.0099,8.21759259259259e-06,5.133
324,6.97,10.41,9.259,435.092,1.4892768,0.0329,3.33333333333333e-05,4.216
325,3.89,7.29,5.391,434.07,2.7369792,0.0842,0,3.685
326,7.48,11.3,10.233,427.971,0.9621504,0.0067,6.45833333333333e-05,14.153
327,3.61,11.84,9.039,428.154,1.6486848,0.1449,2.26851851851852e-05,11.984
328,-1.92,5.08,2.709,434.271,3.5693568,0.2114,0,3.868
329,-3.23,1.63,-1.169,443.563,2.947104,0.0367,2.89351851851852e-06,2.179
330,-2.46,4.78,2.297,442.697,1.1502432,0.0015,1.95601851851852e-05,1.638
331,2.63,5.36,4.114,441.697,0.975456,0.0062,7.65046296296296e-05,3.274
332,-0.55,3.76,1.28,440.837,2.5373088,0.061,4.62962962962963e-06,2.695
333,-2.47,1.84,0.209,439.134,2.019168,0.0551,4.80324074074074e-05,3.083
334,-2.39,1.09,-0.531,447.546,2.177712,0.0068,7.95138888888889e-05,1.363
335,-6.87,-0.94,-3.828,450.858,1.9511712,0,0,1.399
336,-5.76,0.74,-1.66,451.89,1.4815008,0.001,3.00925925925926e-06,1.363
337,-5.82,1.28,-0.856,450.529,1.264464,0,1.16898148148148e-05,1.671
338,-0.51,3.31,2.01,445.642,1.0123488,0,0.000206018518518519,4.853
339,0.33,3.76,2.35,444.841,1.7787168,0.0012,3.11342592592593e-05,2.235
340,-3.05,2.78,0.389,443.197,2.6315712,0.0673,2.66203703703704e-06,2.585
341,2.88,5.63,4.374,444.359,0.2947968,0.0545,7.77777777777778e-05,3.646
342,5.48,8.3,7.059,435.225,0.925776,0.0246,4.27083333333333e-05,2.717
343,5.88,8.17,7.064,433.533,0.2325024,0.0335,0.000135069444444444,3.93
344,2.88,7.07,4.914,436.116,0.3551904,0.0047,7.67361111111111e-05,2.481
345,1.94,5.67,4.312,451.529,1.1803968,0.002,4.05092592592593e-06,1.738
346,2.97,6.28,5.173,442.757,0.2012256,0,0.000101388888888889,3.603
347,1.13,5.22,3.406,444.97,1.1868768,3e-04,0.000126388888888889,2.923
348,3.17,7.17,5.815,435.604,1.543968,0.013,2.7662037037037e-05,5.329
349,5.86,9.91,7.805,432.519,1.2813984,0.0318,5.90277777777778e-06,7.51
350,9.48,10.36,9.91,431.261,0.7559136,0.077,2.89351851851852e-06,8.947
351,9.14,10.89,9.986,429.673,0.3099168,0.042,0.00013900462962963,8.859
352,6.77,11.35,9.905,431.042,0.5406048,0.0021,3.19444444444444e-05,6.659
353,3.15,6.45,5.04,432.464,1.1281248,0.0504,7.06018518518518e-06,6.491
354,4.84,9.33,7.631,430.117,0.6887808,0.0321,2.62731481481481e-05,8.919
355,5.26,10.18,7.704,431.07,2.0267712,0.1758,1.77083333333333e-05,11.579
356,4.95,9.69,7.328,432.003,1.4429664,0.1432,2.43055555555556e-05,9.001
357,8.64,11.29,9.786,427.291,0.7073568,0,0.000114236111111111,10.188
358,4.18,11.23,8.257,429.749,0.573696,0.0853,4.60648148148148e-05,11.958
359,1.42,7.67,5.078,435.224,0.5109696,0.0141,0.000154976851851852,5.123
360,-0.01,6.24,1.765,437.797,2.0799072,0.0115,1.34259259259259e-05,2.741
361,1.9,8.94,4.666,433.28,0.5241888,0.0416,0.000219907407407407,6.391
362,4.55,6.97,5.796,432.067,1.1062656,0.1023,2.93981481481481e-05,9.009
363,-1.09,6.11,2.952,436.446,0.9375264,0.0254,3.28703703703704e-05,5.213
364,-1.81,5.57,1.806,438.235,0.2936736,0.0321,4.02777777777778e-05,2.726
365,2.32,6.28,4.275,438.859,2.1233664,0.0439,0,1.426
