"doy","NEE_gCm2day","NEE_unc_gCm2day","GPP_gCm2day","GPP_unc_gCm2day","Reco_gCm2day","Reco_unc_gCm2day","Evap_kgH2Om2day","Evap_unc_kgH2Om2day"
1,1.62530349984,0.58,-0.22352320224,0.74,1.39561657344,0.74,0.564426076599471,0.77
2,1.08297878688,0.58,0.24866580096,0.74,1.3261864752,0.74,0.13874658524741,0.77
3,1.37170879488,0.58,-0.0641103062112,0.74,1.30229944992,0.74,0.117429009840283,0.77
4,0.814600482912,0.58,0.444066233472,0.74,1.25372639808,0.74,0.0691623505363247,0.77
5,0.796207888512,0.58,0.35056959408,0.74,1.13999842368,0.74,0.104324546792161,0.77
6,1.05858330624,0.58,0.224103256416,0.74,1.274510808,0.74,0.101865501265667,0.77
7,0.863525302848,0.58,0.237255647616,0.74,1.09549301472,0.74,0.086310780880768,0.77
8,0.558208235808,0.58,0.523399796928,0.74,1.07980353504,0.74,0.0238452180799394,0.77
9,0.620266768992,0.58,0.491337016992,0.74,1.111078728,0.74,0.0299103908953962,0.77
10,0.91201326624,0.58,0.278684382816,0.74,1.19091659616,0.74,0.121120264689977,0.77
11,0.538086893184,0.58,0.599036163552,0.74,1.13867021376,0.74,0.0516993628394002,0.77
12,1.135463832,0.58,0.00630046752192,0.74,1.14429435264,0.74,-9999,-9999
13,0.751987837152,0.58,0.444826841184,0.74,1.19416448448,0.74,-9999,-9999
14,0.73978179552,0.58,0.535794693408,0.74,1.2706714512,0.74,0.0547231050851869,0.77
15,0.61861377024,0.58,0.672244396416,0.74,1.2843167328,0.74,0.0620537084126458,0.77
16,0.467993727648,0.58,0.880739110944,0.74,1.3405062384,0.74,0.0483793971878092,0.77
17,0.491995933632,0.58,0.831783161088,0.74,1.32268954752,0.74,0.0160581710364884,0.77
18,0.728511726816,0.58,0.570340603296,0.74,1.29840820992,0.74,0.0988732814028863,0.77
19,0.642108558528,0.58,0.686266350048,0.74,1.3280542704,0.74,0.101073976674703,0.77
20,0.505159739136,0.58,0.76131851184,0.74,1.26661418496,0.74,0.114185062784829,0.77
21,0.44058175776,0.58,0.858776952384,0.74,1.29950813376,0.74,-9999,-9999
22,0.84339254592,0.58,0.43419493584,0.74,1.27787283936,0.74,-9999,-9999
23,0.587590729632,0.58,0.639016319808,0.74,1.22713106976,0.74,0.16811542272632,0.77
24,0.38062553184,0.58,0.845464760928,0.74,1.22673675744,0.74,0.0874627107824248,0.77
25,0.570862548288,0.58,0.695508823296,0.74,1.26724716,0.74,0.0399187078798982,0.77
26,0.932949175104,0.58,0.398816819424,0.74,1.33274451168,0.74,0.0333161429655116,0.77
27,0.49357525824,0.58,0.91183167504,0.74,1.40625262944,0.74,0.102693725753486,0.77
28,0.959134626144,0.58,0.440061888096,0.74,1.40013041184,0.74,0.0660586320618878,0.77
29,0.5383400832,0.58,0.91572810336,0.74,1.45487756448,0.74,0.309918920880409,0.77
30,0.413786160288,0.58,0.91996177248,0.74,1.3350066192,0.74,0.133579642089725,0.77
31,0.264826380096,0.58,1.06524510912,0.74,1.33141630176,0.74,0.194972093333515,0.77
32,0.492811537536,0.58,0.901765296576,0.74,1.39578259968,0.74,0.239085454747783,0.77
33,1.08265711104,0.58,0.353794653792,0.74,1.43753819904,0.74,-9999,-9999
34,0.619613040672,0.58,0.761799987936,0.74,1.38254200704,0.74,0.0607833481040859,0.77
35,0.397315319616,0.58,0.884165477472,0.74,1.28274986016,0.74,0.0299876060035489,0.77
36,0.9391896864,0.58,0.351100878048,0.74,1.29140397792,0.74,0.0159392694375063,0.77
37,0.501234256224,0.58,0.847274446944,0.74,1.34935751232,0.74,0.0568123288387615,0.77
38,0.633186723456,0.58,0.7698688632,0.74,1.40365846944,0.74,0.0488605314899948,0.77
39,0.399098026368,0.58,1.12637389536,0.74,1.52565662592,0.74,0.00449458110299699,0.77
40,0.57670252128,0.58,0.92447561088,0.74,1.50145830144,0.74,0.0352797829745565,0.77
41,0.343090111968,0.58,1.1361901968,0.74,1.479708864,0.74,0.0876642534486782,0.77
42,0.260096707584,0.58,1.18383972768,0.74,1.44450092448,0.74,0.0619005017721793,0.77
43,0.574556632128,0.58,1.00576620864,0.74,1.5805698048,0.74,0.053829321768416,0.77
44,1.43094903264,0.58,0.230198494752,0.74,1.66118592096,0.74,0.0019443007555922,0.77
45,0.148388027328,0.58,1.59573007584,0.74,1.7438981184,0.74,0.209449456797292,0.77
46,0.277570969344,0.58,1.44130491936,0.74,1.71877627296,0.74,0.152639592348759,0.77
47,1.05554295072,0.58,0.71068050864,0.74,1.76596923168,0.74,0.168840621259786,0.77
48,0.153775578816,0.58,1.62694300896,0.74,1.78041351456,0.74,0.339132705694145,0.77
49,-9999,-9999,-9999,-9999,-9999,-9999,-9999,-9999
50,-9999,-9999,-9999,-9999,-9999,-9999,-9999,-9999
51,0.584224547616,0.58,1.23779825568,0.74,1.82166065856,0.74,0.66983448566211,0.77
52,0.293749188768,0.58,1.689576408,0.74,1.98225991584,0.74,1.00006401877369,0.77
53,0.452742142176,0.58,1.39630143168,0.74,1.84861916928,0.74,0.902209799820308,0.77
54,1.12273169472,0.58,0.659634703488,0.74,1.78226055648,0.74,1.45687026126381,0.77
55,0.586701451584,0.58,1.17690813216,0.74,1.76354109792,0.74,0.837966772822048,0.77
56,0.398496181248,0.58,1.3801450032,0.74,1.77868061568,0.74,0.50906443685118,0.77
57,0.42286364496,0.58,1.18307185632,0.74,1.606563288,0.74,1.41656340975218,0.77
58,0.575404403616,0.58,1.08695304,0.74,1.6624933776,0.74,1.49811619479419,0.77
59,0.780269369472,0.58,0.677995130304,0.74,1.45898671392,0.74,0.949864855250151,0.77
60,0.123385513248,0.58,1.26997621632,0.74,1.3940497008,0.74,0.764490456900955,0.77
61,1.0650064464,0.58,0.377776106496,0.74,1.44336987072,0.74,0.576848926366131,0.77
62,0.964876021056,0.58,0.651489041088,0.74,1.61650410912,0.74,0.356114261099153,0.77
63,0.6209900208,0.58,1.015834662432,0.74,1.6370706096,0.74,0.536686316051786,0.77
64,0.680309121024,0.58,0.964240970688,0.74,1.64491534944,0.74,1.08889409866916,0.77
65,0.502297861824,0.58,1.27112802336,0.74,1.77344041248,0.74,0.73508222800803,0.77
66,0.306782248608,0.58,1.41325686144,0.74,1.71794614176,0.74,0.851740651946808,0.77
67,0.321737062176,0.58,1.4805389952,0.74,1.79395502976,0.74,0.984929197747319,0.77
68,0.643545723168,0.58,1.46443444992,0.74,2.09055053088,0.74,0.812460797029711,0.77
69,0.95255479872,0.58,1.27953310176,0.74,2.20452754464,0.74,0.567938046648266,0.77
70,0.764542533888,0.58,1.36427912064,0.74,2.10252517344,0.74,0.671934549264903,0.77
71,0.509125690944,0.58,1.45700477568,0.74,1.94383521792,0.74,1.07272974084494,0.77
72,0.773881509888,0.58,1.1847009888,0.74,1.94257964448,0.74,0.802849345081426,0.77
73,0.633013433568,0.58,1.24314222528,0.74,1.86797160288,0.74,0.669431701704686,0.77
74,0.211666853376,0.58,1.70697803328,0.74,1.91700122688,0.74,0.831106841763437,0.77
75,0.823849182144,0.58,1.036500778656,0.74,1.85791663872,0.74,0.215325422641528,0.77
76,0.283003140384,0.58,1.6466690016,0.74,1.92352813344,0.74,0.634611608673678,0.77
77,0.000898449960096,0.58,2.20858481088,0.74,2.19764783232,0.74,1.29986233712944,0.77
78,0.0437073415776,0.58,2.42741777184,0.74,2.453297112,0.74,1.21381685022732,0.77
79,-0.042906368736,0.58,2.49540551712,0.74,2.43143353152,0.74,1.19104703608571,0.77
80,-0.0801015385824,0.58,2.51865956736,0.74,2.4143328288,0.74,0.861576748099696,0.77
81,0.295131357216,0.58,2.39154572736,0.74,2.65585950144,0.74,0.895149494103549,0.77
82,0.376358657472,0.58,2.42551884672,0.74,2.76600753504,0.74,1.20280977972185,0.77
83,0.38759863392,0.58,2.4790311792,0.74,2.82655522944,0.74,1.06635025234268,0.77
84,-9999,-9999,-9999,-9999,-9999,-9999,1.1520521923607,0.77
85,0.490098046176,0.58,2.43818872416,0.74,2.8810222128,0.74,0.97128662450079,0.77
86,0.364909072896,0.58,2.7443099808,0.74,3.05527712832,0.74,1.19019619363184,0.77
87,-9999,-9999,-9999,-9999,-9999,-9999,1.03049495774604,0.77
88,0.778920406272,0.58,1.95605889984,0.74,2.68441601472,0.74,0.259157048102607,0.77
89,0.3708611136,0.58,2.26276124832,0.74,2.58285983904,0.74,1.05851276184332,0.77
90,0.490941667008,0.58,1.9683967248,0.74,2.40153843168,0.74,0.602241738740404,0.77
91,0.1020020599008,0.58,2.10227613408,0.74,2.180132064,0.74,1.22792818637317,0.77
92,0.381146439168,0.58,1.76520136032,0.74,2.12916200832,0.74,1.07532279627211,0.77
93,-9999,-9999,-9999,-9999,-9999,-9999,0.746980296100487,0.77
94,0.358879207392,0.58,1.7064903312,0.74,2.05964889696,0.74,0.949189871892294,0.77
95,0.7868346696,0.58,1.19743312608,0.74,1.98460503648,0.74,0.225042736883657,0.77
96,0.0731037400992,0.58,1.85794776864,0.74,1.93309539552,0.74,1.38641998213297,0.77
97,0.41486325552,0.58,1.54657593216,0.74,1.96344706752,0.74,1.11039584817042,0.77
98,0.124911916992,0.58,1.9579682016,0.74,2.08458396288,0.74,1.3935064059974,0.77
99,-9999,-9999,-9999,-9999,-9999,-9999,1.40273678325086,0.77
100,0.0694869622272,0.58,2.30985044064,0.74,2.38017292992,0.74,0.922933015546846,0.77
101,0.428994163872,0.58,2.1822592752,0.74,2.61137484576,0.74,0.610168940479837,0.77
102,1.49512855104,0.58,0.836713102752,0.74,2.33311486752,0.74,0.174921426034326,0.77
103,0.933402634272,0.58,1.58908902624,0.74,2.52306963936,0.74,0.628865543164428,0.77
104,0.261481989024,0.58,2.4904973664,0.74,2.75173965504,0.74,1.06040657043404,0.77
105,0.460689610752,0.58,2.3220844992,0.74,2.78240262624,0.74,0.682306985895581,0.77
106,0.0113832778464,0.58,2.96879821056,0.74,2.97910221408,0.74,0.946054119375231,0.77
107,0.154846448064,0.58,2.79835152192,0.74,2.95200880704,0.74,1.08519646907559,0.77
108,0.31170388896,0.58,2.45006997696,0.74,2.76115126752,0.74,1.53635287812482,0.77
109,-0.0869185759968,0.58,2.92592193408,0.74,2.83752333792,0.74,0.972505079289705,0.77
110,-0.233431855776,0.58,3.20635063008,0.74,2.97045847296,0.74,1.40389628444878,0.77
111,-0.132131983104,0.58,3.03701424192,0.74,2.902605624,0.74,0.908906302031839,0.77
112,0.204696864288,0.58,2.86237539072,0.74,3.06357844032,0.74,0.929120675127034,0.77
113,0.412052223744,0.58,2.64564888768,0.74,3.05511110208,0.74,0.648106703793034,0.77
114,0.374646511872,0.58,2.4624804384,0.74,2.83601872512,0.74,0.359762926472767,0.77
115,-0.094969084608,0.58,3.19002817536,0.74,3.09298583808,0.74,1.25275434636774,0.77
116,0.260909198496,0.58,2.7830667312,0.74,3.04254499104,0.74,0.775879877055669,0.77
117,0.082853319744,0.58,3.236733432,0.74,3.31696561248,0.74,1.37340956916637,0.77
118,-0.15890267664,0.58,3.24017847648,0.74,3.079786752,0.74,1.00722159801684,0.77
119,0.132532521408,0.58,3.41919626976,0.74,3.5486552304,0.74,1.18827386990598,0.77
120,0.572916085344,0.58,2.66968118592,0.74,3.24167271264,0.74,0.830434720253002,0.77
121,0.311850199584,0.58,3.23311198464,0.74,3.54312448128,0.74,1.43088770305982,0.77
122,1.42483719168,0.58,1.83717373536,0.74,3.26180339424,0.74,0.310320615294942,0.77
123,0.574403057856,0.58,2.62661812992,0.74,3.20125569984,0.74,0.511986197294545,0.77
124,-0.219183691392,0.58,3.73995896544,0.74,3.5199638208,0.74,1.37443155837884,0.77
125,0.234816099552,0.58,3.32788183776,0.74,3.56206184928,0.74,0.811338847650619,0.77
126,0.0141252012,0.58,3.77822801376,0.74,3.79112617728,0.74,1.16727864669467,0.77
127,0.518892184512,0.58,3.18185138304,0.74,3.70026831744,0.74,0.662050643966176,0.77
128,-0.22067481456,0.58,4.28106961152,0.74,4.05829352736,0.74,1.50796023603505,0.77
129,0.492676641216,0.58,3.23274880224,0.74,3.72468455136,0.74,0.788445466271387,0.77
130,-0.621486024192,0.58,4.58623621728,0.74,3.96267278976,0.74,1.80268209102728,0.77
131,-1.025251463232,0.58,5.0340193632,0.74,4.0062650544,0.74,2.05292986425724,0.77
132,-0.459146604384,0.58,4.53994602624,0.74,4.07779123392,0.74,1.69873153442201,0.77
133,0.354987967392,0.58,3.50960793408,0.74,3.8625485904,0.74,0.5476849685251,0.77
134,-1.08341460576,0.58,5.13039759552,0.74,4.04386999776,0.74,2.03937258514976,0.77
135,-0.526830314112,0.58,4.35888403488,0.74,3.82995556416,0.74,1.21053935993134,0.77
136,1.95531178176,0.58,1.62572894208,0.74,3.5799926832,0.74,0.191284851863141,0.77
137,-0.910023026688,0.58,4.91450122368,0.74,4.00132577376,0.74,1.78992306775264,0.77
138,-1.24433553888,0.58,5.47608498048,0.74,4.22778556512,0.74,2.98386378390147,0.77
139,-1.39170458016,0.58,5.4255299904,0.74,4.03113786048,0.74,2.98060247879729,0.77
140,-1.5594533424,0.58,5.37250536,0.74,3.81174456096,0.74,1.30824113824412,0.77
141,-1.04224009824,0.58,4.96469303136,0.74,3.92095869696,0.74,1.3792315773747,0.77
142,-0.747317311488,0.58,5.0558103072,0.74,4.30545471552,0.74,0.825354919681787,0.77
143,-1.83729825504,0.58,5.94584584992,0.74,4.10583929184,0.74,1.79295455940862,0.77
144,-1.65136961952,0.58,5.53404889152,0.74,3.88025113824,0.74,1.94764470865232,0.77
145,-1.75867445376,0.58,5.89397302656,0.74,4.13178089184,0.74,1.85689178222452,0.77
146,-1.92269800224,0.58,6.04179864,0.74,4.11602915232,0.74,2.01989736975046,0.77
147,-1.96162077888,0.58,6.15958388064,0.74,4.1949642528,0.74,1.97131313599399,0.77
148,-9999,-9999,-9999,-9999,-9999,-9999,1.62349738129143,0.77
149,-9999,-9999,-9999,-9999,-9999,-9999,1.37263332734038,0.77
150,-0.842434782048,0.58,4.69800300672,0.74,3.85509816288,0.74,1.22080101387646,0.77
151,-1.50667775136,0.58,5.5164293568,0.74,4.0089629808,0.74,0.903084249137019,0.77
152,-0.704716015968,0.58,5.59434754656,0.74,4.88535324192,0.74,1.19188295875644,0.77
153,-1.54187531424,0.58,7.12866866688,0.74,5.57913539232,0.74,1.97047246344392,0.77
154,-0.938921969088,0.58,5.84662441824,0.74,4.90432173984,0.74,1.08713981800959,0.77
155,-2.00994479136,0.58,7.35725566944,0.74,5.34156221952,0.74,2.33426305593678,0.77
156,-1.86173524224,0.58,6.66510265152,0.74,4.80036856032,0.74,1.73163407665918,0.77
157,-2.24136461664,0.58,7.02883501344,0.74,4.785187536,0.74,1.39179292480043,0.77
158,-2.2244922,0.58,7.2913536288,0.74,5.0631258384,0.74,1.60694971926395,0.77
159,0.504708355296,0.58,4.41025877952,0.74,4.91254003872,0.74,0.657281090075201,0.77
160,-1.61288266176,0.58,7.12021170528,0.74,5.50251428256,0.74,1.8376246429271,0.77
161,-2.5316926272,0.58,8.29754527968,0.74,5.76004173408,0.74,3.02032090573916,0.77
162,-0.860416461504,0.58,5.92409641248,0.74,5.06144482272,0.74,1.43827315863191,0.77
163,-2.543314464,0.58,6.78396706272,0.74,4.24203269184,0.74,1.69336552596922,0.77
164,-1.70579509632,0.58,5.96818675584,0.74,4.26394815552,0.74,0.854827622272006,0.77
165,-9999,-9999,-9999,-9999,-9999,-9999,1.51114591410361,0.77
166,-1.656630576,0.58,7.28799159744,0.74,5.62715848224,0.74,2.26405129300562,0.77
167,-1.86576137856,0.58,7.8249723408,0.74,5.95351418688,0.74,2.31467116265807,0.77
168,-1.19332397664,0.58,6.47257447296,0.74,5.27695725888,0.74,1.64548139855192,0.77
169,-2.96415985248,0.58,7.37698166208,0.74,4.41397361664,0.74,2.17628289555975,0.77
170,-1.85093316,0.58,6.92093871072,0.74,5.0687811072,0.74,2.00036647487577,0.77
171,-1.98306929376,0.58,7.53270389856,0.74,5.54581600128,0.74,2.88354688224377,0.77
172,-1.2670396272,0.58,7.09159293216,0.74,5.82095261088,0.74,1.20341797227341,0.77
173,-1.89121527648,0.58,7.84325598048,0.74,5.9484607632,0.74,1.82122954496131,0.77
174,-1.44418962528,0.58,8.6471654112,0.74,7.19384434272,0.74,2.28674816582133,0.77
175,-1.38057044544,0.58,8.21625468192,0.74,6.82924034304,0.74,2.22144639783435,0.77
176,-2.57539903488,0.58,8.53235826624,0.74,5.95497729312,0.74,3.0752014392846,0.77
177,-2.24520397344,0.58,7.71033122208,0.74,5.46504423552,0.74,2.17610032149533,0.77
178,-2.12089182624,0.58,7.64283117888,0.74,5.52152428704,0.74,1.90982284821631,0.77
179,-0.0477892004544,0.58,5.86738807488,0.74,5.81786037216,0.74,1.27478521862032,0.77
180,-1.75337199072,0.58,8.03083450176,0.74,6.2734052448,0.74,2.52662074028821,0.77
181,-2.23847991072,0.58,8.26853219424,0.74,6.02682514848,0.74,2.22907956132374,0.77
182,-1.9883198736,0.58,7.9102164384,0.74,5.91905336544,0.74,1.73498107881796,0.77
183,-1.85884015968,0.58,7.539666624,0.74,5.67890678592,0.74,1.70772906773399,0.77
184,-1.35201393216,0.58,6.8734344528,0.74,5.51998854432,0.74,1.39377775054974,0.77
185,-2.56947397344,0.58,7.85066490144,0.74,5.28049569312,0.74,1.5977084615492,0.77
186,-2.84201642304,0.58,8.53164227808,0.74,5.687176968,0.74,1.99548702355812,0.77
187,0.931311741312,0.58,4.88519759232,0.74,5.81405214528,0.74,0.421026490588247,0.77
188,-1.99000088928,0.58,8.4884028192,0.74,6.4911590352,0.74,2.53888133474797,0.77
189,-1.4302641744,0.58,7.24514645088,0.74,5.80888457856,0.74,0.932754841692005,0.77
190,-2.31052492224,0.58,8.3631048912,0.74,6.0422655888,0.74,2.52686362234469,0.77
191,-1.27778982624,0.58,8.325437688,0.74,7.03002832704,0.74,2.92321219443831,0.77
192,-1.28417145984,0.58,8.0831950272,0.74,6.77576951712,0.74,2.24242362253185,0.77
193,-1.58692030848,0.58,7.82903998368,0.74,6.20942288256,0.74,1.53504124236759,0.77
194,-2.44409303232,0.58,7.24651616736,0.74,4.77022442112,0.74,1.36654682100595,0.77
195,-1.72782470304,0.58,6.49725012288,0.74,4.74261218208,0.74,1.28069531082366,0.77
196,-0.502620575328,0.58,5.60090558304,0.74,5.06604167424,0.74,1.8825288744633,0.77
197,-1.729785888,0.58,6.80237522208,0.74,5.03470422144,0.74,1.5730391254696,0.77
198,-0.589101568416,0.58,7.37547704928,0.74,6.7215723264,0.74,2.12650890278199,0.77
199,-0.710191768896,0.58,8.87215171968,0.74,8.06947710912,0.74,3.42118900981183,0.77
200,-0.293367328416,0.58,8.94063754368,0.74,8.55121262112,0.74,2.67009714608582,0.77
201,-2.43820947744,0.58,8.39093503968,0.74,5.91102184608,0.74,2.04883005861234,0.77
202,-2.10354208416,0.58,7.36208080704,0.74,5.23795146912,0.74,1.83480240066143,0.77
203,0.514933496352,0.58,4.51826922528,0.74,5.02733680704,0.74,0.637897364037531,0.77
204,-0.703767591072,0.58,6.510563352,0.74,5.80597911936,0.74,1.23478850291086,0.77
205,0.957886316352,0.58,5.02113157632,0.74,5.97785778432,0.74,0.985078357030505,0.77
206,0.31017333456,0.58,4.75565561856,0.74,5.06823114528,0.74,0.472384932565551,0.77
207,-1.28546853984,0.58,5.94718443648,0.74,4.66537885056,0.74,1.80083860919642,0.77
208,-9999,-9999,-9999,-9999,-9999,-9999,2.12317281009464,0.77
209,0.0620935024608,0.58,4.95247972608,0.74,5.01729221952,0.74,0.639827999070045,0.77
210,-0.810596137536,0.58,6.78042862848,0.74,5.96913103008,0.74,2.15949087387938,0.77
211,-0.713442770208,0.58,6.8414225184,0.74,6.1268352048,0.74,1.80581422870513,0.77
212,-0.793011883392,0.58,5.79603829824,0.74,5.00611657824,0.74,0.876211155624501,0.77
213,-0.902516565312,0.58,6.15663691488,0.74,5.2564426416,0.74,1.6746962548008,0.77
214,0.752281496064,0.58,6.22626416928,0.74,6.97939032384,0.74,1.59060796451546,0.77
215,-0.57772462032,0.58,6.1269389712,0.74,5.56020840096,0.74,0.673345480557688,0.77
216,-2.29622591232,0.58,7.02826429824,0.74,4.7495437776,0.74,2.44201406586534,0.77
217,-2.45877597792,0.58,6.85467348768,0.74,4.42194287616,0.74,1.98622987224365,0.77
218,-1.82508494976,0.58,6.88854284064,0.74,5.10171656256,0.74,1.26305282031446,0.77
219,0.508784299488,0.58,5.17919893344,0.74,5.73591604608,0.74,0.598493851976426,0.77
220,-1.82048809824,0.58,8.05083028704,0.74,6.27943407264,0.74,1.9994459258857,0.77
221,-1.24477135776,0.58,8.35987775616,0.74,7.16620097376,0.74,1.94494488479332,0.77
222,-0.277966319328,0.58,7.99938290592,0.74,7.77285047808,0.74,2.47668031419538,0.77
223,-0.369371028096,0.58,8.60714271072,0.74,8.28936848736,0.74,2.60908838436777,0.77
224,-1.238451984,0.58,8.29429739136,0.74,7.1040552768,0.74,1.87336832089417,0.77
225,-0.554882522688,0.58,8.68469771808,0.74,8.1800609616,0.74,2.02694337256498,0.77
226,-0.447424114176,0.58,7.82238855744,0.74,7.42268038464,0.74,1.50646252495842,0.77
227,3.1297502736,0.58,3.98568817728,0.74,7.16228898048,0.74,0.166905394998344,0.77
228,1.673752032,0.58,4.53150981792,0.74,6.23586256128,0.74,0.624503063576244,0.77
229,-1.39063578624,0.58,7.08752528928,0.74,5.70618697248,0.74,1.97037232482752,0.77
230,0.603163990944,0.58,5.73320774304,0.74,6.33337184736,0.74,0.998687334015407,0.77
231,-0.566095519872,0.58,5.86009329696,0.74,5.29174397088,0.74,1.29230134132655,0.77
232,-0.830386465344,0.58,5.94691464384,0.74,5.11392986784,0.74,1.7984091756537,0.77
233,-1.42827185952,0.58,6.204452472,0.74,4.77416754432,0.74,1.61490728189055,0.77
234,1.30183250112,0.58,3.4357573872,0.74,4.73575322304,0.74,0.481244917117124,0.77
235,-0.1032997624992,0.58,6.04334475936,0.74,5.93335237536,0.74,1.03421623597052,0.77
236,-0.397266549408,0.58,5.580297576,0.74,5.18063090976,0.74,1.3141154699894,0.77
237,-0.868089986784,0.58,5.52864266208,0.74,4.66052258304,0.74,1.3953172924445,0.77
238,0.370744895232,0.58,4.45190023584,0.74,4.822284024,0.74,1.02356617299612,0.77
239,-1.53902173824,0.58,6.55847229888,0.74,5.01848553312,0.74,1.82017387058934,0.77
240,-0.865679493312,0.58,5.86006216704,0.74,4.99384101312,0.74,1.49449117794798,0.77
241,-0.219312361728,0.58,5.2462216512,0.74,5.02647554592,0.74,1.1375469211277,0.77
242,-9999,-9999,-9999,-9999,-9999,-9999,0.481200600980586,0.77
243,-9999,-9999,-9999,-9999,-9999,-9999,1.29627532664031,0.77
244,-9999,-9999,-9999,-9999,-9999,-9999,1.29483661782164,0.77
245,-9999,-9999,-9999,-9999,-9999,-9999,1.49326226640545,0.77
246,2.00514040704,0.58,4.06029621888,0.74,6.06227175072,0.74,0.367707899870435,0.77
247,1.12543999776,0.58,5.21131463424,0.74,6.3327077424,0.74,0.753673464987594,0.77
248,-0.442389368448,0.58,7.1213842656,0.74,6.6735803664,0.74,1.52133540187878,0.77
249,2.1970978704,0.58,3.3809168448,0.74,5.57761002624,0.74,0.427534541058203,0.77
250,-0.096420776544,0.58,5.62978377216,0.74,5.53328102016,0.74,1.1612693304515,0.77
251,2.1153818304,0.58,3.37556249856,0.74,5.49118299168,0.74,0.250957641902731,0.77
252,2.67601093632,0.58,2.4386660496,0.74,5.1158910528,0.74,0.300392932984889,0.77
253,0.154567316448,0.58,4.93416495648,0.74,5.08951363392,0.74,0.849824458530128,0.77
254,0.755474388192,0.58,4.89360267072,0.74,5.64900130944,0.74,0.61461762680313,0.77
255,0.0334435994208,0.58,5.36169290112,0.74,5.40656149248,0.74,1.21141214410218,0.77
256,-0.89687374848,0.58,5.63324956992,0.74,4.75171249536,0.74,1.32657335878555,0.77
257,-0.180583628256,0.58,4.72730663808,0.74,4.5644764032,0.74,0.804658819395398,0.77
258,-0.878599447776,0.58,5.20915629312,0.74,4.35047895648,0.74,1.72393668784876,0.77
259,-0.756667701792,0.58,4.56900061824,0.74,3.8335977648,0.74,1.64343128677848,0.77
260,-1.116007632,0.58,5.2212139488,0.74,4.1297989536,0.74,1.78251913298189,0.77
261,0.591175858752,0.58,3.72787017984,0.74,4.337954352,0.74,0.70524938002229,0.77
262,0.33372311904,0.58,4.2431637456,0.74,4.57690761792,0.74,1.24956594909324,0.77
263,0.353955491712,0.58,4.50443716416,0.74,4.84323446016,0.74,1.48095170675913,0.77
264,0.270651825792,0.58,4.66027354368,0.74,4.9174378128,0.74,1.52855090948342,0.77
265,1.4449990032,0.58,3.36418970112,0.74,4.79685087936,0.74,0.760232802154223,0.77
266,-0.157560977088,0.58,4.20790392288,0.74,4.04277007392,0.74,1.50774303736229,0.77
267,-9999,-9999,-9999,-9999,-9999,-9999,1.50623514920002,0.77
268,-9999,-9999,-9999,-9999,-9999,-9999,0.673285333551039,0.77
269,-0.0733947010848,0.58,3.45669744672,0.74,3.38126965056,0.74,1.33900072825894,0.77
270,-0.174928359456,0.58,3.52440502272,0.74,3.34856248128,0.74,1.50781461191652,0.77
271,0.869724307584,0.58,2.8392562368,0.74,3.70768761504,0.74,0.939272619058725,0.77
272,0.92942526816,0.58,3.40837343424,0.74,4.33484136,0.74,0.887560567912511,0.77
273,2.37057453792,0.58,1.82407841568,0.74,4.19220406656,0.74,1.13315766019587,0.77
274,0.464778006912,0.58,3.41488996416,0.74,3.87797865408,0.74,1.13727055558832,0.77
275,0.14613422112,0.58,3.89735184096,0.74,4.0403523168,0.74,1.24703213435878,0.77
276,1.38270803328,0.58,2.94186045312,0.74,4.31951506272,0.74,1.06771507024483,0.77
277,2.4989024448,0.58,2.21282885664,0.74,4.70436388704,0.74,1.00009338930922,0.77
278,2.04724881216,0.58,1.65022818912,0.74,3.69483095808,0.74,0.594344425351042,0.77
279,0.986156434368,0.58,3.15004698144,0.74,4.13122055328,0.74,1.55159545351211,0.77
280,1.28876831136,0.58,2.1024629136,0.74,3.38935305312,0.74,0.718933380885924,0.77
281,0.3110657256,0.58,2.94984008928,0.74,3.25402091424,0.74,0.709213464080675,0.77
282,1.50369965568,0.58,2.08035029376,0.74,3.56757184512,0.74,1.09498844122466,0.77
283,0.0990241717536,0.58,2.78108479296,0.74,2.86824856896,0.74,1.0237845358606,0.77
284,0.227224549728,0.58,3.00093466464,0.74,3.21381143424,0.74,0.728674987012818,0.77
285,-9999,-9999,-9999,-9999,-9999,-9999,-9999,-9999
286,-9999,-9999,-9999,-9999,-9999,-9999,0.921554106799135,0.77
287,1.03867053408,0.58,1.71866212992,0.74,2.74479768288,0.74,0.519578024997229,0.77
288,0.671945549184,0.58,2.1116981232,0.74,2.77067702304,0.74,0.799428532251393,0.77
289,0.46317170304,0.58,2.50692358752,0.74,2.96026861248,0.74,0.892521540594334,0.77
290,1.0548892224,0.58,2.56005198432,0.74,3.60709646688,0.74,1.04771725334972,0.77
291,0.877283689824,0.58,2.30607334368,0.74,3.18327298272,0.74,0.533709740011453,0.77
292,-9999,-9999,-9999,-9999,-9999,-9999,-9999,-9999
293,3.02867142336,0.58,0.390072424896,0.74,3.41856329472,0.74,0.0932286879890705,0.77
294,1.99269881568,0.58,1.72621632384,0.74,3.71744165664,0.74,0.411495422600549,0.77
295,2.05921307808,0.58,1.64619167616,0.74,3.7039935312,0.74,0.440780575554187,0.77
296,2.21711440896,0.58,1.55821852224,0.74,3.77360003232,0.74,0.369992646743935,0.77
297,1.39527414432,0.58,1.93247279712,0.74,3.32776769472,0.74,0.504414806204346,0.77
298,1.20038009184,0.58,2.16511706592,0.74,3.3653000016,0.74,0.521202420384978,0.77
299,1.68518708928,0.58,1.89178599168,0.74,3.57588353376,0.74,1.20488088816332,0.77
300,1.93398778656,0.58,1.7237674368,0.74,3.65621948064,0.74,0.598016389545724,0.77
301,1.41415962912,0.58,2.08595367936,0.74,3.49940769696,0.74,0.882575742962875,0.77
302,2.48394970656,0.58,0.772953838272,0.74,3.25794328416,0.74,0.448358486919279,0.77
303,1.64375316576,0.58,1.64221742304,0.74,3.28772424096,0.74,0.838566799484573,0.77
304,1.41863196096,0.58,1.97174837952,0.74,3.39291224064,0.74,0.85021972332828,0.77
305,1.6661252016,0.58,0.969514379136,0.74,2.64026341152,0.74,0.391157845533826,0.77
306,2.05891215552,0.58,0.442093634208,0.74,2.50581328704,0.74,0.439679419717348,0.77
307,0.598971828384,0.58,1.58776081632,0.74,2.19198218688,0.74,0.44724694398353,0.77
308,0.628796367072,0.58,1.44902513952,0.74,2.08363968864,0.74,0.279678602707074,0.77
309,1.62914285664,0.58,0.859056084,0.74,2.49363111168,0.74,0.196493474588138,0.77
310,1.8879258816,0.58,0.663559148736,0.74,2.55549663936,0.74,0.240877600287812,0.77
311,2.26201413024,0.58,0.858731295168,0.74,3.12130368864,0.74,0.497195505344656,0.77
312,1.31157616608,0.58,1.47013122528,0.74,2.78479963008,0.74,0.726522535338939,0.77
313,1.03822433856,0.58,1.69641461376,0.74,2.75042182176,0.74,0.524018335245043,0.77
314,2.3447574576,0.58,1.40636677248,0.74,3.77457543648,0.74,1.02608547071273,0.77
315,2.3902071408,0.58,1.57109593248,0.74,3.98682960768,0.74,0.889948947603603,0.77
316,1.75973287104,0.58,1.47902400576,0.74,3.26333913696,0.74,0.584210812383083,0.77
317,1.59741109152,0.58,1.95820686432,0.74,3.58290851904,0.74,0.664503225280519,0.77
318,1.36656198144,0.58,1.71319364064,0.74,3.10638208032,0.74,0.330524892911271,0.77
319,2.42126442432,0.58,0.262315233216,0.74,2.70925769088,0.74,0.111068624224773,0.77
320,1.7592036624,0.58,0.301634397504,0.74,2.08349441568,0.74,0.0377198977102479,0.77
321,2.29279124448,0.58,0.0644142379968,0.74,2.38282934976,0.74,0.0556533803859813,0.77
322,2.09121463584,0.58,0.395890606944,0.74,2.51364765024,0.74,0.11122016729746,0.77
323,1.34457388128,0.58,1.004669397792,0.74,2.36349766944,0.74,0.162016432198286,0.77
324,0.903725443872,0.58,1.024472177568,0.74,1.93173605568,0.74,0.163031309809387,0.77
325,1.26147774816,0.58,0.1954440144,0.74,1.45936027296,0.74,-9999,-9999
326,-9999,-9999,-9999,-9999,-9999,-9999,0.138169071916188,0.77
327,1.41088061088,0.58,0.517020238656,0.74,1.9289654928,0.74,0.246754955985661,0.77
328,1.73792117376,0.58,0.362615835456,0.74,2.10093754752,0.74,0.270089607410563,0.77
329,0.894421748448,0.58,1.124049528,0.74,2.0190866112,0.74,0.256747896252336,0.77
330,1.5018111072,0.58,1.064643264,0.74,2.56527143424,0.74,0.620226152170832,0.77
331,1.2328485984,0.58,1.08629931168,0.74,2.3199054048,0.74,0.450056525922432,0.77
332,0.842522983488,0.58,0.979249742784,0.74,1.82469063744,0.74,0.15748337333257,0.77
333,0.943415054208,0.58,0.582049603872,0.74,1.52964125568,0.74,0.104105260265781,0.77
334,0.7667558712,0.58,0.721794927744,0.74,1.49329188576,0.74,0.0752544773768788,0.77
335,1.54222812,0.58,0.496062538848,0.74,2.04306702624,0.74,0.0941345864357055,0.77
336,1.591776576,0.58,0.55655627472,0.74,2.15373389184,0.74,0.0857242145084796,0.77
337,1.012258872288,0.58,0.66557844288,0.74,1.68420130848,0.74,0.0684925305579751,0.77
338,1.26696699072,0.58,0.370044472032,0.74,1.64396069856,0.74,0.0236292239510646,0.77
339,1.08562483008,0.58,0.636650445888,0.74,1.73024246016,0.74,0.0645670286171526,0.77
340,0.793135365408,0.58,0.780716602656,0.74,1.58262437952,0.74,0.105172387767129,0.77
341,0.770352414624,0.58,0.594769289184,0.74,1.37387751264,0.74,0.0319276141863412,0.77
342,0.720209377152,0.58,0.431480406816,0.74,1.1552832144,0.74,0.042233704707828,0.77
343,0.87352112016,0.58,0.240261760224,0.74,1.1067205392,0.74,0.00243480320807957,0.77
344,-9999,-9999,-9999,-9999,-9999,-9999,-9999,-9999
345,-9999,-9999,-9999,-9999,-9999,-9999,-9999,-9999
346,-9999,-9999,-9999,-9999,-9999,-9999,-9999,-9999
347,-9999,-9999,-9999,-9999,-9999,-9999,-9999,-9999
348,-9999,-9999,-9999,-9999,-9999,-9999,-9999,-9999
349,0.875447024544,0.58,-0.315047242368,0.74,0.56071211904,0.74,-9999,-9999
350,0.923663119968,0.58,-0.0367502195232,0.74,0.887174703072,0.74,0.0276472535249497,0.77
351,0.893016751392,0.58,0.0531858833856,0.74,0.946959714432,0.74,0.0174928245274919,0.77
352,1.0881463536,0.58,-0.0149374845792,0.74,1.074241656,0.74,0.0267313739908477,0.77
353,1.44916003584,0.58,0.651265943328,0.74,2.09802171168,0.74,0.240337330427812,0.77
354,0.898906532256,0.58,0.663650463168,0.74,1.56301252992,0.74,0.231636361821709,0.77
355,1.42529376384,0.58,0.17223665904,0.74,1.59812707968,0.74,0.217755543547351,0.77
356,1.23314952096,0.58,0.372548355264,0.74,1.60631424864,0.74,0.0675760289136333,0.77
357,1.28974371552,0.58,0.129804502752,0.74,1.42077992544,0.74,0.0558760836187368,0.77
358,1.22351999904,0.58,0.539034280416,0.74,1.76253456384,0.74,0.262840131435725,0.77
359,1.45412006976,0.58,0.34653308112,0.74,1.80046118304,0.74,0.140625620423988,0.77
360,1.08639270144,0.58,0.000403623279072,0.74,1.08884158848,0.74,-9999,-9999
361,1.25234630496,0.58,0.0890105066208,0.74,1.34261269632,0.74,0.0381940880025397,0.77
362,1.83343814496,0.58,0.0654473362752,0.74,1.89812611872,0.74,0.111472668390256,0.77
363,0.912270606912,0.58,0.661991238432,0.74,1.5747070032,0.74,0.0351317155109751,0.77
364,1.50656360832,0.58,0.418456685952,0.74,1.924088472,0.74,0.156383791823025,0.77
365,1.26866875968,0.58,0.109382237568,0.74,1.37924223552,0.74,0.00733431428114605,0.77
1,1.2424988736,0.58,0.0930267851328,0.74,1.33929217152,0.74,0.0113351514671352,0.77
2,0.911666686464,0.58,0.140653279872,0.74,1.05635232864,0.74,0.0321155372533034,0.77
3,1.27678329216,0.58,0.558608774112,0.74,1.83776520384,0.74,0.214956025264057,0.77
4,1.64736423648,0.58,0.428944356,0.74,2.0780778096,0.74,0.151015309275281,0.77
5,1.481784192,0.58,0.442892635488,0.74,1.92691091808,0.74,0.256272769072284,0.77
6,1.26572179392,0.58,0.571501749312,0.74,1.83947734944,0.74,0.186903761769039,0.77
7,1.44097286688,0.58,0.60418505232,0.74,2.0462215248,0.74,0.532217937047188,0.77
8,1.1197432224,0.58,0.562976301888,0.74,1.6847512704,0.74,0.348318257536515,0.77
9,0.986753091168,0.58,0.541197809856,0.74,1.52970351552,0.74,0.0546022162995993,0.77
10,1.56530576736,0.58,0.269288335296,0.74,1.833292872,0.74,0.152956481803921,0.77
11,0.964654998624,0.58,0.670468953312,0.74,1.6333869024,0.74,0.191439804868893,0.77
12,1.12079126304,0.58,0.523635346656,0.74,1.64144955168,0.74,0.214775896214162,0.77
13,0.787070219328,0.58,0.81477896112,0.74,1.59811670304,0.74,0.0279890651714197,0.77
14,1.001598950016,0.58,0.394144218432,0.74,1.39241019168,0.74,0.0682763424710496,0.77
15,0.507316004928,0.58,0.73625892624,0.74,1.24043392224,0.74,0.0946398202898924,0.77
16,0.76085156304,0.58,0.01011184890048,0.74,0.770700032064,0.74,0.0361082251062837,0.77
17,0.760448949408,0.58,0.336780077184,0.74,1.0956694176,0.74,0.0472730731807733,0.77
18,0.378580296096,0.58,0.568844291808,0.74,0.947145456288,0.74,0.0811605267083023,0.77
19,0.595760258304,0.58,0.281256751872,0.74,0.877481883648,0.74,0.0344997856029289,0.77
20,0.420375326688,0.58,0.451350634752,0.74,0.872664009696,0.74,0.0614489020160649,0.77
21,0.379465423488,0.58,0.69463303488,0.74,1.07487463104,0.74,0.261715507091701,0.77
22,0.65286187056,0.58,0.698007518208,0.74,1.35100739808,0.74,0.294408279999734,0.77
23,0.908123063904,0.58,0.649984428288,0.74,1.55764780704,0.74,0.212085266296085,0.77
24,0.90715699872,0.58,0.788010342912,0.74,1.6943496624,0.74,0.165991864442571,0.77
25,0.945371050848,0.58,0.65833554816,0.74,1.60340878944,0.74,0.168635186922135,0.77
26,0.657394386912,0.58,0.680019612768,0.74,1.3383790272,0.74,0.265888894259792,0.77
27,-9999,-9999,-9999,-9999,-9999,-9999,0.116006929664986,0.77
28,0.506100900384,0.58,0.932151211488,0.74,1.43905318848,0.74,0.192749705516755,0.77
29,0.851935633632,0.58,0.769980930912,0.74,1.62209711808,0.74,0.0773983938925488,0.77
30,0.666462532608,0.58,0.886614364512,0.74,1.55372543712,0.74,0.157588034491589,0.77
31,0.728344662912,0.58,0.780378324192,0.74,1.50966622368,0.74,0.109130300083259,0.77
32,0.599778093312,0.58,1.10022476256,0.74,1.70028510048,0.74,0.162923300129895,0.77
33,1.50163470432,0.58,0.54520941888,0.74,2.0451838608,0.74,0.0203104592422479,0.77
34,0.908665762176,0.58,1.03487268384,0.74,1.94190516288,0.74,0.210474262510163,0.77
35,0.819799179552,0.58,0.95622812928,0.74,1.77475824576,0.74,0.302937814517421,0.77
36,0.451732495104,0.58,0.766482965568,0.74,1.21913068032,0.74,0.13591944243889,0.77
37,0.352327396896,0.58,1.18829130624,0.74,1.53996601248,0.74,0.278149279749689,0.77
38,0.615860847648,0.58,1.08357025536,0.74,1.6976701872,0.74,0.205420890686935,0.77
39,0.416338813728,0.58,1.21184627904,0.74,1.62645530688,0.74,0.483927441230673,0.77
40,0.516770161632,0.58,0.857630333664,0.74,1.37337943392,0.74,0.110175651229726,0.77
41,1.18176439968,0.58,0.539001075168,0.74,1.71854798688,0.74,0.309371470501615,0.77
42,0.5956710192,0.58,1.287222192,0.74,1.88098390944,0.74,0.190509423085157,0.77
43,0.716741504064,0.58,1.0522950624,0.74,1.76883318432,0.74,0.451317924660296,0.77
44,0.189142280928,0.58,1.174376232,0.74,1.365306408,0.74,0.297618609763262,0.77
45,0.545345352864,0.58,1.2024450432,0.74,1.74819404736,0.74,0.517083861557468,0.77
46,0.797773723488,0.58,1.13253761952,0.74,1.93020031296,0.74,0.888924973880418,0.77
47,0.903284436672,0.58,1.08292690368,0.74,1.98589173984,0.74,0.295856242622191,0.77
48,0.692882495712,0.58,1.35577027584,0.74,2.04806856672,0.74,1.58545856627233,0.77
49,1.09202721696,0.58,0.658215179136,0.74,1.75104762336,0.74,0.239755278605682,0.77
50,0.492943320864,0.58,1.4779967184,0.74,1.97059657248,0.74,0.92171453367653,0.77
51,1.34194859136,0.58,1.07323512192,0.74,2.41268294304,0.74,0.811610589108487,0.77
52,1.005289920864,0.58,1.21182552576,0.74,2.21602486176,0.74,0.78943597475158,0.77
53,0.578470700736,0.58,1.11387004416,0.74,1.69337425824,0.74,0.870869329858278,0.77
54,0.0861459313824,0.58,1.4124682368,0.74,1.499683896,0.74,0.586436728370693,0.77
55,0.328312738944,0.58,1.40409428832,0.74,1.73226590496,0.74,1.14520537363992,0.77
56,0.405352027296,0.58,0.908970835392,0.74,1.31583058848,0.74,0.777534601067433,0.77
57,0.54878935968,0.58,0.823792110624,0.74,1.373867136,0.74,0.392079533868222,0.77
58,0.704526123456,0.58,0.61064969904,0.74,1.31667109632,0.74,0.177083135289694,0.77
59,0.471806105184,0.58,1.01261997936,0.74,1.4853122496,0.74,0.321416101677191,0.77
60,0.341919626976,0.58,1.20437509824,0.74,1.5467419584,0.74,0.29701724431112,0.77
61,0.386517388032,0.58,1.12552301088,0.74,1.5125509296,0.74,0.294203628581632,0.77
62,0.443687486112,0.58,0.965237128128,0.74,1.40988445344,0.74,0.41998718094671,0.77
63,0.250740091296,0.58,1.12442308704,0.74,1.37645091936,0.74,0.495910251482471,0.77
64,0.147087834336,0.58,1.28237630112,0.74,1.43060660352,0.74,0.361446962880387,0.77
65,0.0532761601536,0.58,1.26950926752,0.74,1.32432905664,0.74,1.0846178802377,0.77
66,0.581593031712,0.58,0.360369292896,0.74,0.944439228576,0.74,0.601536453171981,0.77
67,0.522553063104,0.58,0.369617992128,0.74,0.894703993056,0.74,0.631914977879325,0.77
68,0.705622934304,0.58,0.33140394,0.74,1.03939689888,0.74,0.499033396831053,0.77
69,0.350189809056,0.58,0.854730062784,0.74,1.2069588816,0.74,1.11459089537521,0.77
70,0.428588437248,0.58,0.746278609824,0.74,1.17713641824,0.74,0.668511019838885,0.77
71,0.472041654912,0.58,1.54333842048,0.74,2.01490482528,0.74,0.436382119067646,0.77
72,1.30269376224,0.58,0.549316492992,0.74,1.85230287648,0.74,0.262570238738282,0.77
73,0.491450122368,0.58,0.579303944928,0.74,1.07370207072,0.74,0.486847321790018,0.77
74,0.49645996416,0.58,0.664118449632,0.74,1.16329398048,0.74,0.316399760323078,0.77
75,0.989566198272,0.58,1.22043813696,0.74,2.20917627936,0.74,0.378349109284585,0.77
76,0.418902881472,0.58,1.96141324608,0.74,2.37883434336,0.74,0.844456127109345,0.77
77,0.527530737312,0.58,1.78855917696,0.74,2.31503876064,0.74,0.793141260988355,0.77
78,0.166561674624,0.58,1.78962797088,0.74,1.95701355072,0.74,0.743039688542328,0.77
79,0.885161634912,0.58,1.37166728832,0.74,2.25658714752,0.74,0.251242492933831,0.77
80,0.507641831424,0.58,2.20118626656,0.74,2.70682955712,0.74,1.3373102697944,0.77
81,0.347266709568,0.58,2.1210889824,0.74,2.46788666784,0.74,2.41864199850762,0.77
82,0.251710307136,0.58,2.20377004992,0.74,2.45527905024,0.74,1.52519673494777,0.77
83,0.618178989024,0.58,1.6345283328,0.74,2.25332888256,0.74,0.968339429033274,0.77
84,0.720239469408,0.58,1.24340164128,0.74,1.96530448608,0.74,0.392825742897595,0.77
85,-9999,-9999,-9999,-9999,-9999,-9999,0.913302573902142,0.77
86,-9999,-9999,-9999,-9999,-9999,-9999,1.26583172128958,0.77
87,0.650742960672,0.58,1.39339597248,0.74,2.04510084768,0.74,0.316829882669629,0.77
88,0.914793168096,0.58,1.63326238272,0.74,2.54666611872,0.74,0.443193085901156,0.77
89,0.214073196192,0.58,2.67923807136,0.74,2.89013290272,0.74,1.38671952754514,0.77
90,1.23775674912,0.58,1.0702985328,0.74,2.31005797344,0.74,0.109820097774138,0.77
91,0.668859536448,0.58,1.1734942176,0.74,1.8450184752,0.74,0.211663890104778,0.77
92,-0.00205899516864,0.58,1.99154700864,0.74,1.9890462384,0.74,1.1182486637611,0.77
93,0.108276087744,0.58,1.862866296,0.74,1.96904007648,0.74,1.55228489953219,0.77
94,-0.292780010592,0.58,2.43715106016,0.74,2.1424648608,0.74,1.33820126929779,0.77
95,0.565622345088,0.58,2.0028471696,0.74,2.5654685904,0.74,0.749132120712498,0.77
96,-0.15335636256,0.58,2.44588819104,0.74,2.29184697024,0.74,1.84044426853555,0.77
97,0.177843157632,0.58,1.78367177952,0.74,1.96208772768,0.74,1.42569264050491,0.77
98,-0.00438707736576,0.58,2.31717634848,0.74,2.31169748256,0.74,1.54628746528706,0.77
99,0.31395561984,0.58,2.33934085152,0.74,2.65072306464,0.74,1.59599823240733,0.77
100,0.142661159712,0.58,2.3750053632,0.74,2.5157644848,0.74,2.57760730013215,0.77
101,0.217638609696,0.58,1.90860652512,0.74,2.12027960448,0.74,1.48292870851682,0.77
102,-0.426750734304,0.58,2.2630414176,0.74,1.81967872032,0.74,2.03529604152018,0.77
103,0.432310538016,0.58,1.4403295152,0.74,1.85287359168,0.74,0.803933966209912,0.77
104,0.170982123264,0.58,1.8313731936,0.74,1.98059965344,0.74,1.52558912262291,0.77
105,0.0593747190144,0.58,2.28013174368,0.74,2.310358896,0.74,1.75432355963727,0.77
106,0.311794165728,0.58,2.52132636384,0.74,2.79393107328,0.74,1.09285037782706,0.77
107,0.800797476384,0.58,2.29026972096,0.74,3.04490048832,0.74,0.669837166429928,0.77
108,0.160297297056,0.58,2.2267750608,0.74,2.35216637856,0.74,1.47119092071295,0.77
109,0.110871285408,0.58,2.44710225792,0.74,2.51765303328,0.74,1.7483176033025,0.77
110,0.237065755104,0.58,2.27930161248,0.74,2.46300964704,0.74,1.573564429972,0.77
111,0.485994085056,0.58,2.24611711776,0.74,2.68883646336,0.74,1.22947061418939,0.77
112,1.62901833696,0.58,0.82518673104,0.74,2.43478518624,0.74,0.19647551486138,0.77
113,0.7958104632,0.58,1.64159482464,0.74,2.4231529728,0.74,0.727910021831189,0.77
114,-0.271233955296,0.58,2.22045568704,0.74,1.9402760304,0.74,1.30958964274624,0.77
115,0.0289615135392,0.58,1.85385937248,0.74,1.8754739136,0.74,1.42479576546649,0.77
116,0.0177189429312,0.58,2.05838294688,0.74,2.10533724288,0.74,0.836578784459007,0.77
117,0.70346874384,0.58,1.8620361648,0.74,2.66828033952,0.74,0.547139080357895,0.77
118,-9999,-9999,-9999,-9999,-9999,-9999,0.626724534554282,0.77
119,-9999,-9999,-9999,-9999,-9999,-9999,-9999,-9999
120,-9999,-9999,-9999,-9999,-9999,-9999,0.448992843019549,0.77
121,-9999,-9999,-9999,-9999,-9999,-9999,0.931970623069821,0.77
122,-9999,-9999,-9999,-9999,-9999,-9999,-9999,-9999
123,-9999,-9999,-9999,-9999,-9999,-9999,-9999,-9999
124,-9999,-9999,-9999,-9999,-9999,-9999,-9999,-9999
125,0.476186084928,0.58,2.68916851584,0.74,3.2947907328,0.74,0.979219269974727,0.77
126,1.15079012928,0.58,2.09174384448,0.74,3.33553979808,0.74,0.526824033595389,0.77
127,0.0684727494336,0.58,3.66244546464,0.74,3.79592018496,0.74,1.05119482985204,0.77
128,0.497441594304,0.58,3.6729154944,0.74,4.20000729984,0.74,1.18682262885627,0.77
129,-0.215354711232,0.58,4.24833131232,0.74,4.0318953552,0.74,3.06142784679631,0.77
130,0.246041548704,0.58,3.2906400768,0.74,3.53605798944,0.74,0.874775427086594,0.77
131,-0.443493442944,0.58,4.24614184128,0.74,3.80033025696,0.74,2.24406845596433,0.77
132,0.86387603328,0.58,2.51220529728,0.74,3.37582191456,0.74,0.400580440186472,0.77
133,-0.154128384576,0.58,4.33412537184,0.74,4.17461566176,0.74,2.19266785943049,0.77
134,-0.576262551744,0.58,4.2532290864,0.74,3.67419182112,0.74,1.66660463627692,0.77
135,-0.546956845056,0.58,3.72574296864,0.74,3.17778374016,0.74,2.37288075632023,0.77
136,-0.65360898864,0.58,4.17778053696,0.74,3.52138542048,0.74,2.42866961664527,0.77
137,-0.087692465808,0.58,3.81584333376,0.74,3.7245911616,0.74,2.10235901143796,0.77
138,-0.647612328384,0.58,4.54518622944,0.74,3.8934190944,0.74,1.81543449843183,0.77
139,-9999,-9999,-9999,-9999,-9999,-9999,1.89842954505141,0.77
140,0.0674591592384,0.58,3.9927235392,0.74,4.05556447104,0.74,1.29062032401425,0.77
141,0.645075239904,0.58,3.02749886304,0.74,3.6703732176,0.74,0.557630011753213,0.77
142,-0.554712345792,0.58,4.31049776256,0.74,3.75329294784,0.74,2.06651083958164,0.77
143,-1.18974403584,0.58,4.74423093792,0.74,3.55309643232,0.74,2.27702219109961,0.77
144,-1.1944031472,0.58,5.0576781024,0.74,3.8604732624,0.74,2.3064222733039,0.77
145,-0.90323981712,0.58,4.92230445696,0.74,4.01541725088,0.74,1.78293547307254,0.77
146,-0.661812760224,0.58,4.84413722784,0.74,4.17817484928,0.74,1.6137620910498,0.77
147,-1.15706799648,0.58,5.46360188256,0.74,4.3019474112,0.74,2.29438493174055,0.77
148,-1.38357967104,0.58,4.98412847808,0.74,3.59952151968,0.74,2.2186688344055,0.77
149,-1.030531097664,0.58,5.59872648864,0.74,4.56180960672,0.74,2.46383190658473,0.77
150,-1.014972363648,0.58,6.00953766624,0.74,4.98615192288,0.74,2.78132375611274,0.77
151,-9999,-9999,-9999,-9999,-9999,-9999,-9999,-9999
152,-0.725941433088,0.58,4.7570668416,0.74,4.02902102592,0.74,1.08109693088643,0.77
153,-1.21808263968,0.58,5.63595787296,0.74,4.41381796704,0.74,2.45414998626071,0.77
154,-0.908831788416,0.58,5.7549883104,0.74,4.83967527264,0.74,2.91200285932802,0.77
155,-1.30184287776,0.58,5.97888507168,0.74,4.6722378096,0.74,2.46097894919294,0.77
156,-1.30000621248,0.58,5.4483585984,0.74,4.1473873584,0.74,1.90704213640204,0.77
157,-1.23415605504,0.58,5.10477767136,0.74,3.87158664384,0.74,1.74078634036868,0.77
158,-1.08065441952,0.58,4.85598735072,0.74,3.7774601424,0.74,1.32673214770991,0.77
159,-1.22741123904,0.58,5.0029413264,0.74,3.77857044288,0.74,1.55801095051856,0.77
160,-1.5348088224,0.58,5.96493886752,0.74,4.43080452672,0.74,2.60129274744145,0.77
161,-9999,-9999,-9999,-9999,-9999,-9999,2.42423331552129,0.77
162,-9999,-9999,-9999,-9999,-9999,-9999,2.39151834591369,0.77
163,0.01019689584192,0.58,5.97790966752,0.74,5.98323288384,0.74,2.12522972793095,0.77
164,-0.865888063776,0.58,7.31341436544,0.74,6.44054178528,0.74,3.47296997622896,0.77
165,-0.887526471168,0.58,7.39005622848,0.74,6.49596341952,0.74,3.81694179900266,0.77
166,-0.792496164384,0.58,7.42302281376,0.74,6.62407341696,0.74,4.23707546237772,0.77
167,-0.2462117256,0.58,7.24755383136,0.74,6.9936478272,0.74,3.50342838793613,0.77
168,0.473748612192,0.58,6.1898732928,0.74,6.65882478432,0.74,1.5518282678106,0.77
169,-0.0713935660608,0.58,6.75389556,0.74,6.67810458144,0.74,3.17470951804133,0.77
170,-0.944572049568,0.58,7.6274011152,0.74,6.6793394016,0.74,3.95398279431833,0.77
171,-0.937989109152,0.58,7.45231606848,0.74,6.5125349136,0.74,1.67726323594822,0.77
172,-1.1072393712,0.58,7.6337827488,0.74,6.52527742752,0.74,3.29079057838063,0.77
173,-1.76955954912,0.58,8.2318922784,0.74,6.46147146816,0.74,3.49731762719185,0.77
174,0.734217841152,0.58,5.75998985088,0.74,6.49371168864,0.74,2.04752685746356,0.77
175,-1.67151067776,0.58,9.6740377056,0.74,7.99497283392,0.74,3.74423852457305,0.77
176,0.983462658624,0.58,5.95621211328,0.74,6.93715739904,0.74,2.1890324628822,0.77
177,-2.30685159168,0.58,7.99025146272,0.74,5.68539218592,0.74,3.66364091382727,0.77
178,1.750539168,0.58,4.16167599168,0.74,5.91204913344,0.74,0.513397737668624,0.77
179,-0.0212112011232,0.58,5.82992840448,0.74,5.80799218752,0.74,1.41998909269386,0.77
180,-2.2404203424,0.58,7.60774775904,0.74,5.36723402688,0.74,3.53069215752041,0.77
181,1.68626625984,0.58,3.80626569504,0.74,5.49107922528,0.74,0.559741115825125,0.77
182,-2.80391340096,0.58,8.21742724224,0.74,5.41189508544,0.74,2.96682380269451,0.77
183,-3.6534592944,0.58,8.6046211872,0.74,4.95115151616,0.74,3.32214300705113,0.77
184,-3.30965008128,0.58,8.2909872432,0.74,4.98102586272,0.74,2.94715085244576,0.77
185,-0.834663716352,0.58,5.9754919104,0.74,5.1404318064,0.74,0.980482748370357,0.77
186,-2.81927082816,0.58,8.00384486112,0.74,5.1842731104,0.74,3.37611143311949,0.77
187,-1.21698271584,0.58,6.85343866752,0.74,5.63490983232,0.74,2.13604449842451,0.77
188,-0.3294064368,0.58,7.47707473152,0.74,7.14033201024,0.74,2.25823612379322,0.77
189,0.11982943872,0.58,7.67349415008,0.74,7.78563449856,0.74,2.20060828381869,0.77
190,-2.31806873952,0.58,8.96637161088,0.74,6.64974522432,0.74,4.4357801042451,0.77
191,-1.10463483456,0.58,7.12281624192,0.74,6.02508187296,0.74,2.3169821827286,0.77
192,-3.04449579936,0.58,8.909901936,0.74,5.8756686336,0.74,3.40390051681497,0.77
193,-2.44590894432,0.58,7.95512653632,0.74,5.5223959248,0.74,2.48028906746659,0.77
194,-3.13389055296,0.58,8.4173747184,0.74,5.29563521088,0.74,2.50242343511845,0.77
195,0.287301144672,0.58,5.30074051776,0.74,5.59738790208,0.74,1.13999233291794,0.77
196,-3.0514585248,0.58,8.8867620288,0.74,5.83620627168,0.74,3.13002582383969,0.77
197,-2.31273514656,0.58,7.82714105856,0.74,5.51561997888,0.74,2.27529737922848,0.77
198,-3.33661896864,0.58,8.63660199168,0.74,5.30102068704,0.74,2.5245490531469,0.77
199,-2.73105901152,0.58,8.02808469216,0.74,5.2969634208,0.74,1.90084844810782,0.77
200,-2.17112514048,0.58,7.95801124224,0.74,5.78540224224,0.74,2.22557481463721,0.77
201,-2.90090385504,0.58,8.53192244736,0.74,5.63525226144,0.74,2.64598527724778,0.77
202,-2.43943392096,0.58,8.44365874752,0.74,6.0124327488,0.74,3.04917892031993,0.77
203,0.063992220048,0.58,5.834006424,0.74,5.9117793408,0.74,1.08042591709899,0.77
204,-0.532815560064,0.58,6.35583727296,0.74,5.83625815488,0.74,1.24463669037491,0.77
205,-2.12219928288,0.58,7.60631578272,0.74,5.47032594528,0.74,1.75740858641428,0.77
206,-2.49831097632,0.58,8.26160059872,0.74,5.7470501808,0.74,2.2660633229382,0.77
207,-1.4507061552,0.58,7.7688347184,0.74,6.29734415328,0.74,2.06558484141826,0.77
208,0.08018289144,0.58,6.09319413792,0.74,6.15285981792,0.74,0.653348113378097,0.77
209,-3.00270907008,0.58,9.39089032992,0.74,6.35616932544,0.74,3.29645220416154,0.77
210,-1.85351694336,0.58,7.77627476928,0.74,5.90520055104,0.74,2.96829218036979,0.77
211,-1.09076126688,0.58,6.68336553792,0.74,5.58742632768,0.74,1.14182488008874,0.77
212,0.241611761088,0.58,5.45358842496,0.74,5.69313315936,0.74,0.444903214663486,0.77
213,0.277733882592,0.58,5.41464489504,0.74,5.6903937264,0.74,0.497640758727455,0.77
214,1.5263518608,0.58,3.93613972128,0.74,5.46155768448,0.74,0.254526477909546,0.77
215,-1.34660770272,0.58,7.42783757472,0.74,6.07721411232,0.74,1.81185499695505,0.77
216,-1.56696602976,0.58,7.02391648608,0.74,5.4562448448,0.74,1.85338611298318,0.77
217,-0.599644234656,0.58,5.47612648704,0.74,4.87938667392,0.74,0.730206335769609,0.77
218,-1.93580369856,0.58,7.16955262848,0.74,5.23648836288,0.74,1.52425481780701,0.77
219,-3.52832739264,0.58,8.82357866784,0.74,5.2989349824,0.74,2.58091270605129,0.77
220,-3.288876048,0.58,8.41646157408,0.74,5.13299175552,0.74,3.13875439704671,0.77
221,-1.62983809152,0.58,7.20321444864,0.74,5.57866844352,0.74,1.44266324981245,0.77
222,-0.5204403792,0.58,8.24499797472,0.74,7.72295959296,0.74,1.56636657701489,0.77
223,-1.74466598976,0.58,8.6691120048,0.74,6.9253176528,0.74,4.05873290045323,0.77
224,-0.28975210704,0.58,6.519383496,0.74,6.23353819392,0.74,1.52523639817692,0.77
225,-1.7478412416,0.58,7.62414285024,0.74,5.87996456256,0.74,2.05419666888944,0.77
226,-9999,-9999,-9999,-9999,-9999,-9999,2.21296795557697,0.77
227,-1.1027255328,0.58,6.84849938688,0.74,5.74584649056,0.74,1.31910710984243,0.77
228,-1.73852301888,0.58,7.3861961184,0.74,5.64668731872,0.74,1.79570326479162,0.77
229,-9999,-9999,-9999,-9999,-9999,-9999,-9999,-9999
230,-9999,-9999,-9999,-9999,-9999,-9999,-9999,-9999
231,-1.33524528192,0.58,7.54089106752,0.74,6.1978633056,0.74,1.82987798685641,0.77
232,-1.81966834368,0.58,7.87626407232,0.74,6.04806613056,0.74,2.54590378339059,0.77
233,-1.80151960032,0.58,7.94662806816,0.74,6.13459693152,0.74,2.24515004354729,0.77
234,-1.38680680608,0.58,7.0793588736,0.74,5.68327535136,0.74,1.4397469354462,0.77
235,-0.658635433056,0.58,5.99083896096,0.74,5.32454452992,0.74,1.2309747714016,0.77
236,-1.58070470112,0.58,6.88367619648,0.74,5.29713982368,0.74,2.32506526028733,0.77
237,-1.00054675872,0.58,5.78307787488,0.74,4.7809331136,0.74,1.16883627636602,0.77
238,-2.39388047136,0.58,7.53965624736,0.74,5.14386647424,0.74,1.93631730203267,0.77
239,-1.38598705152,0.58,6.70903734528,0.74,5.39238700224,0.74,1.2739645826469,0.77
240,-1.50987375648,0.58,6.32426115744,0.74,5.02041558816,0.74,1.44311142214275,0.77
241,-2.1169383264,0.58,6.81669498528,0.74,5.04541291392,0.74,1.98258792193911,0.77
242,-2.1598457328,0.58,6.52974975936,0.74,4.83606420192,0.74,2.09119292244055,0.77
243,-1.41512465664,0.58,5.92572554496,0.74,5.1451012944,0.74,1.71525326942055,0.77
244,-9999,-9999,-9999,-9999,-9999,-9999,0.667776701535863,0.77
245,-1.3384827936,0.58,6.31069888896,0.74,6.01672867776,0.74,2.05678567148642,0.77
246,-0.809278304256,0.58,6.39262246176,0.74,6.23761621344,0.74,2.5633305765457,0.77
247,-9999,-9999,-9999,-9999,-9999,-9999,2.33375280995754,0.77
248,-9999,-9999,-9999,-9999,-9999,-9999,2.21931054385076,0.77
249,-9999,-9999,-9999,-9999,-9999,-9999,1.62624693241465,0.77
250,1.10008986624,0.58,5.78489378688,0.74,6.93454248576,0.74,1.07072398784297,0.77
251,0.2268852336,0.58,7.1118377568,0.74,7.37238481056,0.74,2.22753760594972,0.77
252,1.65226201056,0.58,5.7615774768,0.74,7.43120998272,0.74,1.55871562886336,0.77
253,1.80390622752,0.58,5.26041689472,0.74,7.06673050272,0.74,1.01006392460559,0.77
254,-0.113132355264,0.58,5.94056414016,0.74,5.83023970368,0.74,1.65034410758609,0.77
255,-1.80817102656,0.58,6.437667456,0.74,4.63525546464,0.74,1.86154773583472,0.77
256,-0.215909861472,0.58,4.84561071072,0.74,4.63433194368,0.74,1.23638839264809,0.77
257,-9999,-9999,-9999,-9999,-9999,-9999,1.18001815447106,0.77
258,-9999,-9999,-9999,-9999,-9999,-9999,-9999,-9999
259,-9999,-9999,-9999,-9999,-9999,-9999,-9999,-9999
260,-9999,-9999,-9999,-9999,-9999,-9999,-9999,-9999
261,-0.178144080192,0.58,4.66204794912,0.74,4.4807888016,0.74,1.23565920798943,0.77
262,0.333861128352,0.58,3.98003290848,0.74,4.30528868928,0.74,0.769862146080603,0.77
263,-0.91279670256,0.58,5.6896154784,0.74,4.7590902864,0.74,1.98556486207233,0.77
264,-1.35065459232,0.58,5.03869922784,0.74,3.6731230272,0.74,1.78347793889265,0.77
265,-9999,-9999,-9999,-9999,-9999,-9999,0.733801165973819,0.77
266,-9999,-9999,-9999,-9999,-9999,-9999,-9999,-9999
267,0.945146915424,0.58,3.95096793984,0.74,4.87656422784,0.74,1.26960447847161,0.77
268,-0.209678689152,0.58,4.79973558528,0.74,4.57560016128,0.74,1.58285591999226,0.77
269,-0.364514760576,0.58,4.73453915616,0.74,4.36111501248,0.74,1.21111461697269,0.77
270,1.66636386432,0.58,2.29159793088,0.74,3.9559383504,0.74,0.549433025777845,0.77
271,0.395096793984,0.58,3.89545291584,0.74,4.29160190112,0.74,1.06058800181374,0.77
272,-0.336106633248,0.58,4.27789435968,0.74,3.9469625568,0.74,1.20062077796634,0.77
273,-9999,-9999,-9999,-9999,-9999,-9999,-9999,-9999
274,-9999,-9999,-9999,-9999,-9999,-9999,-9999,-9999
275,-9999,-9999,-9999,-9999,-9999,-9999,0.777400759750743,0.77
276,-0.335960322624,0.58,3.90671157024,0.74,3.57209606016,0.74,0.489935682769827,0.77
277,0.925714581696,0.58,2.6622826416,0.74,3.59215410528,0.74,0.515223521108418,0.77
278,-9999,-9999,-9999,-9999,-9999,-9999,-9999,-9999
279,-9999,-9999,-9999,-9999,-9999,-9999,0.600729558273583,0.77
280,-9999,-9999,-9999,-9999,-9999,-9999,-9999,-9999
281,1.45826034912,0.58,2.50560575424,0.74,3.97853867232,0.74,0.37730977687011,0.77
282,1.14735546144,0.58,3.28666582368,0.74,4.4490362832,0.74,0.448966228726899,0.77
283,1.12235813568,0.58,2.91572169696,0.74,4.05355140288,0.74,-9999,-9999
284,-0.619130526912,0.58,3.4197254784,0.74,2.8160125632,0.74,0.426156041984191,0.77
285,-0.332526692448,0.58,2.9786663952,0.74,2.65598402112,0.74,0.543301091604026,0.77
286,-0.356537199744,0.58,3.22143826464,0.74,2.8679476464,0.74,0.965311553775861,0.77
287,-0.41266340784,0.58,2.7379283472,0.74,2.32650494784,0.74,0.983299208210139,0.77
288,-0.295548498144,0.58,2.54761039296,0.74,2.25341189568,0.74,0.549261804442677,0.77
289,-9999,-9999,-9999,-9999,-9999,-9999,0.238530199878975,0.77
290,-9999,-9999,-9999,-9999,-9999,-9999,-9999,-9999
291,-9999,-9999,-9999,-9999,-9999,-9999,-9999,-9999
292,-9999,-9999,-9999,-9999,-9999,-9999,-9999,-9999
293,-9999,-9999,-9999,-9999,-9999,-9999,-9999,-9999
294,-9999,-9999,-9999,-9999,-9999,-9999,-9999,-9999
295,-9999,-9999,-9999,-9999,-9999,-9999,0.648332181659843,0.77
296,-9999,-9999,-9999,-9999,-9999,-9999,-9999,-9999
297,1.18427554656,0.58,1.5708157632,0.74,2.75392912608,0.74,0.0150057711118978,0.77
298,1.35121493088,0.58,1.29326139648,0.74,2.64418578144,0.74,0.0207504988177543,0.77
299,-9999,-9999,-9999,-9999,-9999,-9999,-9999,-9999
300,-9999,-9999,-9999,-9999,-9999,-9999,-9999,-9999
301,-9999,-9999,-9999,-9999,-9999,-9999,-9999,-9999
302,-9999,-9999,-9999,-9999,-9999,-9999,-9999,-9999
303,1.60447758336,0.58,0.905002808256,0.74,2.51029599552,0.74,0.142864667359787,0.77
304,-9999,-9999,-9999,-9999,-9999,-9999,0.560564552640783,0.77
305,1.5901163136,0.58,1.026718720128,0.74,2.61733103712,0.74,0.212073736423086,0.77
306,-9999,-9999,-9999,-9999,-9999,-9999,-9999,-9999
307,-9999,-9999,-9999,-9999,-9999,-9999,0.308392982708589,0.77
308,-9999,-9999,-9999,-9999,-9999,-9999,-9999,-9999
309,-9999,-9999,-9999,-9999,-9999,-9999,-9999,-9999
310,0.994540759488,0.58,1.20979170432,0.74,2.20494261024,0.74,0.204321493909457,0.77
311,0.888239346336,0.58,1.36539979776,0.74,2.2534949088,0.74,0.369850466460353,0.77
312,0.906003116352,0.58,1.15654916448,0.74,2.06293829184,0.74,0.367980487043911,0.77
313,0.764694032832,0.58,0.915315113088,0.74,1.68173166816,0.74,0.195481408962837,0.77
314,0.820478849472,0.58,0.777558991104,0.74,1.59994299168,0.74,0.150288096422764,0.77
315,0.587393573472,0.58,1.1642071248,0.74,1.75290504192,0.74,0.161858417445397,0.77
316,-9999,-9999,-9999,-9999,-9999,-9999,0.187061659591046,0.77
317,1.5280121232,0.58,0.703829850912,0.74,2.23101910656,0.74,0.141996614335637,0.77
318,1.77323287968,0.58,0.378106083648,0.74,2.15075579616,0.74,0.120519222107289,0.77
319,1.73385353088,0.58,0.300552113952,0.74,2.03420537568,0.74,0.0812108505654332,0.77
320,1.23639740928,0.58,0.567864736992,0.74,1.80490238496,0.74,0.131716391780365,0.77
321,1.06764211296,0.58,0.738450472608,0.74,1.80658340064,0.74,0.205121160506062,0.77
322,1.74886852896,0.58,0.647251221312,0.74,2.39398423776,0.74,0.14170157527554,0.77
323,1.42224303168,0.58,1.20728055744,0.74,2.62640022048,0.74,0.202137870332384,0.77
324,1.73121786432,0.58,0.699277618944,0.74,2.42835166944,0.74,0.258699356624881,0.77
325,1.003439765952,0.58,0.815548907808,0.74,1.81967872032,0.74,0.205893169637444,0.77
326,1.98742748256,0.58,0.652126166784,0.74,2.63627878176,0.74,0.17569190638839,0.77
327,1.41098437728,0.58,1.024839510624,0.74,2.43297965088,0.74,0.670312680019166,0.77
328,0.750233147328,0.58,0.705826316448,0.74,1.45717080192,0.74,0.493522621501726,0.77
329,0.871252786656,0.58,0.110930432256,0.74,0.984336371712,0.74,0.0234587458538556,0.77
330,1.17083779776,0.58,0.215202174624,0.74,1.38646437696,0.74,0.112890530096201,0.77
331,1.08842652288,0.58,0.509839603776,0.74,1.5974318448,0.74,0.241932880151211,0.77
332,0.743152128192,0.58,0.493338670848,0.74,1.23706151424,0.74,0.127154587608851,0.77
333,0.85466676528,0.58,0.259280066016,0.74,1.11490770816,0.74,0.0570100437002604,0.77
334,0.820560824928,0.58,0.211234147488,0.74,1.032995549664,0.74,0.00875344355951813,0.77
335,0.875180344896,0.58,-0.157762283904,0.74,0.71945395776,0.74,0.00324445924688003,0.77
336,1.15887353184,0.58,-0.24121537344,0.74,0.919584062784,0.74,0.00593301392620162,0.77
337,1.13663639232,0.58,-0.145971307872,0.74,0.992778806016,0.74,0.00723595770961781,0.77
338,1.14110872416,0.58,0.162432809568,0.74,1.3052256624,0.74,0.0321416864145681,0.77
339,1.03446280656,0.58,0.301930131744,0.74,1.3384309104,0.74,0.0581048138676371,0.77
340,1.29042857376,0.58,-0.178866294336,0.74,1.11447188928,0.74,0.014540168524916,0.77
341,1.74279819456,0.58,-0.1627057152,0.74,1.58244797664,0.74,0.0132040767490362,0.77
342,1.46825305344,0.58,0.483342853536,0.74,1.95330909024,0.74,0.0345360374635377,0.77
343,1.87198736256,0.58,0.0993820620672,0.74,1.9721841984,0.74,0.0352047817155069,0.77
344,1.67895072864,0.58,0.0224414555616,0.74,1.70302453344,0.74,0.0108611921501021,0.77
345,1.32506579808,0.58,0.309041243136,0.74,1.63766207808,0.74,0.0721424955755052,0.77
346,1.71161639136,0.58,0.00664356074688,0.74,1.72211755104,0.74,0.000438243481513238,0.77
347,1.33311807072,0.58,0.112739080608,0.74,1.44952321824,0.74,0.00567503484797616,0.77
348,1.033676257248,0.58,0.688815890496,0.74,1.72471171104,0.74,0.00384848999740413,0.77
349,1.20632590656,0.58,0.75802911696,0.74,1.96487904384,0.74,0.0327368970581197,0.77
350,1.74165676416,0.58,0.520542070272,0.74,2.26121512896,0.74,0.151411596888884,0.77
351,2.1343710816,0.58,0.128554117632,0.74,2.2617962208,0.74,0.0843432914773894,0.77
352,1.93789977984,0.58,0.31654977984,0.74,2.25317323296,0.74,0.0372743553319984,0.77
353,1.07866210464,0.58,0.501834026016,0.74,1.58199140448,0.74,-9999,-9999
354,1.5539537232,0.58,0.417020558976,0.74,1.970783352,0.74,0.0429212691452456,0.77
355,1.2435884208,0.58,0.762396644736,0.74,2.00555547264,0.74,0.563718587455698,0.77
356,1.08874819872,0.58,0.866976573312,0.74,1.955477808,0.74,0.141236822406792,0.77
357,2.0098514016,0.58,0.325628302176,0.74,2.33332240032,0.74,0.0779817892130188,0.77
358,1.80965488608,0.58,0.29499749856,0.74,2.10351095424,0.74,0.0638268271959774,0.77
359,1.39535715744,0.58,0.250904042208,0.74,1.64706331392,0.74,0.0792472334487141,0.77
360,0.809148596256,0.58,0.417656647008,0.74,1.22892622848,0.74,-9999,-9999
361,1.33544243808,0.58,0.236995193952,0.74,1.57300523424,0.74,0.132849777438405,0.77
362,1.17234241056,0.58,0.51197822928,0.74,1.68405603552,0.74,0.279312606891483,0.77
363,0.984503435616,0.58,0.352082508192,0.74,1.3374970128,0.74,0.0726231822915116,0.77
364,1.1851160544,0.58,0.0215198023968,0.74,1.20795503904,0.74,0.00443442121030169,0.77
365,0.996388839072,0.58,0.485231402016,0.74,1.48210586784,0.74,0.090488690827016,0.77
