"doy","NEE_gCm2day","NEE_unc_gCm2day","Evap_kgH2Om2day","Evap_unc_kgH2Om2day","soil_water_m3m3","soil_water_unc_m3m3","WTD_m","WTD_unc_m"
1,1.62530349984,0.58,0.564426076599471,0.77,-9999,-9999,-0.0754166666666667,-0.00754166666666667
2,1.08297878688,0.58,0.13874658524741,0.77,-9999,-9999,-0.0729166666666667,-0.00729166666666667
3,1.37170879488,0.58,0.117429009840283,0.77,-9999,-9999,-0.069375,-0.0069375
4,0.814600482912,0.58,0.0691623505363247,0.77,-9999,-9999,-0.07875,-0.007875
5,0.796207888512,0.58,0.104324546792161,0.77,-9999,-9999,-0.0945833333333333,-0.00945833333333333
6,1.05858330624,0.58,0.101865501265667,0.77,-9999,-9999,-0.0952083333333333,-0.00952083333333333
7,0.863525302848,0.58,0.086310780880768,0.77,-9999,-9999,-0.0683333333333333,-0.00683333333333333
8,0.558208235808,0.58,0.0238452180799394,0.77,-9999,-9999,-0.0635416666666667,-0.00635416666666667
9,0.620266768992,0.58,0.0299103908953962,0.77,-9999,-9999,-0.0779166666666667,-0.00779166666666667
10,0.91201326624,0.58,0.121120264689977,0.77,-9999,-9999,-0.086875,-0.0086875
11,0.538086893184,0.58,0.0516993628394002,0.77,-9999,-9999,-0.09,-0.009
12,1.135463832,0.58,-0.00737275366161947,0.77,-9999,-9999,-0.0983333333333333,-0.00983333333333333
13,0.751987837152,0.58,-0.00589633907825081,0.77,-9999,-9999,-0.10375,-0.010375
14,0.73978179552,0.58,0.0547231050851869,0.77,-9999,-9999,-0.11,-0.011
15,0.61861377024,0.58,0.0620537084126458,0.77,-9999,-9999,-0.112083333333333,-0.0112083333333333
16,0.467993727648,0.58,0.0483793971878092,0.77,-9999,-9999,-0.118541666666667,-0.0118541666666667
17,0.491995933632,0.58,0.0160581710364884,0.77,-9999,-9999,-0.12,-0.012
18,0.728511726816,0.58,0.0988732814028863,0.77,-9999,-9999,-0.12,-0.012
19,0.642108558528,0.58,0.101073976674703,0.77,-9999,-9999,-0.0947916666666667,-0.00947916666666667
20,0.505159739136,0.58,0.114185062784829,0.77,-9999,-9999,-0.100833333333333,-0.0100833333333333
21,0.44058175776,0.58,-0.00847019158131578,0.77,-9999,-9999,-0.11,-0.011
22,0.84339254592,0.58,-0.00904893433122789,0.77,-9999,-9999,-0.11,-0.011
23,0.587590729632,0.58,0.16811542272632,0.77,-9999,-9999,-0.11875,-0.011875
24,0.38062553184,0.58,0.0874627107824248,0.77,-9999,-9999,-0.129166666666667,-0.0129166666666667
25,0.570862548288,0.58,0.0399187078798982,0.77,-9999,-9999,-0.13,-0.013
26,0.932949175104,0.58,0.0333161429655116,0.77,-9999,-9999,-0.132708333333333,-0.0132708333333333
27,0.49357525824,0.58,0.102693725753486,0.77,-9999,-9999,-0.139583333333333,-0.0139583333333333
28,0.959134626144,0.58,0.0660586320618878,0.77,-9999,-9999,-0.144375,-0.0144375
29,0.5383400832,0.58,0.309918920880409,0.77,-9999,-9999,-0.143333333333333,-0.0143333333333333
30,0.413786160288,0.58,0.133579642089725,0.77,-9999,-9999,-0.140625,-0.0140625
31,0.264826380096,0.58,0.194972093333515,0.77,-9999,-9999,-0.116458333333333,-0.0116458333333333
32,0.492811537536,0.58,0.239085454747783,0.77,-9999,-9999,-0.116666666666667,-0.0116666666666667
33,1.08265711104,0.58,-0.0238505556503626,0.77,-9999,-9999,-0.13,-0.013
34,0.619613040672,0.58,0.0607833481040859,0.77,-9999,-9999,-0.118125,-0.0118125
35,0.397315319616,0.58,0.0299876060035489,0.77,-9999,-9999,-0.085,-0.0085
36,0.9391896864,0.58,0.0159392694375063,0.77,-9999,-9999,-0.0639583333333333,-0.00639583333333333
37,0.501234256224,0.58,0.0568123288387615,0.77,-9999,-9999,-0.0716666666666667,-0.00716666666666667
38,0.633186723456,0.58,0.0488605314899948,0.77,-9999,-9999,-0.085,-0.0085
39,0.399098026368,0.58,0.00449458110299699,0.77,-9999,-9999,-0.0852083333333333,-0.00852083333333333
40,0.57670252128,0.58,0.0352797829745565,0.77,-9999,-9999,-0.0825,-0.00825
41,0.343090111968,0.58,0.0876642534486782,0.77,-9999,-9999,-0.0689583333333333,-0.00689583333333333
42,0.260096707584,0.58,0.0619005017721793,0.77,-9999,-9999,-0.0897916666666667,-0.00897916666666667
43,0.574556632128,0.58,0.053829321768416,0.77,-9999,-9999,-0.0958333333333333,-0.00958333333333333
44,1.43094903264,0.58,0.0019443007555922,0.77,-9999,-9999,-0.0729166666666667,-0.00729166666666667
45,0.148388027328,0.58,0.209449456797292,0.77,-9999,-9999,-0.0783333333333333,-0.00783333333333333
46,0.277570969344,0.58,0.152639592348759,0.77,-9999,-9999,-0.0872916666666667,-0.00872916666666667
47,1.05554295072,0.58,0.168840621259786,0.77,-9999,-9999,-0.0595833333333333,-0.00595833333333333
48,0.153775578816,0.58,0.339132705694145,0.77,-9999,-9999,-0.0816666666666667,-0.00816666666666667
49,-9999,-9999,0.209299283388614,0.77,-9999,-9999,-0.09,-0.009
50,-9999,-9999,0.261593224375037,0.77,-9999,-9999,-9999,-9999
51,0.584224547616,0.58,0.66983448566211,0.77,-9999,-9999,-0.06375,-0.006375
52,0.293749188768,0.58,1.00006401877369,0.77,-9999,-9999,-0.07375,-0.007375
53,0.452742142176,0.58,0.902209799820308,0.77,-9999,-9999,-0.075625,-0.0075625
54,1.12273169472,0.58,1.45687026126381,0.77,-9999,-9999,-0.07,-0.007
55,0.586701451584,0.58,0.837966772822048,0.77,-9999,-9999,-0.08625,-0.008625
56,0.398496181248,0.58,0.50906443685118,0.77,-9999,-9999,-0.0802083333333333,-0.00802083333333333
57,0.42286364496,0.58,1.41656340975218,0.77,-9999,-9999,-0.08375,-0.008375
58,0.575404403616,0.58,1.49811619479419,0.77,-9999,-9999,-0.105208333333333,-0.0105208333333333
59,0.780269369472,0.58,0.949864855250151,0.77,-9999,-9999,-0.111666666666667,-0.0111666666666667
60,0.123385513248,0.58,0.764490456900955,0.77,-9999,-9999,-0.12,-0.012
61,1.0650064464,0.58,0.576848926366131,0.77,-9999,-9999,-0.124375,-0.0124375
62,0.964876021056,0.58,0.356114261099153,0.77,-9999,-9999,-0.12,-0.012
63,0.6209900208,0.58,0.536686316051786,0.77,-9999,-9999,-0.08625,-0.008625
64,0.680309121024,0.58,1.08889409866916,0.77,-9999,-9999,-0.0960416666666667,-0.00960416666666667
65,0.502297861824,0.58,0.73508222800803,0.77,-9999,-9999,-0.109791666666667,-0.0109791666666667
66,0.306782248608,0.58,0.851740651946808,0.77,-9999,-9999,-0.120625,-0.0120625
67,0.321737062176,0.58,0.984929197747319,0.77,-9999,-9999,-0.13,-0.013
68,0.643545723168,0.58,0.812460797029711,0.77,-9999,-9999,-0.130416666666667,-0.0130416666666667
69,0.95255479872,0.58,0.567938046648266,0.77,-9999,-9999,-0.13,-0.013
70,0.764542533888,0.58,0.671934549264903,0.77,-9999,-9999,-0.098125,-0.0098125
71,0.509125690944,0.58,1.07272974084494,0.77,-9999,-9999,-0.0672916666666667,-0.00672916666666667
72,0.773881509888,0.58,0.802849345081426,0.77,-9999,-9999,-0.0852083333333333,-0.00852083333333333
73,0.633013433568,0.58,0.669431701704686,0.77,-9999,-9999,-0.0875,-0.00875
74,0.211666853376,0.58,0.831106841763437,0.77,-9999,-9999,-0.0783333333333333,-0.00783333333333333
75,0.823849182144,0.58,0.215325422641528,0.77,-9999,-9999,-0.08375,-0.008375
76,0.283003140384,0.58,0.634611608673678,0.77,-9999,-9999,-0.08375,-0.008375
77,0.000898449960096,0.58,1.29986233712944,0.77,-9999,-9999,-0.0964583333333333,-0.00964583333333333
78,0.0437073415776,0.58,1.21381685022732,0.77,-9999,-9999,-0.107708333333333,-0.0107708333333333
79,-0.042906368736,0.58,1.19104703608571,0.77,-9999,-9999,-0.121666666666667,-0.0121666666666667
80,-0.0801015385824,0.58,0.861576748099696,0.77,-9999,-9999,-0.134375,-0.0134375
81,0.295131357216,0.58,0.895149494103549,0.77,-9999,-9999,-0.14,-0.014
82,0.376358657472,0.58,1.20280977972185,0.77,-9999,-9999,-0.148125,-0.0148125
83,0.38759863392,0.58,1.06635025234268,0.77,-9999,-9999,-0.158125,-0.0158125
84,-9999,-9999,1.1520521923607,0.77,-9999,-9999,-0.166666666666667,-0.0166666666666667
85,0.490098046176,0.58,0.97128662450079,0.77,-9999,-9999,-0.175416666666667,-0.0175416666666667
86,0.364909072896,0.58,1.19019619363184,0.77,-9999,-9999,-0.18,-0.018
87,-9999,-9999,1.03049495774604,0.77,-9999,-9999,-0.188958333333333,-0.0188958333333333
88,0.778920406272,0.58,0.259157048102607,0.77,-9999,-9999,-0.189791666666667,-0.0189791666666667
89,0.3708611136,0.58,1.05851276184332,0.77,-9999,-9999,-0.137291666666667,-0.0137291666666667
90,0.490941667008,0.58,0.602241738740404,0.77,-9999,-9999,-0.096875,-0.0096875
91,0.1020020599008,0.58,1.22792818637317,0.77,-9999,-9999,-0.0854166666666667,-0.00854166666666667
92,0.381146439168,0.58,1.07532279627211,0.77,-9999,-9999,-0.0952083333333333,-0.00952083333333333
93,-9999,-9999,0.746980296100487,0.77,-9999,-9999,-9999,-9999
94,0.358879207392,0.58,0.949189871892294,0.77,-9999,-9999,-0.113541666666667,-0.0113541666666667
95,0.7868346696,0.58,0.225042736883657,0.77,-9999,-9999,-0.0975,-0.00975
96,0.0731037400992,0.58,1.38641998213297,0.77,-9999,-9999,-0.0683333333333333,-0.00683333333333333
97,0.41486325552,0.58,1.11039584817042,0.77,-9999,-9999,-0.0747916666666667,-0.00747916666666667
98,0.124911916992,0.58,1.3935064059974,0.77,-9999,-9999,-0.091875,-0.0091875
99,-9999,-9999,1.40273678325086,0.77,-9999,-9999,-0.1,-0.01
100,0.0694869622272,0.58,0.922933015546846,0.77,-9999,-9999,-0.11875,-0.011875
101,0.428994163872,0.58,0.610168940479837,0.77,-9999,-9999,-0.131458333333333,-0.0131458333333333
102,1.49512855104,0.58,0.174921426034326,0.77,-9999,-9999,-0.12375,-0.012375
103,0.933402634272,0.58,0.628865543164428,0.77,-9999,-9999,-0.0920833333333333,-0.00920833333333333
104,0.261481989024,0.58,1.06040657043404,0.77,-9999,-9999,-0.104791666666667,-0.0104791666666667
105,0.460689610752,0.58,0.682306985895581,0.77,-9999,-9999,-0.116666666666667,-0.0116666666666667
106,0.0113832778464,0.58,0.946054119375231,0.77,-9999,-9999,-0.133125,-0.0133125
107,0.154846448064,0.58,1.08519646907559,0.77,-9999,-9999,-0.145,-0.0145
108,0.31170388896,0.58,1.53635287812482,0.77,-9999,-9999,-0.155416666666667,-0.0155416666666667
109,-0.0869185759968,0.58,0.972505079289705,0.77,-9999,-9999,-0.168958333333333,-0.0168958333333333
110,-0.233431855776,0.58,1.40389628444878,0.77,-9999,-9999,-0.179583333333333,-0.0179583333333333
111,-0.132131983104,0.58,0.908906302031839,0.77,-9999,-9999,-0.191666666666667,-0.0191666666666667
112,0.204696864288,0.58,0.929120675127034,0.77,-9999,-9999,-0.200416666666667,-0.0200416666666667
113,0.412052223744,0.58,0.648106703793034,0.77,-9999,-9999,-0.21,-0.021
114,0.374646511872,0.58,0.359762926472767,0.77,-9999,-9999,-9999,-9999
115,-0.094969084608,0.58,1.25275434636774,0.77,-9999,-9999,-0.22,-0.022
116,0.260909198496,0.58,0.775879877055669,0.77,-9999,-9999,-0.216458333333333,-0.0216458333333333
117,0.082853319744,0.58,1.37340956916637,0.77,-9999,-9999,-0.211041666666667,-0.0211041666666667
118,-0.15890267664,0.58,1.00722159801684,0.77,-9999,-9999,-0.224166666666667,-0.0224166666666667
119,0.132532521408,0.58,1.18827386990598,0.77,-9999,-9999,-0.236041666666667,-0.0236041666666667
120,0.572916085344,0.58,0.830434720253002,0.77,-9999,-9999,-0.240833333333333,-0.0240833333333333
121,0.311850199584,0.58,1.43088770305982,0.77,-9999,-9999,-0.232083333333333,-0.0232083333333333
122,1.42483719168,0.58,0.310320615294942,0.77,-9999,-9999,-0.23,-0.023
123,0.574403057856,0.58,0.511986197294545,0.77,-9999,-9999,-0.23,-0.023
124,-0.219183691392,0.58,1.37443155837884,0.77,-9999,-9999,-0.23,-0.023
125,0.234816099552,0.58,0.811338847650619,0.77,-9999,-9999,-0.235416666666667,-0.0235416666666667
126,0.0141252012,0.58,1.16727864669467,0.77,-9999,-9999,-0.233958333333333,-0.0233958333333333
127,0.518892184512,0.58,0.662050643966176,0.77,-9999,-9999,-0.23,-0.023
128,-0.22067481456,0.58,1.50796023603505,0.77,-9999,-9999,-0.236666666666667,-0.0236666666666667
129,0.492676641216,0.58,0.788445466271387,0.77,-9999,-9999,-0.242916666666667,-0.0242916666666667
130,-0.621486024192,0.58,1.80268209102728,0.77,-9999,-9999,-0.239166666666667,-0.0239166666666667
131,-1.025251463232,0.58,2.05292986425724,0.77,-9999,-9999,-0.208333333333333,-0.0208333333333333
132,-0.459146604384,0.58,1.69873153442201,0.77,-9999,-9999,-0.197083333333333,-0.0197083333333333
133,0.354987967392,0.58,0.5476849685251,0.77,-9999,-9999,-0.139375,-0.0139375
134,-1.08341460576,0.58,2.03937258514976,0.77,-9999,-9999,-0.155625,-0.0155625
135,-0.526830314112,0.58,1.21053935993134,0.77,-9999,-9999,-0.17875,-0.017875
136,1.95531178176,0.58,0.191284851863141,0.77,-9999,-9999,-0.166875,-0.0166875
137,-0.910023026688,0.58,1.78992306775264,0.77,-9999,-9999,-0.109166666666667,-0.0109166666666667
138,-1.24433553888,0.58,2.98386378390147,0.77,-9999,-9999,-0.124166666666667,-0.0124166666666667
139,-1.39170458016,0.58,2.98060247879729,0.77,-9999,-9999,-0.136041666666667,-0.0136041666666667
140,-1.5594533424,0.58,1.30824113824412,0.77,-9999,-9999,-0.164791666666667,-0.0164791666666667
141,-1.04224009824,0.58,1.3792315773747,0.77,-9999,-9999,-0.176041666666667,-0.0176041666666667
142,-0.747317311488,0.58,0.825354919681787,0.77,-9999,-9999,-0.188958333333333,-0.0188958333333333
143,-1.83729825504,0.58,1.79295455940862,0.77,-9999,-9999,-0.19375,-0.019375
144,-1.65136961952,0.58,1.94764470865232,0.77,-9999,-9999,-0.203958333333333,-0.0203958333333333
145,-1.75867445376,0.58,1.85689178222452,0.77,-9999,-9999,-0.21,-0.021
146,-1.92269800224,0.58,2.01989736975046,0.77,-9999,-9999,-9999,-9999
147,-1.96162077888,0.58,1.97131313599399,0.77,-9999,-9999,-9999,-9999
148,-9999,-9999,1.62349738129143,0.77,-9999,-9999,-9999,-9999
149,-9999,-9999,1.37263332734038,0.77,-9999,-9999,-9999,-9999
150,-0.842434782048,0.58,1.22080101387646,0.77,-9999,-9999,-0.274791666666667,-0.0274791666666667
151,-1.50667775136,0.58,0.903084249137019,0.77,-9999,-9999,-0.269166666666667,-0.0269166666666667
152,-0.704716015968,0.58,1.19188295875644,0.77,-9999,-9999,-0.290833333333333,-0.0290833333333333
153,-1.54187531424,0.58,1.97047246344392,0.77,-9999,-9999,-0.27,-0.027
154,-0.938921969088,0.58,1.08713981800959,0.77,-9999,-9999,-0.278541666666667,-0.0278541666666667
155,-2.00994479136,0.58,2.33426305593678,0.77,-9999,-9999,-0.286666666666667,-0.0286666666666667
156,-1.86173524224,0.58,1.73163407665918,0.77,-9999,-9999,-0.296875,-0.0296875
157,-2.24136461664,0.58,1.39179292480043,0.77,-9999,-9999,-0.308125,-0.0308125
158,-2.2244922,0.58,1.60694971926395,0.77,-9999,-9999,-0.356666666666667,-0.0356666666666667
159,0.504708355296,0.58,0.657281090075201,0.77,-9999,-9999,-0.365208333333333,-0.0365208333333333
160,-1.61288266176,0.58,1.8376246429271,0.77,-9999,-9999,-0.339791666666667,-0.0339791666666667
161,-2.5316926272,0.58,3.02032090573916,0.77,-9999,-9999,-0.328125,-0.0328125
162,-0.860416461504,0.58,1.43827315863191,0.77,-9999,-9999,-0.33,-0.033
163,-2.543314464,0.58,1.69336552596922,0.77,-9999,-9999,-0.331041666666667,-0.0331041666666667
164,-1.70579509632,0.58,0.854827622272006,0.77,-9999,-9999,-0.34,-0.034
165,-9999,-9999,1.51114591410361,0.77,-9999,-9999,-9999,-9999
166,-1.656630576,0.58,2.26405129300562,0.77,-9999,-9999,-0.364791666666667,-0.0364791666666667
167,-1.86576137856,0.58,2.31467116265807,0.77,-9999,-9999,-0.379375,-0.0379375
168,-1.19332397664,0.58,1.64548139855192,0.77,-9999,-9999,-0.39,-0.039
169,-2.96415985248,0.58,2.17628289555975,0.77,-9999,-9999,-0.402291666666667,-0.0402291666666667
170,-1.85093316,0.58,2.00036647487577,0.77,-9999,-9999,-0.415833333333333,-0.0415833333333333
171,-1.98306929376,0.58,2.88354688224377,0.77,-9999,-9999,-0.42,-0.042
172,-1.2670396272,0.58,1.20341797227341,0.77,-9999,-9999,-0.42875,-0.042875
173,-1.89121527648,0.58,1.82122954496131,0.77,-9999,-9999,-0.431458333333333,-0.0431458333333333
174,-1.44418962528,0.58,2.28674816582133,0.77,-9999,-9999,-0.44,-0.044
175,-1.38057044544,0.58,2.22144639783435,0.77,-9999,-9999,-0.44,-0.044
176,-2.57539903488,0.58,3.0752014392846,0.77,-9999,-9999,-0.441041666666667,-0.0441041666666667
177,-2.24520397344,0.58,2.17610032149533,0.77,-9999,-9999,-0.449583333333333,-0.0449583333333333
178,-2.12089182624,0.58,1.90982284821631,0.77,-9999,-9999,-0.45,-0.045
179,-0.0477892004544,0.58,1.27478521862032,0.77,-9999,-9999,-0.45,-0.045
180,-1.75337199072,0.58,2.52662074028821,0.77,-9999,-9999,-0.45125,-0.045125
181,-2.23847991072,0.58,2.22907956132374,0.77,-9999,-9999,-0.438958333333333,-0.0438958333333333
182,-1.9883198736,0.58,1.73498107881796,0.77,-9999,-9999,-0.443333333333333,-0.0443333333333333
183,-1.85884015968,0.58,1.70772906773399,0.77,-9999,-9999,-0.441666666666667,-0.0441666666666667
184,-1.35201393216,0.58,1.39377775054974,0.77,-9999,-9999,-0.440625,-0.0440625
185,-2.56947397344,0.58,1.5977084615492,0.77,-9999,-9999,-0.44,-0.044
186,-2.84201642304,0.58,1.99548702355812,0.77,-9999,-9999,-0.45,-0.045
187,0.931311741312,0.58,0.421026490588247,0.77,-9999,-9999,-0.457083333333333,-0.0457083333333333
188,-1.99000088928,0.58,2.53888133474797,0.77,-9999,-9999,-0.458958333333333,-0.0458958333333333
189,-1.4302641744,0.58,0.932754841692005,0.77,-9999,-9999,-0.46,-0.046
190,-2.31052492224,0.58,2.52686362234469,0.77,-9999,-9999,-0.46,-0.046
191,-1.27778982624,0.58,2.92321219443831,0.77,-9999,-9999,-0.46,-0.046
192,-1.28417145984,0.58,2.24242362253185,0.77,-9999,-9999,-0.46,-0.046
193,-1.58692030848,0.58,1.53504124236759,0.77,-9999,-9999,-0.46,-0.046
194,-2.44409303232,0.58,1.36654682100595,0.77,-9999,-9999,-0.46,-0.046
195,-1.72782470304,0.58,1.28069531082366,0.77,-9999,-9999,-0.46,-0.046
196,-0.502620575328,0.58,1.8825288744633,0.77,-9999,-9999,-0.46,-0.046
197,-1.729785888,0.58,1.5730391254696,0.77,-9999,-9999,-0.461458333333333,-0.0461458333333333
198,-0.589101568416,0.58,2.12650890278199,0.77,-9999,-9999,-0.46625,-0.046625
199,-0.710191768896,0.58,3.42118900981183,0.77,-9999,-9999,-0.47,-0.047
200,-0.293367328416,0.58,2.67009714608582,0.77,-9999,-9999,-0.469375,-0.0469375
201,-2.43820947744,0.58,2.04883005861234,0.77,-9999,-9999,-0.47,-0.047
202,-2.10354208416,0.58,1.83480240066143,0.77,-9999,-9999,-0.47,-0.047
203,0.514933496352,0.58,0.637897364037531,0.77,-9999,-9999,-0.47,-0.047
204,-0.703767591072,0.58,1.23478850291086,0.77,-9999,-9999,-0.47,-0.047
205,0.957886316352,0.58,0.985078357030505,0.77,-9999,-9999,-0.467708333333333,-0.0467708333333333
206,0.31017333456,0.58,0.472384932565551,0.77,-9999,-9999,-0.46,-0.046
207,-1.28546853984,0.58,1.80083860919642,0.77,-9999,-9999,-0.46,-0.046
208,-9999,-9999,2.12317281009464,0.77,-9999,-9999,-0.466875,-0.0466875
209,0.0620935024608,0.58,0.639827999070045,0.77,-9999,-9999,-0.47,-0.047
210,-0.810596137536,0.58,2.15949087387938,0.77,-9999,-9999,-0.47,-0.047
211,-0.713442770208,0.58,1.80581422870513,0.77,-9999,-9999,-0.468541666666667,-0.0468541666666667
212,-0.793011883392,0.58,0.876211155624501,0.77,-9999,-9999,-0.468125,-0.0468125
213,-0.902516565312,0.58,1.6746962548008,0.77,-9999,-9999,-0.466458333333333,-0.0466458333333333
214,0.752281496064,0.58,1.59060796451546,0.77,-9999,-9999,-0.46,-0.046
215,-0.57772462032,0.58,0.673345480557688,0.77,-9999,-9999,-0.460208333333333,-0.0460208333333333
216,-2.29622591232,0.58,2.44201406586534,0.77,-9999,-9999,-0.465416666666667,-0.0465416666666667
217,-2.45877597792,0.58,1.98622987224365,0.77,-9999,-9999,-0.468125,-0.0468125
218,-1.82508494976,0.58,1.26305282031446,0.77,-9999,-9999,-0.47,-0.047
219,0.508784299488,0.58,0.598493851976426,0.77,-9999,-9999,-0.47,-0.047
220,-1.82048809824,0.58,1.9994459258857,0.77,-9999,-9999,-0.47,-0.047
221,-1.24477135776,0.58,1.94494488479332,0.77,-9999,-9999,-0.47,-0.047
222,-0.277966319328,0.58,2.47668031419538,0.77,-9999,-9999,-0.47,-0.047
223,-0.369371028096,0.58,2.60908838436777,0.77,-9999,-9999,-0.47,-0.047
224,-1.238451984,0.58,1.87336832089417,0.77,-9999,-9999,-0.47,-0.047
225,-0.554882522688,0.58,2.02694337256498,0.77,-9999,-9999,-0.468958333333333,-0.0468958333333333
226,-0.447424114176,0.58,1.50646252495842,0.77,-9999,-9999,-0.438125,-0.0438125
227,3.1297502736,0.58,0.166905394998344,0.77,-9999,-9999,-0.398333333333333,-0.0398333333333333
228,1.673752032,0.58,0.624503063576244,0.77,-9999,-9999,-0.235833333333333,-0.0235833333333333
229,-1.39063578624,0.58,1.97037232482752,0.77,-9999,-9999,-0.27125,-0.027125
230,0.603163990944,0.58,0.998687334015407,0.77,-9999,-9999,-0.303958333333333,-0.0303958333333333
231,-0.566095519872,0.58,1.29230134132655,0.77,-9999,-9999,-0.32125,-0.032125
232,-0.830386465344,0.58,1.7984091756537,0.77,-9999,-9999,-0.320416666666667,-0.0320416666666667
233,-1.42827185952,0.58,1.61490728189055,0.77,-9999,-9999,-0.332291666666667,-0.0332291666666667
234,1.30183250112,0.58,0.481244917117124,0.77,-9999,-9999,-0.345208333333333,-0.0345208333333333
235,-0.1032997624992,0.58,1.03421623597052,0.77,-9999,-9999,-0.356666666666667,-0.0356666666666667
236,-0.397266549408,0.58,1.3141154699894,0.77,-9999,-9999,-0.3025,-0.03025
237,-0.868089986784,0.58,1.3953172924445,0.77,-9999,-9999,-0.264791666666667,-0.0264791666666667
238,0.370744895232,0.58,1.02356617299612,0.77,-9999,-9999,-0.256458333333333,-0.0256458333333333
239,-1.53902173824,0.58,1.82017387058934,0.77,-9999,-9999,-0.179166666666667,-0.0179166666666667
240,-0.865679493312,0.58,1.49449117794798,0.77,-9999,-9999,-0.205416666666667,-0.0205416666666667
241,-0.219312361728,0.58,1.1375469211277,0.77,-9999,-9999,-0.231458333333333,-0.0231458333333333
242,-9999,-9999,0.481200600980586,0.77,-9999,-9999,-0.253958333333333,-0.0253958333333333
243,-9999,-9999,1.29627532664031,0.77,-9999,-9999,-0.274166666666667,-0.0274166666666667
244,-9999,-9999,1.29483661782164,0.77,-9999,-9999,-0.295416666666667,-0.0295416666666667
245,-9999,-9999,1.49326226640545,0.77,-9999,-9999,-0.313333333333333,-0.0313333333333333
246,2.00514040704,0.58,0.367707899870435,0.77,-9999,-9999,-0.3275,-0.03275
247,1.12543999776,0.58,0.753673464987594,0.77,-9999,-9999,-0.344791666666667,-0.0344791666666667
248,-0.442389368448,0.58,1.52133540187878,0.77,-9999,-9999,-0.356875,-0.0356875
249,2.1970978704,0.58,0.427534541058203,0.77,-9999,-9999,-0.289375,-0.0289375
250,-0.096420776544,0.58,1.1612693304515,0.77,-9999,-9999,-0.135,-0.0135
251,2.1153818304,0.58,0.250957641902731,0.77,-9999,-9999,-0.110625,-0.0110625
252,2.67601093632,0.58,0.300392932984889,0.77,-9999,-9999,-0.0783333333333333,-0.00783333333333333
253,0.154567316448,0.58,0.849824458530128,0.77,-9999,-9999,-0.103541666666667,-0.0103541666666667
254,0.755474388192,0.58,0.61461762680313,0.77,-9999,-9999,-0.114791666666667,-0.0114791666666667
255,0.0334435994208,0.58,1.21141214410218,0.77,-9999,-9999,-0.0910416666666667,-0.00910416666666667
256,-0.89687374848,0.58,1.32657335878555,0.77,-9999,-9999,-0.123541666666667,-0.0123541666666667
257,-0.180583628256,0.58,0.804658819395398,0.77,-9999,-9999,-0.144375,-0.0144375
258,-0.878599447776,0.58,1.72393668784876,0.77,0.71427,0.071427,-0.16,-0.016
259,-0.756667701792,0.58,1.64343128677848,0.77,0.71412,0.071412,-0.178958333333333,-0.0178958333333333
260,-1.116007632,0.58,1.78251913298189,0.77,0.72029,0.072029,-0.196458333333333,-0.0196458333333333
261,0.591175858752,0.58,0.70524938002229,0.77,0.71091,0.071091,-0.213541666666667,-0.0213541666666667
262,0.33372311904,0.58,1.24956594909324,0.77,0.70358,0.070358,-0.225625,-0.0225625
263,0.353955491712,0.58,1.48095170675913,0.77,0.70425,0.070425,-0.236875,-0.0236875
264,0.270651825792,0.58,1.52855090948342,0.77,0.7024,0.07024,-0.24875,-0.024875
265,1.4449990032,0.58,0.760232802154223,0.77,0.70015,0.070015,-0.230833333333333,-0.0230833333333333
266,-0.157560977088,0.58,1.50774303736229,0.77,0.70238,0.070238,-0.202916666666667,-0.0202916666666667
267,-9999,-9999,1.50623514920002,0.77,0.7072,0.07072,-0.21,-0.021
268,-9999,-9999,0.673285333551039,0.77,0.70937,0.070937,-9999,-9999
269,-0.0733947010848,0.58,1.33900072825894,0.77,0.71983,0.071983,-0.194166666666667,-0.0194166666666667
270,-0.174928359456,0.58,1.50781461191652,0.77,0.72344,0.072344,-0.185,-0.0185
271,0.869724307584,0.58,0.939272619058725,0.77,0.71124,0.071124,-0.19125,-0.019125
272,0.92942526816,0.58,0.887560567912511,0.77,0.70934,0.070934,-9999,-9999
273,2.37057453792,0.58,1.13315766019587,0.77,0.70454,0.070454,-0.115416666666667,-0.0115416666666667
274,0.464778006912,0.58,1.13727055558832,0.77,0.71675,0.071675,-0.08125,-0.008125
275,0.14613422112,0.58,1.24703213435878,0.77,0.70513,0.070513,-0.1025,-0.01025
276,1.38270803328,0.58,1.06771507024483,0.77,0.6782,0.06782,-0.121041666666667,-0.0121041666666667
277,2.4989024448,0.58,1.00009338930922,0.77,0.70146,0.070146,-0.095625,-0.0095625
278,2.04724881216,0.58,0.594344425351042,0.77,0.73188,0.073188,-0.0760416666666667,-0.00760416666666667
279,0.986156434368,0.58,1.55159545351211,0.77,0.72649,0.072649,-0.0864583333333333,-0.00864583333333333
280,1.28876831136,0.58,0.718933380885924,0.77,0.74896,0.074896,-0.0720833333333333,-0.00720833333333333
281,0.3110657256,0.58,0.709213464080675,0.77,0.73589,0.073589,-0.0970833333333333,-0.00970833333333333
282,1.50369965568,0.58,1.09498844122466,0.77,0.73539,0.073539,-0.100833333333333,-0.0100833333333333
283,0.0990241717536,0.58,1.0237845358606,0.77,0.7475,0.07475,-0.0889583333333333,-0.00889583333333333
284,0.227224549728,0.58,0.728674987012818,0.77,0.72661,0.072661,-0.113125,-0.0113125
285,-9999,-9999,0.895533279431887,0.77,0.72575,0.072575,-0.12,-0.012
286,-9999,-9999,0.921554106799135,0.77,0.7116,0.07116,-9999,-9999
287,1.03867053408,0.58,0.519578024997229,0.77,0.70357,0.070357,-0.102916666666667,-0.0102916666666667
288,0.671945549184,0.58,0.799428532251393,0.77,0.7487,0.07487,-0.076875,-0.0076875
289,0.46317170304,0.58,0.892521540594334,0.77,0.76829,0.076829,-0.0747916666666667,-0.00747916666666667
290,1.0548892224,0.58,1.04771725334972,0.77,0.7611,0.07611,-0.0847916666666667,-0.00847916666666667
291,0.877283689824,0.58,0.533709740011453,0.77,0.74831,0.074831,-0.103541666666667,-0.0103541666666667
292,-9999,-9999,0.370105238783363,0.77,0.74919,0.074919,-0.11,-0.011
293,3.02867142336,0.58,0.0932286879890705,0.77,0.74609,0.074609,-0.0810416666666667,-0.00810416666666667
294,1.99269881568,0.58,0.411495422600549,0.77,0.76051,0.076051,-0.075,-0.0075
295,2.05921307808,0.58,0.440780575554187,0.77,0.75711,0.075711,-0.0802083333333333,-0.00802083333333333
296,2.21711440896,0.58,0.369992646743935,0.77,0.75576,0.075576,-0.081875,-0.0081875
297,1.39527414432,0.58,0.504414806204346,0.77,0.76207,0.076207,-0.0810416666666667,-0.00810416666666667
298,1.20038009184,0.58,0.521202420384978,0.77,0.74925,0.074925,-0.0997916666666667,-0.00997916666666667
299,1.68518708928,0.58,1.20488088816332,0.77,0.76045,0.076045,-0.08125,-0.008125
300,1.93398778656,0.58,0.598016389545724,0.77,0.76021,0.076021,-0.086875,-0.0086875
301,1.41415962912,0.58,0.882575742962875,0.77,0.75089,0.075089,-0.10125,-0.010125
302,2.48394970656,0.58,0.448358486919279,0.77,0.7468,0.07468,-0.108333333333333,-0.0108333333333333
303,1.64375316576,0.58,0.838566799484573,0.77,0.74692,0.074692,-0.103333333333333,-0.0103333333333333
304,1.41863196096,0.58,0.85021972332828,0.77,0.74845,0.074845,-0.0995833333333333,-0.00995833333333333
305,1.6661252016,0.58,0.391157845533826,0.77,0.75844,0.075844,-0.0858333333333333,-0.00858333333333333
306,2.05891215552,0.58,0.439679419717348,0.77,0.7816,0.07816,-0.0602083333333333,-0.00602083333333333
307,0.598971828384,0.58,0.44724694398353,0.77,0.78625,0.078625,-0.07875,-0.007875
308,0.628796367072,0.58,0.279678602707074,0.77,0.77427,0.077427,-0.0939583333333333,-0.00939583333333333
309,1.62914285664,0.58,0.196493474588138,0.77,0.77376,0.077376,-0.0929166666666667,-0.00929166666666667
310,1.8879258816,0.58,0.240877600287812,0.77,0.78864,0.078864,-0.0725,-0.00725
311,2.26201413024,0.58,0.497195505344656,0.77,0.79568,0.079568,-0.069375,-0.0069375
312,1.31157616608,0.58,0.726522535338939,0.77,0.79061,0.079061,-0.08,-0.008
313,1.03822433856,0.58,0.524018335245043,0.77,0.78338,0.078338,-0.0864583333333333,-0.00864583333333333
314,2.3447574576,0.58,1.02608547071273,0.77,0.77172,0.077172,-0.0972916666666667,-0.00972916666666667
315,2.3902071408,0.58,0.889948947603603,0.77,0.76012,0.076012,-0.107916666666667,-0.0107916666666667
316,1.75973287104,0.58,0.584210812383083,0.77,0.7391,0.07391,-0.115833333333333,-0.0115833333333333
317,1.59741109152,0.58,0.664503225280519,0.77,0.73449,0.073449,-0.12,-0.012
318,1.36656198144,0.58,0.330524892911271,0.77,0.72926,0.072926,-0.1275,-0.01275
319,2.42126442432,0.58,0.111068624224773,0.77,0.74919,0.074919,-0.0991666666666667,-0.00991666666666667
320,1.7592036624,0.58,0.0377198977102479,0.77,0.78437,0.078437,-0.0820833333333333,-0.00820833333333333
321,2.29279124448,0.58,0.0556533803859813,0.77,0.79172,0.079172,-0.0377083333333333,-0.00377083333333333
322,2.09121463584,0.58,0.11122016729746,0.77,0.80356,0.080356,-0.0545833333333333,-0.00545833333333333
323,1.34457388128,0.58,0.162016432198286,0.77,0.79853,0.079853,-0.0833333333333333,-0.00833333333333333
324,0.903725443872,0.58,0.163031309809387,0.77,0.80176,0.080176,-0.0747916666666667,-0.00747916666666667
325,1.26147774816,0.58,-0.00314769799895522,0.77,0.80342,0.080342,-0.085625,-0.0085625
326,-9999,-9999,0.138169071916188,0.77,0.80105,0.080105,-0.09125,-0.009125
327,1.41088061088,0.58,0.246754955985661,0.77,0.80089,0.080089,-0.0945833333333333,-0.00945833333333333
328,1.73792117376,0.58,0.270089607410563,0.77,0.80286,0.080286,-0.0897916666666667,-0.00897916666666667
329,0.894421748448,0.58,0.256747896252336,0.77,0.80374,0.080374,-0.09125,-0.009125
330,1.5018111072,0.58,0.620226152170832,0.77,0.77614,0.077614,-0.0727083333333333,-0.00727083333333333
331,1.2328485984,0.58,0.450056525922432,0.77,0.79489,0.079489,-0.100625,-0.0100625
332,0.842522983488,0.58,0.15748337333257,0.77,0.79362,0.079362,-0.10875,-0.010875
333,0.943415054208,0.58,0.104105260265781,0.77,0.73129,0.073129,-0.08,-0.008
334,0.7667558712,0.58,0.0752544773768788,0.77,0.76499,0.076499,-0.111458333333333,-0.0111458333333333
335,1.54222812,0.58,0.0941345864357055,0.77,0.76426,0.076426,-0.112708333333333,-0.0112708333333333
336,1.591776576,0.58,0.0857242145084796,0.77,0.76216,0.076216,-0.112083333333333,-0.0112083333333333
337,1.012258872288,0.58,0.0684925305579751,0.77,0.76114,0.076114,-0.12,-0.012
338,1.26696699072,0.58,0.0236292239510646,0.77,0.69504,0.069504,-0.0945833333333333,-0.00945833333333333
339,1.08562483008,0.58,0.0645670286171526,0.77,0.76385,0.076385,-0.105,-0.0105
340,0.793135365408,0.58,0.105172387767129,0.77,0.76477,0.076477,-0.105416666666667,-0.0105416666666667
341,0.770352414624,0.58,0.0319276141863412,0.77,0.76676,0.076676,-0.117083333333333,-0.0117083333333333
342,0.720209377152,0.58,0.042233704707828,0.77,0.76398,0.076398,-0.127708333333333,-0.0127708333333333
343,0.87352112016,0.58,0.00243480320807957,0.77,0.75311,0.075311,-0.137291666666667,-0.0137291666666667
344,-9999,-9999,0.0345837376060014,0.77,0.74897,0.074897,-0.14,-0.014
345,-9999,-9999,0.0394033549842377,0.77,0.74831,0.074831,-0.135625,-0.0135625
346,-9999,-9999,0.00991099472484185,0.77,0.74792,0.074792,-0.139375,-0.0139375
347,-9999,-9999,-0.0474742331244278,0.77,0.74569,0.074569,-0.148958333333333,-0.0148958333333333
348,-9999,-9999,-0.0534934975505516,0.77,0.74388,0.074388,-0.154583333333333,-0.0154583333333333
349,0.875447024544,0.58,-0.0109703294911476,0.77,0.74191,0.074191,-0.16,-0.016
350,0.923663119968,0.58,0.0276472535249497,0.77,0.74024,0.074024,-0.16,-0.016
351,0.893016751392,0.58,0.0174928245274919,0.77,0.75009,0.075009,-0.11625,-0.011625
352,1.0881463536,0.58,0.0267313739908477,0.77,0.75517,0.075517,-0.101666666666667,-0.0101666666666667
353,1.44916003584,0.58,0.240337330427812,0.77,0.81943,0.081943,-0.0579166666666667,-0.00579166666666667
354,0.898906532256,0.58,0.231636361821709,0.77,0.8172,0.08172,-0.0829166666666667,-0.00829166666666667
355,1.42529376384,0.58,0.217755543547351,0.77,0.81285,0.081285,-0.0885416666666667,-0.00885416666666667
356,1.23314952096,0.58,0.0675760289136333,0.77,0.8118,0.08118,-0.0927083333333333,-0.00927083333333333
357,1.28974371552,0.58,0.0558760836187368,0.77,0.81472,0.081472,-0.089375,-0.0089375
358,1.22351999904,0.58,0.262840131435725,0.77,0.82442,0.082442,-0.0708333333333333,-0.00708333333333333
359,1.45412006976,0.58,0.140625620423988,0.77,0.83018,0.083018,-0.065625,-0.0065625
360,1.08639270144,0.58,-0.0276066267995028,0.77,0.82973,0.082973,-0.0727083333333333,-0.00727083333333333
361,1.25234630496,0.58,0.0381940880025397,0.77,0.82954,0.082954,-0.0758333333333333,-0.00758333333333333
362,1.83343814496,0.58,0.111472668390256,0.77,0.83395,0.083395,-0.06625,-0.006625
363,0.912270606912,0.58,0.0351317155109751,0.77,0.83351,0.083351,-0.0641666666666667,-0.00641666666666667
364,1.50656360832,0.58,0.156383791823025,0.77,0.83659,0.083659,-0.0477083333333333,-0.00477083333333333
365,1.26866875968,0.58,0.00733431428114605,0.77,0.83463,0.083463,-0.069375,-0.0069375
1,1.2424988736,0.58,0.0113351514671352,0.77,0.83566,0.083566,-0.0689583333333333,-0.00689583333333333
2,0.911666686464,0.58,0.0321155372533034,0.77,0.82718,0.082718,-0.0872916666666667,-0.00872916666666667
3,1.27678329216,0.58,0.214956025264057,0.77,0.82398,0.082398,-0.0908333333333333,-0.00908333333333333
4,1.64736423648,0.58,0.151015309275281,0.77,0.82945,0.082945,-0.066875,-0.0066875
5,1.481784192,0.58,0.256272769072284,0.77,0.81386,0.081386,-0.0520833333333333,-0.00520833333333333
6,1.26572179392,0.58,0.186903761769039,0.77,0.82474,0.082474,-0.079375,-0.0079375
7,1.44097286688,0.58,0.532217937047188,0.77,0.82462,0.082462,-0.073125,-0.0073125
8,1.1197432224,0.58,0.348318257536515,0.77,0.82559,0.082559,-0.0808333333333333,-0.00808333333333333
9,0.986753091168,0.58,0.0546022162995993,0.77,0.81733,0.081733,-0.0439583333333333,-0.00439583333333333
10,1.56530576736,0.58,0.152956481803921,0.77,0.83315,0.083315,-0.0627083333333333,-0.00627083333333333
11,0.964654998624,0.58,0.191439804868893,0.77,0.83011,0.083011,-0.0722916666666667,-0.00722916666666667
12,1.12079126304,0.58,0.214775896214162,0.77,0.8275,0.08275,-0.07625,-0.007625
13,0.787070219328,0.58,0.0279890651714197,0.77,0.82942,0.082942,-0.0735416666666667,-0.00735416666666667
14,1.001598950016,0.58,0.0682763424710496,0.77,0.83582,0.083582,-0.051875,-0.0051875
15,0.507316004928,0.58,0.0946398202898924,0.77,0.8357,0.08357,-0.071875,-0.0071875
16,0.76085156304,0.58,0.0361082251062837,0.77,0.8286,0.08286,-0.0870833333333333,-0.00870833333333333
17,0.760448949408,0.58,0.0472730731807733,0.77,0.81291,0.081291,-0.09,-0.009
18,0.378580296096,0.58,0.0811605267083023,0.77,0.80878,0.080878,-0.11,-0.011
19,0.595760258304,0.58,0.0344997856029289,0.77,0.77912,0.077912,-0.117708333333333,-0.0117708333333333
20,0.420375326688,0.58,0.0614489020160649,0.77,0.77093,0.077093,-0.120625,-0.0120625
21,0.379465423488,0.58,0.261715507091701,0.77,0.76398,0.076398,-0.120625,-0.0120625
22,0.65286187056,0.58,0.294408279999734,0.77,0.77862,0.077862,-0.0877083333333333,-0.00877083333333333
23,0.908123063904,0.58,0.212085266296085,0.77,0.7868,0.07868,-0.08375,-0.008375
24,0.90715699872,0.58,0.165991864442571,0.77,0.77832,0.077832,-0.0952083333333333,-0.00952083333333333
25,0.945371050848,0.58,0.168635186922135,0.77,0.77725,0.077725,-0.0929166666666667,-0.00929166666666667
26,0.657394386912,0.58,0.265888894259792,0.77,0.77794,0.077794,-0.0947916666666667,-0.00947916666666667
27,-9999,-9999,0.116006929664986,0.77,0.7766,0.07766,-0.106875,-0.0106875
28,0.506100900384,0.58,0.192749705516755,0.77,0.77615,0.077615,-0.11,-0.011
29,0.851935633632,0.58,0.0773983938925488,0.77,0.7751,0.07751,-0.107083333333333,-0.0107083333333333
30,0.666462532608,0.58,0.157588034491589,0.77,0.77648,0.077648,-0.106041666666667,-0.0106041666666667
31,0.728344662912,0.58,0.109130300083259,0.77,0.78896,0.078896,-0.0864583333333333,-0.00864583333333333
32,0.599778093312,0.58,0.162923300129895,0.77,0.83111,0.083111,-0.061875,-0.0061875
33,1.50163470432,0.58,0.0203104592422479,0.77,0.82858,0.082858,-0.0666666666666667,-0.00666666666666667
34,0.908665762176,0.58,0.210474262510163,0.77,0.81886,0.081886,-0.085625,-0.0085625
35,0.819799179552,0.58,0.302937814517421,0.77,0.81199,0.081199,-0.0885416666666667,-0.00885416666666667
36,0.451732495104,0.58,0.13591944243889,0.77,0.81413,0.081413,-0.095,-0.0095
37,0.352327396896,0.58,0.278149279749689,0.77,0.81155,0.081155,-0.100625,-0.0100625
38,0.615860847648,0.58,0.205420890686935,0.77,0.78973,0.078973,-0.11,-0.011
39,0.416338813728,0.58,0.483927441230673,0.77,0.77896,0.077896,-0.106666666666667,-0.0106666666666667
40,0.516770161632,0.58,0.110175651229726,0.77,0.78975,0.078975,-0.090625,-0.0090625
41,1.18176439968,0.58,0.309371470501615,0.77,0.79032,0.079032,-0.0875,-0.00875
42,0.5956710192,0.58,0.190509423085157,0.77,0.796,0.0796,-0.0735416666666667,-0.00735416666666667
43,0.716741504064,0.58,0.451317924660296,0.77,0.79337,0.079337,-0.086875,-0.0086875
44,0.189142280928,0.58,0.297618609763262,0.77,0.78741,0.078741,-0.0995833333333333,-0.00995833333333333
45,0.545345352864,0.58,0.517083861557468,0.77,0.78276,0.078276,-0.11,-0.011
46,0.797773723488,0.58,0.888924973880418,0.77,0.77789,0.077789,-0.112916666666667,-0.0112916666666667
47,0.903284436672,0.58,0.295856242622191,0.77,0.7094,0.07094,-0.09,-0.009
48,0.692882495712,0.58,1.58545856627233,0.77,0.82159,0.082159,-0.0664583333333333,-0.00664583333333333
49,1.09202721696,0.58,0.239755278605682,0.77,0.82067,0.082067,-0.0358333333333333,-0.00358333333333333
50,0.492943320864,0.58,0.92171453367653,0.77,0.82541,0.082541,-0.0770833333333333,-0.00770833333333333
51,1.34194859136,0.58,0.811610589108487,0.77,0.81937,0.081937,-0.0810416666666667,-0.00810416666666667
52,1.005289920864,0.58,0.78943597475158,0.77,0.81806,0.081806,-0.0822916666666667,-0.00822916666666667
53,0.578470700736,0.58,0.870869329858278,0.77,0.81687,0.081687,-0.0833333333333333,-0.00833333333333333
54,0.0861459313824,0.58,0.586436728370693,0.77,0.81666,0.081666,-0.09,-0.009
55,0.328312738944,0.58,1.14520537363992,0.77,0.8115,0.08115,-0.0972916666666667,-0.00972916666666667
56,0.405352027296,0.58,0.777534601067433,0.77,0.80727,0.080727,-0.105416666666667,-0.0105416666666667
57,0.54878935968,0.58,0.392079533868222,0.77,0.78534,0.078534,-0.113125,-0.0113125
58,0.704526123456,0.58,0.177083135289694,0.77,0.76891,0.076891,-0.12,-0.012
59,0.471806105184,0.58,0.321416101677191,0.77,0.76293,0.076293,-0.12,-0.012
60,0.341919626976,0.58,0.29701724431112,0.77,0.76063,0.076063,-0.122083333333333,-0.0122083333333333
61,0.386517388032,0.58,0.294203628581632,0.77,0.76216,0.076216,-0.115208333333333,-0.0115208333333333
62,0.443687486112,0.58,0.41998718094671,0.77,0.76113,0.076113,-0.114791666666667,-0.0114791666666667
63,0.250740091296,0.58,0.495910251482471,0.77,0.76028,0.076028,-0.126041666666667,-0.0126041666666667
64,0.147087834336,0.58,0.361446962880387,0.77,0.7586,0.07586,-0.13,-0.013
65,0.0532761601536,0.58,1.0846178802377,0.77,0.75731,0.075731,-0.131458333333333,-0.0131458333333333
66,0.581593031712,0.58,0.601536453171981,0.77,0.75565,0.075565,-0.140625,-0.0140625
67,0.522553063104,0.58,0.631914977879325,0.77,0.75043,0.075043,-0.151041666666667,-0.0151041666666667
68,0.705622934304,0.58,0.499033396831053,0.77,0.74984,0.074984,-0.15375,-0.015375
69,0.350189809056,0.58,1.11459089537521,0.77,0.75003,0.075003,-0.146041666666667,-0.0146041666666667
70,0.428588437248,0.58,0.668511019838885,0.77,0.74759,0.074759,-0.152291666666667,-0.0152291666666667
71,0.472041654912,0.58,0.436382119067646,0.77,0.76021,0.076021,-0.115208333333333,-0.0115208333333333
72,1.30269376224,0.58,0.262570238738282,0.77,0.81814,0.081814,-0.0495833333333333,-0.00495833333333333
73,0.491450122368,0.58,0.486847321790018,0.77,0.82235,0.082235,-0.0729166666666667,-0.00729166666666667
74,0.49645996416,0.58,0.316399760323078,0.77,0.82373,0.082373,-0.0797916666666667,-0.00797916666666667
75,0.989566198272,0.58,0.378349109284585,0.77,0.82953,0.082953,-0.0645833333333333,-0.00645833333333333
76,0.418902881472,0.58,0.844456127109345,0.77,0.81751,0.081751,-0.0858333333333333,-0.00858333333333333
77,0.527530737312,0.58,0.793141260988355,0.77,0.80855,0.080855,-0.0945833333333333,-0.00945833333333333
78,0.166561674624,0.58,0.743039688542328,0.77,0.80297,0.080297,-0.100625,-0.0100625
79,0.885161634912,0.58,0.251242492933831,0.77,0.80848,0.080848,-0.086875,-0.0086875
80,0.507641831424,0.58,1.3373102697944,0.77,0.79432,0.079432,-0.055625,-0.0055625
81,0.347266709568,0.58,2.41864199850762,0.77,0.80296,0.080296,-0.095,-0.0095
82,0.251710307136,0.58,1.52519673494777,0.77,0.79873,0.079873,-0.105,-0.0105
83,0.618178989024,0.58,0.968339429033274,0.77,0.81109,0.081109,-0.0754166666666667,-0.00754166666666667
84,0.720239469408,0.58,0.392825742897595,0.77,0.82467,0.082467,-0.0633333333333333,-0.00633333333333333
85,-9999,-9999,0.913302573902142,0.77,0.82109,0.082109,-0.081875,-0.0081875
86,-9999,-9999,1.26583172128958,0.77,0.81253,0.081253,-0.094375,-0.0094375
87,0.650742960672,0.58,0.316829882669629,0.77,0.81504,0.081504,-0.0875,-0.00875
88,0.914793168096,0.58,0.443193085901156,0.77,0.81754,0.081754,-0.0839583333333333,-0.00839583333333333
89,0.214073196192,0.58,1.38671952754514,0.77,0.81172,0.081172,-0.0858333333333333,-0.00858333333333333
90,1.23775674912,0.58,0.109820097774138,0.77,0.80566,0.080566,-0.0964583333333333,-0.00964583333333333
91,0.668859536448,0.58,0.211663890104778,0.77,0.81266,0.081266,-0.0860416666666667,-0.00860416666666667
92,-0.00205899516864,0.58,1.1182486637611,0.77,0.80867,0.080867,-0.095,-0.0095
93,0.108276087744,0.58,1.55228489953219,0.77,0.80062,0.080062,-0.107083333333333,-0.0107083333333333
94,-0.292780010592,0.58,1.33820126929779,0.77,0.76999,0.076999,-0.11625,-0.011625
95,0.565622345088,0.58,0.749132120712498,0.77,0.75571,0.075571,-0.11625,-0.011625
96,-0.15335636256,0.58,1.84044426853555,0.77,0.75671,0.075671,-0.1075,-0.01075
97,0.177843157632,0.58,1.42569264050491,0.77,0.75192,0.075192,-0.125833333333333,-0.0125833333333333
98,-0.00438707736576,0.58,1.54628746528706,0.77,0.74685,0.074685,-0.138333333333333,-0.0138333333333333
99,0.31395561984,0.58,1.59599823240733,0.77,0.74274,0.074274,-0.146458333333333,-0.0146458333333333
100,0.142661159712,0.58,2.57760730013215,0.77,0.73872,0.073872,-0.145833333333333,-0.0145833333333333
101,0.217638609696,0.58,1.48292870851682,0.77,0.73914,0.073914,-0.149583333333333,-0.0149583333333333
102,-0.426750734304,0.58,2.03529604152018,0.77,0.80758,0.080758,-0.0716666666666667,-0.00716666666666667
103,0.432310538016,0.58,0.803933966209912,0.77,0.7983,0.07983,-0.09375,-0.009375
104,0.170982123264,0.58,1.52558912262291,0.77,0.79371,0.079371,-0.105833333333333,-0.0105833333333333
105,0.0593747190144,0.58,1.75432355963727,0.77,0.76707,0.076707,-0.117083333333333,-0.0117083333333333
106,0.311794165728,0.58,1.09285037782706,0.77,0.74637,0.074637,-0.131875,-0.0131875
107,0.800797476384,0.58,0.669837166429928,0.77,0.73948,0.073948,-0.14,-0.014
108,0.160297297056,0.58,1.47119092071295,0.77,0.73456,0.073456,-0.152291666666667,-0.0152291666666667
109,0.110871285408,0.58,1.7483176033025,0.77,0.73017,0.073017,-0.164166666666667,-0.0164166666666667
110,0.237065755104,0.58,1.573564429972,0.77,0.70916,0.070916,-0.175416666666667,-0.0175416666666667
111,0.485994085056,0.58,1.22947061418939,0.77,0.63692,0.063692,-0.17,-0.017
112,1.62901833696,0.58,0.19647551486138,0.77,0.60598,0.060598,-0.18,-0.018
113,0.7958104632,0.58,0.727910021831189,0.77,0.60456,0.060456,-0.188958333333333,-0.0188958333333333
114,-0.271233955296,0.58,1.30958964274624,0.77,0.60378,0.060378,-0.19,-0.019
115,0.0289615135392,0.58,1.42479576546649,0.77,0.60224,0.060224,-0.196458333333333,-0.0196458333333333
116,0.0177189429312,0.58,0.836578784459007,0.77,0.65666,0.065666,-0.217291666666667,-0.0217291666666667
117,0.70346874384,0.58,0.547139080357895,0.77,0.65277,0.065277,-0.22,-0.022
118,-9999,-9999,0.626724534554282,0.77,0.64564,0.064564,-0.229166666666667,-0.0229166666666667
119,-9999,-9999,0.391930829129507,0.77,0.66495,0.066495,-9999,-9999
120,-9999,-9999,0.448992843019549,0.77,0.70254,0.070254,-0.224375,-0.0224375
121,-9999,-9999,0.931970623069821,0.77,0.77505,0.077505,-0.136458333333333,-0.0136458333333333
122,-9999,-9999,1.02219501053119,0.77,0.77465,0.077465,-9999,-9999
123,-9999,-9999,1.00623467383059,0.77,0.77398,0.077398,-0.163191489361702,-0.0163191489361702
124,-9999,-9999,0.901192684018663,0.77,0.69199,0.069199,-9999,-9999
125,0.476186084928,0.58,0.979219269974727,0.77,0.59725,0.059725,-0.171666666666667,-0.0171666666666667
126,1.15079012928,0.58,0.526824033595389,0.77,0.6905,0.06905,-0.158125,-0.0158125
127,0.0684727494336,0.58,1.05119482985204,0.77,0.75904,0.075904,-0.0783333333333333,-0.00783333333333333
128,0.497441594304,0.58,1.18682262885627,0.77,0.75422,0.075422,-0.0816666666666667,-0.00816666666666667
129,-0.215354711232,0.58,3.06142784679631,0.77,0.76412,0.076412,-0.063125,-0.0063125
130,0.246041548704,0.58,0.874775427086594,0.77,0.7603,0.07603,-0.07125,-0.007125
131,-0.443493442944,0.58,2.24406845596433,0.77,0.7714,0.07714,-0.0739583333333333,-0.00739583333333333
132,0.86387603328,0.58,0.400580440186472,0.77,0.75858,0.075858,-0.0891666666666667,-0.00891666666666667
133,-0.154128384576,0.58,2.19266785943049,0.77,0.73679,0.073679,-0.103125,-0.0103125
134,-0.576262551744,0.58,1.66660463627692,0.77,0.71436,0.071436,-0.114791666666667,-0.0114791666666667
135,-0.546956845056,0.58,2.37288075632023,0.77,0.70984,0.070984,-0.130625,-0.0130625
136,-0.65360898864,0.58,2.42866961664527,0.77,0.69854,0.069854,-0.1475,-0.01475
137,-0.087692465808,0.58,2.10235901143796,0.77,0.6816,0.06816,-0.164583333333333,-0.0164583333333333
138,-0.647612328384,0.58,1.81543449843183,0.77,0.65937,0.065937,-0.179166666666667,-0.0179166666666667
139,-9999,-9999,1.89842954505141,0.77,0.59066,0.059066,-0.185416666666667,-0.0185416666666667
140,0.0674591592384,0.58,1.29062032401425,0.77,0.63037,0.063037,-0.206041666666667,-0.0206041666666667
141,0.645075239904,0.58,0.557630011753213,0.77,0.6328,0.06328,-0.196458333333333,-0.0196458333333333
142,-0.554712345792,0.58,2.06651083958164,0.77,0.63429,0.063429,-0.19,-0.019
143,-1.18974403584,0.58,2.27702219109961,0.77,0.63028,0.063028,-0.197916666666667,-0.0197916666666667
144,-1.1944031472,0.58,2.3064222733039,0.77,0.622,0.0622,-0.215625,-0.0215625
145,-0.90323981712,0.58,1.78293547307254,0.77,0.61359,0.061359,-0.231666666666667,-0.0231666666666667
146,-0.661812760224,0.58,1.6137620910498,0.77,0.6059,0.06059,-0.245208333333333,-0.0245208333333333
147,-1.15706799648,0.58,2.29438493174055,0.77,0.59917,0.059917,-0.256875,-0.0256875
148,-1.38357967104,0.58,2.2186688344055,0.77,0.5924,0.05924,-0.274166666666667,-0.0274166666666667
149,-1.030531097664,0.58,2.46383190658473,0.77,0.56457,0.056457,-0.275625,-0.0275625
150,-1.014972363648,0.58,2.78132375611274,0.77,0.57352,0.057352,-0.307916666666667,-0.0307916666666667
151,-9999,-9999,1.83264562169023,0.77,0.56569,0.056569,-9999,-9999
152,-0.725941433088,0.58,1.08109693088643,0.77,0.55791,0.055791,-0.338958333333333,-0.0338958333333333
153,-1.21808263968,0.58,2.45414998626071,0.77,0.55075,0.055075,-0.351875,-0.0351875
154,-0.908831788416,0.58,2.91200285932802,0.77,0.54124,0.054124,-0.363541666666667,-0.0363541666666667
155,-1.30184287776,0.58,2.46097894919294,0.77,0.53155,0.053155,-0.37375,-0.037375
156,-1.30000621248,0.58,1.90704213640204,0.77,0.52276,0.052276,-0.379583333333333,-0.0379583333333333
157,-1.23415605504,0.58,1.74078634036868,0.77,0.51683,0.051683,-0.386875,-0.0386875
158,-1.08065441952,0.58,1.32673214770991,0.77,0.51133,0.051133,-0.39,-0.039
159,-1.22741123904,0.58,1.55801095051856,0.77,0.50597,0.050597,-0.396666666666667,-0.0396666666666667
160,-1.5348088224,0.58,2.60129274744145,0.77,0.49933,0.049933,-0.4,-0.04
161,-9999,-9999,2.42423331552129,0.77,0.49234,0.049234,-0.4,-0.04
162,-9999,-9999,2.39151834591369,0.77,0.48564,0.048564,-0.407916666666667,-0.0407916666666667
163,0.01019689584192,0.58,2.12522972793095,0.77,0.4809,0.04809,-0.41,-0.041
164,-0.865888063776,0.58,3.47296997622896,0.77,0.47365,0.047365,-0.41,-0.041
165,-0.887526471168,0.58,3.81694179900266,0.77,0.4644,0.04644,-0.416666666666667,-0.0416666666666667
166,-0.792496164384,0.58,4.23707546237772,0.77,0.45574,0.045574,-0.42,-0.042
167,-0.2462117256,0.58,3.50342838793613,0.77,0.44551,0.044551,-0.42,-0.042
168,0.473748612192,0.58,1.5518282678106,0.77,0.43609,0.043609,-0.420416666666667,-0.0420416666666667
169,-0.0713935660608,0.58,3.17470951804133,0.77,0.42931,0.042931,-0.419166666666667,-0.0419166666666667
170,-0.944572049568,0.58,3.95398279431833,0.77,0.44139,0.044139,-0.4025,-0.04025
171,-0.937989109152,0.58,1.67726323594822,0.77,0.44639,0.044639,-0.41,-0.041
172,-1.1072393712,0.58,3.29079057838063,0.77,0.44546,0.044546,-0.41,-0.041
173,-1.76955954912,0.58,3.49731762719185,0.77,0.44149,0.044149,-0.414375,-0.0414375
174,0.734217841152,0.58,2.04752685746356,0.77,0.43799,0.043799,-0.42,-0.042
175,-1.67151067776,0.58,3.74423852457305,0.77,0.43439,0.043439,-0.42,-0.042
176,0.983462658624,0.58,2.1890324628822,0.77,0.43081,0.043081,-0.42,-0.042
177,-2.30685159168,0.58,3.66364091382727,0.77,0.43491,0.043491,-0.42,-0.042
178,1.750539168,0.58,0.513397737668624,0.77,0.43873,0.043873,-0.42,-0.042
179,-0.0212112011232,0.58,1.41998909269386,0.77,0.45237,0.045237,-0.422916666666667,-0.0422916666666667
180,-2.2404203424,0.58,3.53069215752041,0.77,0.45994,0.045994,-9999,-9999
181,1.68626625984,0.58,0.559741115825125,0.77,0.46519,0.046519,-0.425208333333333,-0.0425208333333333
182,-2.80391340096,0.58,2.96682380269451,0.77,0.4989,0.04989,-0.396875,-0.0396875
183,-3.6534592944,0.58,3.32214300705113,0.77,0.49731,0.049731,-0.382916666666667,-0.0382916666666667
184,-3.30965008128,0.58,2.94715085244576,0.77,0.49237,0.049237,-0.38,-0.038
185,-0.834663716352,0.58,0.980482748370357,0.77,0.49075,0.049075,-0.379166666666667,-0.0379166666666667
186,-2.81927082816,0.58,3.37611143311949,0.77,0.50916,0.050916,-0.344375,-0.0344375
187,-1.21698271584,0.58,2.13604449842451,0.77,0.50511,0.050511,-0.34,-0.034
188,-0.3294064368,0.58,2.25823612379322,0.77,0.50185,0.050185,-0.34,-0.034
189,0.11982943872,0.58,2.20060828381869,0.77,0.49626,0.049626,-0.348333333333333,-0.0348333333333333
190,-2.31806873952,0.58,4.4357801042451,0.77,0.56806,0.056806,-0.255833333333333,-0.0255833333333333
191,-1.10463483456,0.58,2.3169821827286,0.77,0.55548,0.055548,-0.238958333333333,-0.0238958333333333
192,-3.04449579936,0.58,3.40390051681497,0.77,0.57158,0.057158,-0.203958333333333,-0.0203958333333333
193,-2.44590894432,0.58,2.48028906746659,0.77,0.55312,0.055312,-0.21875,-0.021875
194,-3.13389055296,0.58,2.50242343511845,0.77,0.54507,0.054507,-0.232083333333333,-0.0232083333333333
195,0.287301144672,0.58,1.13999233291794,0.77,0.54295,0.054295,-0.235625,-0.0235625
196,-3.0514585248,0.58,3.13002582383969,0.77,0.56773,0.056773,-0.201666666666667,-0.0201666666666667
197,-2.31273514656,0.58,2.27529737922848,0.77,0.57305,0.057305,-0.196666666666667,-0.0196666666666667
198,-3.33661896864,0.58,2.5245490531469,0.77,0.562,0.0562,-0.217916666666667,-0.0217916666666667
199,-2.73105901152,0.58,1.90084844810782,0.77,0.54901,0.054901,-0.235416666666667,-0.0235416666666667
200,-2.17112514048,0.58,2.22557481463721,0.77,0.53952,0.053952,-0.249583333333333,-0.0249583333333333
201,-2.90090385504,0.58,2.64598527724778,0.77,0.53138,0.053138,-0.265625,-0.0265625
202,-2.43943392096,0.58,3.04917892031993,0.77,0.52295,0.052295,-0.282708333333333,-0.0282708333333333
203,0.063992220048,0.58,1.08042591709899,0.77,0.51633,0.051633,-0.297291666666667,-0.0297291666666667
204,-0.532815560064,0.58,1.24463669037491,0.77,0.52082,0.052082,-0.309166666666667,-0.0309166666666667
205,-2.12219928288,0.58,1.75740858641428,0.77,0.52261,0.052261,-0.313958333333333,-0.0313958333333333
206,-2.49831097632,0.58,2.2660633229382,0.77,0.51871,0.051871,-0.323125,-0.0323125
207,-1.4507061552,0.58,2.06558484141826,0.77,0.5167,0.05167,-0.333541666666667,-0.0333541666666667
208,0.08018289144,0.58,0.653348113378097,0.77,0.54032,0.054032,-0.29,-0.029
209,-3.00270907008,0.58,3.29645220416154,0.77,0.54988,0.054988,-0.249583333333333,-0.0249583333333333
210,-1.85351694336,0.58,2.96829218036979,0.77,0.54843,0.054843,-0.252083333333333,-0.0252083333333333
211,-1.09076126688,0.58,1.14182488008874,0.77,0.60177,0.060177,-0.157291666666667,-0.0157291666666667
212,0.241611761088,0.58,0.444903214663486,0.77,0.63767,0.063767,-0.0925,-0.00925
213,0.277733882592,0.58,0.497640758727455,0.77,0.6619,0.06619,-0.08125,-0.008125
214,1.5263518608,0.58,0.254526477909546,0.77,0.68383,0.068383,-0.06875,-0.006875
215,-1.34660770272,0.58,1.81185499695505,0.77,0.67277,0.067277,-0.09125,-0.009125
216,-1.56696602976,0.58,1.85338611298318,0.77,0.65383,0.065383,-0.118541666666667,-0.0118541666666667
217,-0.599644234656,0.58,0.730206335769609,0.77,0.67385,0.067385,-0.0970833333333333,-0.00970833333333333
218,-1.93580369856,0.58,1.52425481780701,0.77,0.6874,0.06874,-0.0885416666666667,-0.00885416666666667
219,-3.52832739264,0.58,2.58091270605129,0.77,0.6622,0.06622,-0.113541666666667,-0.0113541666666667
220,-3.288876048,0.58,3.13875439704671,0.77,0.65384,0.065384,-0.138125,-0.0138125
221,-1.62983809152,0.58,1.44266324981245,0.77,0.64855,0.064855,-0.158541666666667,-0.0158541666666667
222,-0.5204403792,0.58,1.56636657701489,0.77,0.62503,0.062503,-0.175208333333333,-0.0175208333333333
223,-1.74466598976,0.58,4.05873290045323,0.77,0.59729,0.059729,-0.180416666666667,-0.0180416666666667
224,-0.28975210704,0.58,1.52523639817692,0.77,0.58723,0.058723,-0.193958333333333,-0.0193958333333333
225,-1.7478412416,0.58,2.05419666888944,0.77,0.62114,0.062114,-0.154375,-0.0154375
226,-9999,-9999,2.21296795557697,0.77,0.71229,0.071229,-0.143333333333333,-0.0143333333333333
227,-1.1027255328,0.58,1.31910710984243,0.77,0.70847,0.070847,-0.166170212765957,-0.0166170212765957
228,-1.73852301888,0.58,1.79570326479162,0.77,0.61201,0.061201,-0.180416666666667,-0.0180416666666667
229,-9999,-9999,1.19582337180641,0.77,0.62259,0.062259,-0.206666666666667,-0.0206666666666667
230,-9999,-9999,1.41723091629997,0.77,0.60911,0.060911,-0.224166666666667,-0.0224166666666667
231,-1.33524528192,0.58,1.82987798685641,0.77,0.58838,0.058838,-0.19875,-0.019875
232,-1.81966834368,0.58,2.54590378339059,0.77,0.58099,0.058099,-0.206458333333333,-0.0206458333333333
233,-1.80151960032,0.58,2.24515004354729,0.77,0.57135,0.057135,-0.224583333333333,-0.0224583333333333
234,-1.38680680608,0.58,1.4397469354462,0.77,0.56596,0.056596,-0.237708333333333,-0.0237708333333333
235,-0.658635433056,0.58,1.2309747714016,0.77,0.56288,0.056288,-0.249583333333333,-0.0249583333333333
236,-1.58070470112,0.58,2.32506526028733,0.77,0.55637,0.055637,-0.262083333333333,-0.0262083333333333
237,-1.00054675872,0.58,1.16883627636602,0.77,0.55183,0.055183,-0.275,-0.0275
238,-2.39388047136,0.58,1.93631730203267,0.77,0.54875,0.054875,-0.286666666666667,-0.0286666666666667
239,-1.38598705152,0.58,1.2739645826469,0.77,0.54474,0.054474,-0.301041666666667,-0.0301041666666667
240,-1.50987375648,0.58,1.44311142214275,0.77,0.54555,0.054555,-9999,-9999
241,-2.1169383264,0.58,1.98258792193911,0.77,0.54341,0.054341,-9999,-9999
242,-2.1598457328,0.58,2.09119292244055,0.77,0.54333,0.054333,-0.327708333333333,-0.0327708333333333
243,-1.41512465664,0.58,1.71525326942055,0.77,0.54038,0.054038,-0.337083333333333,-0.0337083333333333
244,-9999,-9999,0.667776701535863,0.77,0.53718,0.053718,-0.353541666666667,-0.0353541666666667
245,-1.3384827936,0.58,2.05678567148642,0.77,0.53331,0.053331,-0.368125,-0.0368125
246,-0.809278304256,0.58,2.5633305765457,0.77,0.52429,0.052429,-9999,-9999
247,-9999,-9999,2.33375280995754,0.77,0.52094,0.052094,-0.389166666666667,-0.0389166666666667
248,-9999,-9999,2.21931054385076,0.77,0.51579,0.051579,-0.39625,-0.039625
249,-9999,-9999,1.62624693241465,0.77,0.51078,0.051078,-0.4,-0.04
250,1.10008986624,0.58,1.07072398784297,0.77,0.50654,0.050654,-0.406458333333333,-0.0406458333333333
251,0.2268852336,0.58,2.22753760594972,0.77,0.50238,0.050238,-0.41,-0.041
252,1.65226201056,0.58,1.55871562886336,0.77,0.49741,0.049741,-0.41,-0.041
253,1.80390622752,0.58,1.01006392460559,0.77,0.49306,0.049306,-0.417708333333333,-0.0417708333333333
254,-0.113132355264,0.58,1.65034410758609,0.77,0.49362,0.049362,-0.42,-0.042
255,-1.80817102656,0.58,1.86154773583472,0.77,0.49374,0.049374,-0.42,-0.042
256,-0.215909861472,0.58,1.23638839264809,0.77,0.493,0.0493,-0.426041666666667,-0.0426041666666667
257,-9999,-9999,1.18001815447106,0.77,0.51024,0.051024,-9999,-9999
258,-9999,-9999,0.354236260213219,0.77,0.57227,0.057227,-9999,-9999
259,-9999,-9999,0.336890388722856,0.77,0.65155,0.065155,-9999,-9999
260,-9999,-9999,0.757305991031875,0.77,0.65147,0.065147,-0.112708333333333,-0.0112708333333333
261,-0.178144080192,0.58,1.23565920798943,0.77,0.68378,0.068378,-0.0802083333333333,-0.00802083333333333
262,0.333861128352,0.58,0.769862146080603,0.77,0.71224,0.071224,-0.0670833333333333,-0.00670833333333333
263,-0.91279670256,0.58,1.98556486207233,0.77,0.71628,0.071628,-0.069375,-0.0069375
264,-1.35065459232,0.58,1.78347793889265,0.77,0.75469,0.075469,-0.11375,-0.011375
265,-9999,-9999,0.733801165973819,0.77,0.75377,0.075377,-0.133333333333333,-0.0133333333333333
266,-9999,-9999,0.931122807616324,0.77,0.75495,0.075495,-0.130217391304348,-0.0130217391304348
267,0.945146915424,0.58,1.26960447847161,0.77,0.67149,0.067149,-0.101666666666667,-0.0101666666666667
268,-0.209678689152,0.58,1.58285591999226,0.77,0.68808,0.068808,-0.0916666666666667,-0.00916666666666667
269,-0.364514760576,0.58,1.21111461697269,0.77,0.76187,0.076187,-0.123541666666667,-0.0123541666666667
270,1.66636386432,0.58,0.549433025777845,0.77,0.6959,0.06959,-0.0839583333333333,-0.00839583333333333
271,0.395096793984,0.58,1.06058800181374,0.77,0.72871,0.072871,-0.0752083333333333,-0.00752083333333333
272,-0.336106633248,0.58,1.20062077796634,0.77,0.74473,0.074473,-9999,-9999
273,-9999,-9999,1.00703628776927,0.77,0.77478,0.077478,-0.11804347826087,-0.011804347826087
274,-9999,-9999,1.05227037837,0.77,0.77579,0.077579,-9999,-9999
275,-9999,-9999,0.777400759750743,0.77,0.7768,0.07768,-0.11531914893617,-0.011531914893617
276,-0.335960322624,0.58,0.489935682769827,0.77,0.77325,0.077325,-0.13,-0.013
277,0.925714581696,0.58,0.515223521108418,0.77,0.69502,0.069502,-0.101666666666667,-0.0101666666666667
278,-9999,-9999,0.310819762644236,0.77,0.78154,0.078154,-0.0871739130434783,-0.00871739130434783
279,-9999,-9999,0.600729558273583,0.77,0.77106,0.077106,-9999,-9999
280,-9999,-9999,0.284669166606192,0.77,0.76176,0.076176,-0.0510416666666667,-0.00510416666666667
281,1.45826034912,0.58,0.37730977687011,0.77,0.76373,0.076373,-0.0735416666666667,-0.00735416666666667
282,1.14735546144,0.58,0.448966228726899,0.77,0.74062,0.074062,-0.09125,-0.009125
283,1.12235813568,0.58,0.780397024265609,0.77,0.75324,0.075324,-9999,-9999
284,-0.619130526912,0.58,0.426156041984191,0.77,0.78587,0.078587,-0.116170212765957,-0.0116170212765957
285,-0.332526692448,0.58,0.543301091604026,0.77,0.70829,0.070829,-0.112291666666667,-0.0112291666666667
286,-0.356537199744,0.58,0.965311553775861,0.77,0.70179,0.070179,-0.122083333333333,-0.0122083333333333
287,-0.41266340784,0.58,0.983299208210139,0.77,0.70053,0.070053,-0.134791666666667,-0.0134791666666667
288,-0.295548498144,0.58,0.549261804442677,0.77,0.69325,0.069325,-0.145208333333333,-0.0145208333333333
289,-9999,-9999,0.238530199878975,0.77,0.66193,0.066193,-9999,-9999
290,-9999,-9999,0.344501742719099,0.77,0.59284,0.059284,-0.151458333333333,-0.0151458333333333
291,-9999,-9999,0.366733174707069,0.77,0.59522,0.059522,-9999,-9999
292,-9999,-9999,0.333840016461885,0.77,0.79289,0.079289,-9999,-9999
293,-9999,-9999,0.331009436351062,0.77,0.79563,0.079563,-0.10625,-0.010625
294,-9999,-9999,0.307133317802316,0.77,0.80098,0.080098,-0.0795744680851064,-0.00795744680851064
295,-9999,-9999,0.648332181659843,0.77,0.80456,0.080456,-0.101458333333333,-0.0101458333333333
296,-9999,-9999,0.166779487507577,0.77,0.71762,0.071762,-0.1,-0.01
297,1.18427554656,0.58,0.0150057711118978,0.77,0.71459,0.071459,-0.109375,-0.0109375
298,1.35121493088,0.58,0.0207504988177543,0.77,0.71153,0.071153,-0.105,-0.0105
299,-9999,-9999,0.0489782279012226,0.77,0.71517,0.071517,-9999,-9999
300,-9999,-9999,0.0838025794943969,0.77,0.71153,0.071153,-9999,-9999
301,-9999,-9999,0.0666610663422636,0.77,0.71153,0.071153,-9999,-9999
302,-9999,-9999,0.0625052479112339,0.77,0.75053,0.075053,-9999,-9999
303,1.60447758336,0.58,0.142864667359787,0.77,0.79226,0.079226,-9999,-9999
304,-9999,-9999,0.560564552640783,0.77,0.79226,0.079226,-9999,-9999
305,1.5901163136,0.58,0.212073736423086,0.77,0.79226,0.079226,-9999,-9999
306,-9999,-9999,0.211328547451728,0.77,0.79244,0.079244,-0.0652083333333333,-0.00652083333333333
307,-9999,-9999,0.308392982708589,0.77,0.8042,0.08042,-9999,-9999
308,-9999,-9999,0.0883260691430663,0.77,0.81581,0.081581,-0.107083333333333,-0.0107083333333333
309,-9999,-9999,0.0996151839606745,0.77,0.76076,0.076076,-9999,-9999
310,0.994540759488,0.58,0.204321493909457,0.77,0.73322,0.073322,-0.101666666666667,-0.0101666666666667
311,0.888239346336,0.58,0.369850466460353,0.77,0.72951,0.072951,-0.11,-0.011
312,0.906003116352,0.58,0.367980487043911,0.77,0.72612,0.072612,-0.108125,-0.0108125
313,0.764694032832,0.58,0.195481408962837,0.77,0.72649,0.072649,-0.110416666666667,-0.0110416666666667
314,0.820478849472,0.58,0.150288096422764,0.77,0.72614,0.072614,-0.12,-0.012
315,0.587393573472,0.58,0.161858417445397,0.77,0.72307,0.072307,-0.119583333333333,-0.0119583333333333
316,-9999,-9999,0.187061659591046,0.77,0.72419,0.072419,-0.125,-0.0125
317,1.5280121232,0.58,0.141996614335637,0.77,0.76483,0.076483,-0.0741666666666667,-0.00741666666666667
318,1.77323287968,0.58,0.120519222107289,0.77,0.79074,0.079074,-0.0539583333333333,-0.00539583333333333
319,1.73385353088,0.58,0.0812108505654332,0.77,0.79365,0.079365,-0.0672916666666667,-0.00672916666666667
320,1.23639740928,0.58,0.131716391780365,0.77,0.78286,0.078286,-0.084375,-0.0084375
321,1.06764211296,0.58,0.205121160506062,0.77,0.78053,0.078053,-0.09,-0.009
322,1.74886852896,0.58,0.14170157527554,0.77,0.78801,0.078801,-0.073125,-0.0073125
323,1.42224303168,0.58,0.202137870332384,0.77,0.79638,0.079638,-0.0710416666666667,-0.00710416666666667
324,1.73121786432,0.58,0.258699356624881,0.77,0.78494,0.078494,-0.0795833333333333,-0.00795833333333333
325,1.003439765952,0.58,0.205893169637444,0.77,0.78889,0.078889,-0.0766666666666667,-0.00766666666666667
326,1.98742748256,0.58,0.17569190638839,0.77,0.78151,0.078151,-0.0785416666666667,-0.00785416666666667
327,1.41098437728,0.58,0.670312680019166,0.77,0.78536,0.078536,-0.0747916666666667,-0.00747916666666667
328,0.750233147328,0.58,0.493522621501726,0.77,0.76878,0.076878,-0.0920833333333333,-0.00920833333333333
329,0.871252786656,0.58,0.0234587458538556,0.77,0.74152,0.074152,-0.100833333333333,-0.0100833333333333
330,1.17083779776,0.58,0.112890530096201,0.77,0.74022,0.074022,-0.106666666666667,-0.0106666666666667
331,1.08842652288,0.58,0.241932880151211,0.77,0.7657,0.07657,-0.0741666666666667,-0.00741666666666667
332,0.743152128192,0.58,0.127154587608851,0.77,0.79954,0.079954,-0.0729166666666667,-0.00729166666666667
333,0.85466676528,0.58,0.0570100437002604,0.77,0.77966,0.077966,-0.088125,-0.0088125
334,0.820560824928,0.58,0.00875344355951813,0.77,0.75389,0.075389,-0.095,-0.0095
335,0.875180344896,0.58,0.00324445924688003,0.77,0.74705,0.074705,-0.1,-0.01
336,1.15887353184,0.58,0.00593301392620162,0.77,0.74362,0.074362,-0.108333333333333,-0.0108333333333333
337,1.13663639232,0.58,0.00723595770961781,0.77,0.74048,0.074048,-0.11,-0.011
338,1.14110872416,0.58,0.0321416864145681,0.77,0.76958,0.076958,-0.0760416666666667,-0.00760416666666667
339,1.03446280656,0.58,0.0581048138676371,0.77,0.81399,0.081399,-0.0633333333333333,-0.00633333333333333
340,1.29042857376,0.58,0.014540168524916,0.77,0.79539,0.079539,-0.081875,-0.0081875
341,1.74279819456,0.58,0.0132040767490362,0.77,0.79413,0.079413,-0.076875,-0.0076875
342,1.46825305344,0.58,0.0345360374635377,0.77,0.81198,0.081198,-0.0685416666666667,-0.00685416666666667
343,1.87198736256,0.58,0.0352047817155069,0.77,0.81438,0.081438,-0.0560416666666667,-0.00560416666666667
344,1.67895072864,0.58,0.0108611921501021,0.77,0.81499,0.081499,-0.0620833333333333,-0.00620833333333333
345,1.32506579808,0.58,0.0721424955755052,0.77,0.81352,0.081352,-0.0741666666666667,-0.00741666666666667
346,1.71161639136,0.58,0.000438243481513238,0.77,0.80412,0.080412,-0.065625,-0.0065625
347,1.33311807072,0.58,0.00567503484797616,0.77,0.81677,0.081677,-0.0558333333333333,-0.00558333333333333
348,1.033676257248,0.58,0.00384848999740413,0.77,0.81172,0.081172,-0.07,-0.007
349,1.20632590656,0.58,0.0327368970581197,0.77,0.79764,0.079764,-0.075625,-0.0075625
350,1.74165676416,0.58,0.151411596888884,0.77,0.78168,0.078168,-0.085,-0.0085
351,2.1343710816,0.58,0.0843432914773894,0.77,0.79376,0.079376,-0.069375,-0.0069375
352,1.93789977984,0.58,0.0372743553319984,0.77,0.80494,0.080494,-0.069375,-0.0069375
353,1.07866210464,0.58,-0.0317659228282658,0.77,0.79754,0.079754,-0.0775,-0.00775
354,1.5539537232,0.58,0.0429212691452456,0.77,0.78391,0.078391,-0.0804166666666667,-0.00804166666666667
355,1.2435884208,0.58,0.563718587455698,0.77,0.77978,0.077978,-0.08625,-0.008625
356,1.08874819872,0.58,0.141236822406792,0.77,0.76625,0.076625,-0.0933333333333333,-0.00933333333333333
357,2.0098514016,0.58,0.0779817892130188,0.77,0.77642,0.077642,-0.06,-0.006
358,1.80965488608,0.58,0.0638268271959774,0.77,0.78236,0.078236,-0.06875,-0.006875
359,1.39535715744,0.58,0.0792472334487141,0.77,0.78377,0.078377,-0.0641666666666667,-0.00641666666666667
360,0.809148596256,0.58,-0.0124903511757965,0.77,0.78901,0.078901,-0.069375,-0.0069375
361,1.33544243808,0.58,0.132849777438405,0.77,0.7932,0.07932,-0.056875,-0.0056875
362,1.17234241056,0.58,0.279312606891483,0.77,0.79448,0.079448,-0.0695833333333333,-0.00695833333333333
363,0.984503435616,0.58,0.0726231822915116,0.77,0.79632,0.079632,-0.0652083333333333,-0.00652083333333333
364,1.1851160544,0.58,0.00443442121030169,0.77,0.78545,0.078545,-0.0766666666666667,-0.00766666666666667
365,0.996388839072,0.58,0.090488690827016,0.77,0.79235,0.079235,-0.070625,-0.0070625
