"doy","NEE_gCm2day","NEE_unc_gCm2day","Evap_kgH2Om2day","Evap_unc_kgH2Om2day","soil_water_m3m3","soil_water_unc_m3m3"
1,-9999,-9999,-0.000264679056267468,0.77,0.9147,0.09147
2,-9999,-9999,-0.000131575782344473,0.77,0.914,0.0914
3,-9999,-9999,0.0045006529808763,0.77,0.91441,0.091441
4,0.120232052352,0.58,0.0422748519871527,0.77,0.91594,0.091594
5,0.0228854719872,0.58,0.0367976260773161,0.77,0.91491,0.091491
6,0.0816929000928,0.58,0.0508403729051964,0.77,0.9167,0.09167
7,-9999,-9999,0.0168269783912774,0.77,0.91894,0.091894
8,-9999,-9999,0.00963833530375028,0.77,0.9211,0.09211
9,0.10841513472,0.58,0.0491026971281511,0.77,0.9229,0.09229
10,0.09044279424,0.58,0.0152628509880094,0.77,0.92402,0.092402
11,0.143681183424,0.58,0.0260712741537791,0.77,0.92525,0.092525
12,0.377407735776,0.58,0.0220064101073165,0.77,0.92531,0.092531
13,0.258142786272,0.58,0.0244134583283114,0.77,0.92523,0.092523
14,0.145497095424,0.58,0.0226210839044162,0.77,0.925,0.0925
15,0.170964482976,0.58,0.0920833596140261,0.77,0.9252,0.09252
16,0.168398339904,0.58,0.0668551429906235,0.77,0.92618,0.092618
17,0.293106874752,0.58,0.0540212886094715,0.77,0.92689,0.092689
18,0.317874876768,0.58,0.0556220253223762,0.77,0.92707,0.092707
19,0.318425876352,0.58,0.162386981911688,0.77,0.92693,0.092693
20,0.820199717856,0.58,0.0283138614342736,0.77,0.92919,0.092919
21,1.035923837472,0.58,-0.0220282590115938,0.77,0.92937,0.092937
22,0.758316549888,0.58,0.155895960277623,0.77,0.92807,0.092807
23,1.003105638144,0.58,0.00194657713377378,0.77,0.92732,0.092732
24,0.557397820224,0.58,0.0843835337175052,0.77,0.92622,0.092622
25,0.547146737568,0.58,-0.0301952293748644,0.77,0.92576,0.092576
26,0.412946690112,0.58,0.127101088963852,0.77,0.92486,0.092486
27,0.461725199424,0.58,0.0833949739711725,0.77,0.92492,0.092492
28,0.834539196672,0.58,0.0583174352005811,0.77,0.92421,0.092421
29,0.495664075872,0.58,0.0734448131852285,0.77,0.92355,0.092355
30,-9999,-9999,0.126326188446488,0.77,0.9238,0.09238
31,0.791030982816,0.58,0.0550972550518244,0.77,0.92485,0.092485
32,0.296189774496,0.58,0.116572193288066,0.77,0.9252,0.09252
33,0.982616962464,0.58,0.0250879211394659,0.77,0.92507,0.092507
34,0.465015631968,0.58,0.094771105568367,0.77,0.92366,0.092366
35,0.827722781856,0.58,0.124641009519662,0.77,0.9226,0.09226
36,1.05707869344,0.58,0.0868830838594416,0.77,0.92144,0.092144
37,-0.036112782528,0.58,-0.0365229230713768,0.77,0.92064,0.092064
38,0.14881139424,0.58,0.130569558082257,0.77,0.9205,0.09205
39,0.276078808512,0.58,0.13363311967259,0.77,0.9211,0.09211
40,0.385500477312,0.58,0.0140648911207119,0.77,0.92187,0.092187
41,0.161109787968,0.58,0.0892498401496451,0.77,0.92179,0.092179
42,-0.139864655232,0.58,0.180741200626657,0.77,0.92225,0.092225
43,0.0283201334208,0.58,0.102700074505627,0.77,0.92274,0.092274
44,0.220225506048,0.58,0.0419337658256826,0.77,0.92351,0.092351
45,0.60307994016,0.58,0.0249778900050467,0.77,0.92339,0.092339
46,0.480494465856,0.58,0.0711322149385534,0.77,0.92227,0.092227
47,0.282982387104,0.58,0.0763014397590479,0.77,0.92119,0.092119
48,0.860707007424,0.58,-0.0187344845817784,0.77,0.92048,0.092048
49,0.291061639008,0.58,0.0900059087115715,0.77,0.91993,0.091993
50,0.26280916128,0.58,0.16114146481293,0.77,0.91919,0.091919
51,0.33582957696,0.58,0.0863666890948621,0.77,0.91892,0.091892
52,0.479266909344,0.58,0.247648382305697,0.77,0.91842,0.091842
53,0.173124899424,0.58,0.254019920790381,0.77,0.91788,0.091788
54,0.0759745413216,0.58,0.185388881339768,0.77,0.91825,0.091825
55,-0.140313963744,0.58,0.23077637677106,0.77,0.9193,0.09193
56,-0.0709242306336,0.58,0.0933311575838796,0.77,0.92009,0.092009
57,-0.124610994432,0.58,0.302603674304021,0.77,0.92127,0.092127
58,-0.152772157728,0.58,0.272243955081424,0.77,0.922,0.0922
59,0.51102876672,0.58,0.0264591088578128,0.77,0.92217,0.092217
60,-0.072133731792,0.58,0.190177866424164,0.77,0.9214,0.09214
61,0.658240083072,0.58,0.0321107803150111,0.77,0.92181,0.092181
62,0.0494930447424,0.58,0.0833850404860472,0.77,0.9228,0.09228
63,-0.208076535936,0.58,0.203294185375876,0.77,0.92356,0.092356
64,0.183878211456,0.58,0.0373278779114586,0.77,0.92383,0.092383
65,0.15335636256,0.58,0.355749152027926,0.77,0.92415,0.092415
66,0.2714529024,0.58,0.0440213415298258,0.77,0.92399,0.092399
67,-0.00580714130304,0.58,0.25722495245208,0.77,0.92336,0.092336
68,0.285617016,0.58,0.180523357580058,0.77,0.92258,0.092258
69,0.52437312576,0.58,0.0476061496105979,0.77,0.9225,0.09225
70,0.471289348512,0.58,0.0595773601828795,0.77,0.92273,0.092273
71,0.457539262848,0.58,0.114876540841332,0.77,0.92279,0.092279
72,0.473637582144,0.58,0.0807570921735088,0.77,0.92234,0.092234
73,0.42537479184,0.58,0.0687794996731478,0.77,0.92113,0.092113
74,0.65029365216,0.58,0.1180154848264,0.77,0.92028,0.092028
75,-9999,-9999,0.655091697261819,0.77,0.91922,0.091922
76,0.370089091584,0.58,0.0815700685897861,0.77,0.91914,0.091914
77,0.0346006985472,0.58,0.506009052998331,0.77,0.91947,0.091947
78,0.242666027712,0.58,0.211841818344991,0.77,0.91904,0.091904
79,0.164885847264,0.58,0.466640769029815,0.77,0.91855,0.091855
80,-0.151564316832,0.58,0.86526513966979,0.77,0.91803,0.091803
81,0.240589662048,0.58,0.269841097351021,0.77,0.91782,0.091782
82,-0.270253362816,0.58,1.19924134461965,0.77,0.91783,0.091783
83,-0.309456308736,0.58,1.07878988512459,0.77,0.91806,0.091806
84,-0.126453885696,0.58,0.36848387855439,0.77,0.91863,0.091863
85,0.156333420576,0.58,0.373768201490356,0.77,0.91855,0.091855
86,0.613379793024,0.58,0.153909897612034,0.77,0.91756,0.091756
87,-0.0051459314256,0.58,0.760870902375285,0.77,0.91707,0.091707
88,-0.342904370112,0.58,0.994566245212466,0.77,0.91734,0.091734
89,-0.351595843776,0.58,0.789380100944256,0.77,0.91748,0.091748
90,-0.309367069632,0.58,0.985426622751135,0.77,0.91772,0.091772
91,-0.00126234938592,0.58,0.534081672997413,0.77,0.91752,0.091752
92,-0.0105127815168,0.58,0.305651843534407,0.77,0.91717,0.091717
93,-0.107158523616,0.58,0.481094055083916,0.77,0.91699,0.091699
94,0.115599920256,0.58,0.644671820777032,0.77,0.91676,0.091676
95,0.22067481456,0.58,0.316373139103777,0.77,0.91597,0.091597
96,0.22957278336,0.58,0.655260233473213,0.77,0.91496,0.091496
97,0.251014034592,0.58,0.988639284567531,0.77,0.91365,0.091365
98,-0.187799543712,0.58,1.05122582032365,0.77,0.91305,0.091305
99,0.588519438912,0.58,0.130803062709229,0.77,0.91329,0.091329
100,-0.17725376448,0.58,1.20800570522259,0.77,0.91425,0.091425
101,0.433462345056,0.58,0.236458188098213,0.77,0.91472,0.091472
102,0.361597887072,0.58,0.339197521474607,0.77,0.91417,0.091417
103,0.358626017376,0.58,0.230951485220761,0.77,0.91271,0.091271
104,-0.462789842688,0.58,1.35236257499414,0.77,0.91185,0.091185
105,-0.17006275296,0.58,0.477500271295913,0.77,0.91154,0.091154
106,-0.244148849568,0.58,1.03593389380749,0.77,0.91173,0.091173
107,-0.37051868448,0.58,1.01752750430274,0.77,0.91235,0.091235
108,-0.126695661408,0.58,0.466654336801289,0.77,0.91246,0.091246
109,-0.12959904528,0.58,0.521053833829686,0.77,0.91239,0.091239
110,-0.08160967944,0.58,0.694750127468687,0.77,0.91187,0.091187
111,-0.280816782336,0.58,1.06317869639545,0.77,0.91133,0.091133
112,-0.0850162265856,0.58,1.02248611720522,0.77,0.91074,0.091074
113,-0.2464711416,0.58,0.819552922142313,0.77,0.90983,0.090983
114,0.0520460094816,0.58,1.18092951076465,0.77,0.90859,0.090859
115,-0.235032971328,0.58,1.09910855068946,0.77,0.90692,0.090692
116,0.0159505559424,0.58,0.42948607318179,0.77,0.9054,0.09054
117,-0.133387556544,0.58,0.624823801807328,0.77,0.9049,0.09049
118,-0.038807595936,0.58,0.606250976644664,0.77,0.90516,0.090516
119,-0.0340459633728,0.58,0.648150189504343,0.77,0.90541,0.090541
120,0.154847485728,0.58,0.474365560751034,0.77,0.9057,0.09057
121,-0.043906676832,0.58,0.629210374443952,0.77,0.90527,0.090527
122,-0.358117562016,0.58,0.794159794521591,0.77,0.90496,0.090496
123,0.614393590752,0.58,0.145525990992919,0.77,0.90455,0.090455
124,0.488383825248,0.58,0.0830817309284846,0.77,0.90455,0.090455
125,0.105454679328,0.58,0.338379992764733,0.77,0.90439,0.090439
126,-0.35478769824,0.58,0.998016737001327,0.77,0.90335,0.090335
127,0.0499425607872,0.58,0.248296372053884,0.77,0.90145,0.090145
128,-0.208828842336,0.58,0.459623549872929,0.77,0.90091,0.090091
129,-0.585588038112,0.58,0.729094361460089,0.77,0.8998,0.08998
130,-0.668335516128,0.58,1.1359534996661,0.77,0.89814,0.089814
131,-0.0319733332992,0.58,1.86326985970945,0.77,0.89586,0.089586
132,-0.468628778016,0.58,1.26465071472882,0.77,0.89332,0.089332
133,-0.362171715264,0.58,0.858986419001349,0.77,0.89116,0.089116
134,0.621668653056,0.58,0.142910800300032,0.77,0.8893,0.08893
135,-9999,-9999,0.819449802596047,0.77,0.88901,0.088901
136,-0.564365733984,0.58,0.976418491975794,0.77,0.88848,0.088848
137,-0.0436155083136,0.58,0.914942578349199,0.77,0.88769,0.088769
138,0.0926205396768,0.58,0.527874732980299,0.77,0.8863,0.08863
139,-0.227459061792,0.58,0.293188362303839,0.77,0.88552,0.088552
140,-0.585524740608,0.58,1.57219415219346,0.77,0.88508,0.088508
141,-0.1824213312,0.58,1.10877224113369,0.77,0.88305,0.088305
142,-0.104656715712,0.58,0.34148935341426,0.77,0.8812,0.08812
143,-0.499130911296,0.58,0.499754489834007,0.77,0.88127,0.088127
144,-1.21703459904,0.58,0.979075182808868,0.77,0.88222,0.088222
145,-0.459563745312,0.58,0.534099574373051,0.77,0.88301,0.088301
146,-0.630314469504,0.58,0.472403695978088,0.77,0.883,0.0883
147,-0.462135076704,0.58,0.597278186273818,0.77,0.88372,0.088372
148,-1.29555463392,0.58,0.704005078859614,0.77,0.8841,0.08841
149,-0.783055497312,0.58,0.477554973255472,0.77,0.88373,0.088373
150,-0.846201502368,0.58,0.588087791323931,0.77,0.88313,0.088313
151,-1.14515561376,0.58,0.602283896455824,0.77,0.88297,0.088297
152,-1.43577417024,0.58,1.39475780890427,0.77,0.8829,0.08829
153,-0.78508620576,0.58,1.17084511513804,0.77,0.88167,0.088167
154,-0.900794043072,0.58,1.08857182138397,0.77,0.87966,0.087966
155,-0.454176193824,0.58,0.367278656537959,0.77,0.87725,0.087725
156,-0.824145954048,0.58,1.42096843503959,0.77,0.87567,0.087567
157,-0.975236058432,0.58,1.10778278894322,0.77,0.87534,0.087534
158,-0.765000143712,0.58,1.05881160204195,0.77,0.87617,0.087617
159,-0.832079932992,0.58,0.447800681280935,0.77,0.87685,0.087685
160,-0.747177226848,0.58,1.41299638379193,0.77,0.87697,0.087697
161,-0.14396031504,0.58,0.188054230395402,0.77,0.8767,0.08767
162,-0.888456218112,0.58,1.24228470730867,0.77,0.87766,0.087766
163,-0.905638896288,0.58,0.87361092671355,0.77,0.87847,0.087847
164,-1.0889246016,0.58,1.45174930396786,0.77,0.8792,0.08792
165,-0.28257147216,0.58,0.37807157077075,0.77,0.8745,0.08745
166,-0.925180184736,0.58,1.43904154278523,0.77,0.86785,0.086785
167,-1.39722495264,0.58,1.1051621673584,0.77,0.86748,0.086748
168,-0.849803234112,0.58,1.21650817466735,0.77,0.86809,0.086809
169,-1.04330889216,0.58,0.76846985518069,0.77,0.8692,0.08692
170,-1.51511395968,0.58,0.871032155792623,0.77,0.86999,0.086999
171,-1.58579963136,0.58,1.66111410336535,0.77,0.87123,0.087123
172,-1.28666185344,0.58,1.32037876124154,0.77,0.87067,0.087067
173,-0.854305658208,0.58,0.421966777723807,0.77,0.86907,0.086907
174,-1.17996924096,0.58,0.858382458820364,0.77,0.86935,0.086935
175,-0.930684992256,0.58,1.66987287711226,0.77,0.86984,0.086984
176,-1.1939880816,0.58,1.0707122055828,0.77,0.86783,0.086783
177,-0.62845082496,0.58,0.592552220506713,0.77,0.86629,0.086629
178,-1.48377650688,0.58,1.01324256149277,0.77,0.86552,0.086552
179,-0.260874955584,0.58,0.260008499459173,0.77,0.86591,0.086591
180,-1.64678314464,0.58,1.03303593012201,0.77,0.86865,0.086865
181,-0.641402947008,0.58,0.43807131499186,0.77,0.87037,0.087037
182,-1.14535276992,0.58,0.839099746323199,0.77,0.87183,0.087183
183,-0.96058112976,0.58,0.483033712280582,0.77,0.87282,0.087282
184,-1.44794596896,0.58,1.22973425512481,0.77,0.87405,0.087405
185,-1.40595170688,0.58,0.774609869220682,0.77,0.8737,0.08737
186,-1.36641670848,0.58,0.719877855370832,0.77,0.87389,0.087389
187,-1.72835391168,0.58,0.982242464481693,0.77,0.87443,0.087443
188,-1.15625861856,0.58,0.786713874217643,0.77,0.87482,0.087482
189,-1.17326593152,0.58,0.95178616548379,0.77,0.87611,0.087611
190,-1.66899953088,0.58,1.84078991119517,0.77,0.87655,0.087655
191,0.497068035264,0.58,0.125399012080334,0.77,0.8759,0.08759
192,-0.88123096368,0.58,0.585019768718776,0.77,0.8769,0.08769
193,-1.82610186048,0.58,1.01385801328134,0.77,0.87821,0.087821
194,-0.891938618496,0.58,0.525085012575113,0.77,0.8785,0.08785
195,-0.966487513248,0.58,1.29832060308971,0.77,0.87849,0.087849
196,-0.57932262288,0.58,0.452481424566917,0.77,0.8777,0.08777
197,-1.39058390304,0.58,0.864129002713014,0.77,0.87749,0.087749
198,-0.7793116056,0.58,1.11519524840174,0.77,0.8775,0.08775
199,-1.65965017824,0.58,1.14031282852078,0.77,0.87792,0.087792
200,-0.223509712608,0.58,0.358004677665628,0.77,0.878,0.0878
201,-1.45358048448,0.58,1.61406289032285,0.77,0.87744,0.087744
202,-0.818134766496,0.58,0.511967024014444,0.77,0.87631,0.087631
203,-0.876699484992,0.58,0.49845411151386,0.77,0.87683,0.087683
204,-0.380515539456,0.58,0.909562421791683,0.77,0.87678,0.087678
205,-1.11951493632,0.58,1.13628049878888,0.77,0.87703,0.087703
206,-0.827586847872,0.58,0.385209591823884,0.77,0.87651,0.087651
207,-1.07170975584,0.58,0.627925183099289,0.77,0.87602,0.087602
208,-1.6699645584,0.58,0.968113162201577,0.77,0.87607,0.087607
209,-1.021693313376,0.58,1.05420637465981,0.77,0.87659,0.087659
210,-1.28833249248,0.58,1.50274149744251,0.77,0.8777,0.08777
211,-1.2445742016,0.58,1.13140665887738,0.77,0.87776,0.087776
212,-1.42981797888,0.58,1.42130102216357,0.77,0.87764,0.087764
213,-0.8966195208,0.58,1.50832809941511,0.77,0.87684,0.087684
214,-1.009846303488,0.58,1.14656154349732,0.77,0.87611,0.087611
215,-0.55098920736,0.58,0.543224414489147,0.77,0.87529,0.087529
216,-1.37138711904,0.58,0.690239138300561,0.77,0.87615,0.087615
217,0.0590313559968,0.58,0.229713296381594,0.77,0.87687,0.087687
218,-0.109502606592,0.58,0.505168207346951,0.77,0.87699,0.087699
219,-1.52307284256,0.58,0.798441458172443,0.77,0.87741,0.087741
220,-0.956166907104,0.58,0.880658103097815,0.77,0.87831,0.087831
221,0.293059142208,0.58,0.234913669294015,0.77,0.87894,0.087894
222,-1.18316524608,0.58,1.0999884540334,0.77,0.8796,0.08796
223,-1.18447270272,0.58,1.41156733903435,0.77,0.8796,0.08796
224,-0.682566040224,0.58,0.575474917970212,0.77,0.87859,0.087859
225,-0.9682961616,0.58,1.30890499170832,0.77,0.87717,0.087717
226,-0.954724554144,0.58,1.09012230936242,0.77,0.87592,0.087592
227,-1.028723486976,0.58,0.705473913645388,0.77,0.87673,0.087673
228,-0.200164347936,0.58,0.951083198820881,0.77,0.87907,0.087907
229,-0.922207277376,0.58,0.801270312583318,0.77,0.88168,0.088168
230,-0.606694123872,0.58,0.462212563926958,0.77,0.8816,0.08816
231,-1.52491988448,0.58,1.09667895446648,0.77,0.88177,0.088177
232,0.343822702752,0.58,0.323686261788882,0.77,0.88185,0.088185
233,-0.952825629024,0.58,1.15228805131882,0.77,0.88278,0.088278
234,0.5726867616,0.58,0.189237122818629,0.77,0.88409,0.088409
235,-0.274744372608,0.58,0.36764417546599,0.77,0.88553,0.088553
236,-1.21691007936,0.58,0.644027982265542,0.77,0.88739,0.088739
237,-0.699232999392,0.58,0.928096117464181,0.77,0.88975,0.088975
238,0.165991997088,0.58,0.235416027870486,0.77,0.8917,0.08917
239,-0.217853406144,0.58,0.574244001896497,0.77,0.8921,0.08921
240,-0.312895127232,0.58,0.806326695486151,0.77,0.89184,0.089184
241,-1.18295771328,0.58,0.825112345304049,0.77,0.89161,0.089161
242,-0.758429655264,0.58,0.899224003611614,0.77,0.89168,0.089168
243,-1.036192592448,0.58,1.17677145113178,0.77,0.89235,0.089235
244,-1.07718862176,0.58,1.0343818745287,0.77,0.8932,0.08932
245,0.28711125216,0.58,0.177185567969103,0.77,0.89371,0.089371
246,0.233778435552,0.58,0.368402309775113,0.77,0.89381,0.089381
247,-0.392920812576,0.58,0.31130810160507,0.77,0.89454,0.089454
248,-0.872202249216,0.58,0.46284726329277,0.77,0.89501,0.089501
249,-0.641908289376,0.58,0.464557062079906,0.77,0.89565,0.089565
250,-0.589466826144,0.58,0.806825816504225,0.77,0.89578,0.089578
251,-0.418750344864,0.58,0.576955624467379,0.77,0.89539,0.089539
252,0.374395397184,0.58,0.16425131467181,0.77,0.89486,0.089486
253,-0.577234842912,0.58,0.613411113404309,0.77,0.8955,0.08955
254,-0.325122959808,0.58,0.601741515772642,0.77,0.89596,0.089596
255,-0.997725350304,0.58,0.647703863909389,0.77,0.89667,0.089667
256,-0.859677644736,0.58,0.706242059373429,0.77,0.89797,0.089797
257,-0.302594236704,0.58,0.527217172811432,0.77,0.89943,0.089943
258,0.220315782816,0.58,0.239836771316453,0.77,0.9,0.09
259,0.0887022166464,0.58,0.54377297598372,0.77,0.90004,0.090004
260,-0.440409505536,0.58,1.08151894204141,0.77,0.90032,0.090032
261,-0.206503437312,0.58,0.788276813177502,0.77,0.9003,0.09003
262,-0.34744622544,0.58,0.820119359958288,0.77,0.9004,0.09004
263,0.1689835824,0.58,0.607072095264907,0.77,0.90029,0.090029
264,-0.397330884576,0.58,0.525145879680557,0.77,0.90074,0.090074
265,0.88077957984,0.58,0.275323912954148,0.77,0.90099,0.090099
266,1.1237382288,0.58,0.110695634665073,0.77,0.90096,0.090096
267,0.52875206784,0.58,0.172358015973594,0.77,0.901,0.0901
268,-0.691493063616,0.58,0.573763450498562,0.77,0.90087,0.090087
269,0.838970021952,0.58,0.130959836238237,0.77,0.90125,0.090125
270,0.86706166176,0.58,0.0374845398626705,0.77,0.90268,0.090268
271,-0.65849638608,0.58,0.653687845802734,0.77,0.90331,0.090331
272,-0.162677698272,0.58,0.271195853121949,0.77,0.90458,0.090458
273,0.285900298272,0.58,0.177120564857163,0.77,0.9053,0.09053
274,-0.0482445274176,0.58,0.158555663383603,0.77,0.90594,0.090594
275,-0.503275341312,0.58,0.670096854704176,0.77,0.90611,0.090611
276,-0.0251003657952,0.58,0.19146298389355,0.77,0.90641,0.090641
277,-0.235940927328,0.58,0.239435606685741,0.77,0.90703,0.090703
278,1.025631248256,0.58,0.0604994628515197,0.77,0.90684,0.090684
279,1.19618792928,0.58,0.113255540808219,0.77,0.90644,0.090644
280,0.0756061706016,0.58,0.555296098715469,0.77,0.90617,0.090617
281,0.0973748048256,0.58,0.272466617796445,0.77,0.906,0.0906
282,0.44699452128,0.58,0.208604259103193,0.77,0.9053,0.09053
283,0.0273838491936,0.58,0.294795146029193,0.77,0.90566,0.090566
284,-0.117047461536,0.58,0.550089068515331,0.77,0.9061,0.09061
285,-0.0245222831808,0.58,0.342172519824679,0.77,0.90735,0.090735
286,-0.000747135720288,0.58,0.482817646367359,0.77,0.90856,0.090856
287,0.382985179776,0.58,0.178805915987834,0.77,0.90984,0.090984
288,-0.18105680304,0.58,0.385125915881058,0.77,0.9109,0.09109
289,0.802267846272,0.58,0.0803410502677289,0.77,0.91148,0.091148
290,0.642566168352,0.58,0.131525253112582,0.77,0.91044,0.091044
291,0.196334330112,0.58,0.132115261001176,0.77,0.90984,0.090984
292,1.012781854944,0.58,0.0890371081877966,0.77,0.90991,0.090991
293,0.139282525728,0.58,0.438427677900088,0.77,0.91108,0.091108
294,0.442846978272,0.58,0.278315356471181,0.77,0.91141,0.091141
295,0.322836986016,0.58,0.304891542054495,0.77,0.91165,0.091165
296,0.307743125472,0.58,0.250638712484004,0.77,0.91214,0.091214
297,0.173937390336,0.58,0.203841754955114,0.77,0.9121,0.09121
298,0.732496356576,0.58,0.234492407678586,0.77,0.9115,0.09115
299,0.663579902016,0.58,0.128791650926657,0.77,0.91089,0.091089
300,-9999,-9999,0.0699832607056777,0.77,0.91085,0.091085
301,1.06363672992,0.58,0.0568146854633774,0.77,0.91204,0.091204
302,0.58683531024,0.58,0.108710416651067,0.77,0.91273,0.091273
303,0.469844920224,0.58,0.0904793403051774,0.77,0.91241,0.091241
304,0.280224276192,0.58,0.12708024584078,0.77,0.91183,0.091183
305,0.417919176,0.58,0.0605362194579992,0.77,0.91131,0.091131
306,0.827787117024,0.58,0.0505953928359515,0.77,0.91101,0.091101
307,0.839451498048,0.58,0.0584995416109126,0.77,0.91105,0.091105
308,0.68471815536,0.58,0.0477808465184396,0.77,0.91121,0.091121
309,0.456464242944,0.58,0.0431809001007658,0.77,0.91109,0.091109
310,-9999,-9999,0.0458831837402645,0.77,0.91153,0.091153
311,0.436108388256,0.58,0.12241673245859,0.77,0.91195,0.091195
312,0.993877692192,0.58,0.0348472548162659,0.77,0.91106,0.091106
313,0.769928010048,0.58,0.0340340624134878,0.77,0.911,0.0911
314,0.793611653184,0.58,0.00837834927517876,0.77,0.91099,0.091099
315,0.472589541504,0.58,0.0569516235752295,0.77,0.91098,0.091098
316,-9999,-9999,0.0961296339348889,0.77,0.91153,0.091153
317,-9999,-9999,0.0870111384963539,0.77,0.91286,0.091286
318,-9999,-9999,0.0681345475276323,0.77,0.91412,0.091412
319,0.994940260128,0.58,0.0646316279531999,0.77,0.91476,0.091476
320,0.96848812944,0.58,0.071732451730499,0.77,0.91452,0.091452
321,1.35803238336,0.58,0.200846295043035,0.77,0.91408,0.091408
322,1.0897547328,0.58,0.138489286174356,0.77,0.91441,0.091441
323,1.0928677248,0.58,0.836789660235598,0.77,0.9144,0.09144
324,1.15244001504,0.58,0.0768525294053555,0.77,0.91618,0.091618
325,0.507164505984,0.58,0.0817941512102377,0.77,0.91812,0.091812
326,0.690225038208,0.58,0.141541744842152,0.77,0.91985,0.091985
327,0.55392060816,0.58,0.165701861578952,0.77,0.92064,0.092064
328,1.37232101664,0.58,0.170643191911046,0.77,0.92225,0.092225
329,0.319845400704,0.58,0.409928820239718,0.77,0.92176,0.092176
330,0.748572884928,0.58,0.196202983006692,0.77,0.92159,0.092159
331,0.433854582048,0.58,0.122912052446216,0.77,0.92252,0.092252
332,0.758419278624,0.58,0.0304383542620591,0.77,0.92379,0.092379
333,1.29481789248,0.58,0.557244333196574,0.77,0.92533,0.092533
334,1.59539802336,0.58,0.0504000349900652,0.77,0.92569,0.092569
335,0.888231045024,0.58,0.0797740263703653,0.77,0.92475,0.092475
336,0.28651978368,0.58,0.015878477139142,0.77,0.92354,0.092354
337,0.497685445344,0.58,0.169745285201495,0.77,0.92301,0.092301
338,-9999,-9999,-0.0107096814532961,0.77,0.92361,0.092361
339,0.939343260672,0.58,0.107198653874025,0.77,0.92494,0.092494
340,0.818976312,0.58,0.0493381655858893,0.77,0.92506,0.092506
341,0.752110281504,0.58,0.0309799632205768,0.77,0.92509,0.092509
342,0.164253909888,0.58,0.18343552690797,0.77,0.9255,0.09255
343,0.0413946998208,0.58,0.109595772428115,0.77,0.92589,0.092589
344,0.160590955968,0.58,0.0317958520431784,0.77,0.92686,0.092686
345,0.219738841632,0.58,0.0192997055910249,0.77,0.92783,0.092783
346,0.220675852224,0.58,0.0340345456751088,0.77,0.92881,0.092881
347,0.568358665056,0.58,0.0342556764593864,0.77,0.92934,0.092934
348,0.268091908704,0.58,0.0262073589224118,0.77,0.92905,0.092905
349,0.328765160448,0.58,0.0274133556473958,0.77,0.9294,0.09294
350,1.04720013216,0.58,0.121215349711237,0.77,0.92937,0.092937
351,0.614659232736,0.58,0.130098740543816,0.77,0.92829,0.092829
352,-9999,-9999,0.00358038852354485,0.77,0.92828,0.092828
353,-9999,-9999,-0.0344992109461223,0.77,0.92819,0.092819
354,-9999,-9999,-0.034470015610428,0.77,0.92819,0.092819
355,-9999,-9999,0.0111079220938664,0.77,0.92883,0.092883
356,-9999,-9999,0.0911388427601819,0.77,0.92877,0.092877
357,-9999,-9999,0.0568403569303764,0.77,0.92824,0.092824
358,-9999,-9999,0.00792164055811302,0.77,0.92853,0.092853
359,-9999,-9999,0.0649839051427459,0.77,0.9282,0.09282
360,-9999,-9999,0.0496238915115074,0.77,0.92804,0.092804
361,-9999,-9999,0.025801275508809,0.77,0.92757,0.092757
362,-9999,-9999,0.0361959143145595,0.77,0.92734,0.092734
363,-9999,-9999,0.0380625780719097,0.77,0.92792,0.092792
364,-9999,-9999,0.0320748720224756,0.77,0.92759,0.092759
365,-9999,-9999,0.0323372001684457,0.77,0.92706,0.092706
366,-9999,-9999,0.0323462988858596,0.77,0.92706,0.092706
1,-9999,-9999,0.0296972586854349,0.77,0.92706,0.092706
2,-9999,-9999,0.0416454616015263,0.77,0.9276,0.09276
3,-9999,-9999,0.0310867157530576,0.77,0.92883,0.092883
4,-9999,-9999,0.00724370937954277,0.77,0.9304,0.09304
5,-9999,-9999,0.333313800628474,0.77,0.93183,0.093183
6,-9999,-9999,0.047593724375785,0.77,0.93284,0.093284
7,-9999,-9999,-0.0238835260846347,0.77,0.93343,0.093343
8,-9999,-9999,0.0264038349740404,0.77,0.93417,0.093417
9,-9999,-9999,-0.194009169195927,0.77,0.9349,0.09349
10,-9999,-9999,-0.00928111333128034,0.77,0.9356,0.09356
11,-9999,-9999,0.00220295369708986,0.77,0.9362,0.09362
12,-9999,-9999,0.0543870788176504,0.77,0.93638,0.093638
13,0.528140883744,0.58,0.00117392250930063,0.77,0.93613,0.093613
14,-9999,-9999,-0.000445858865367576,0.77,0.93448,0.093448
15,-9999,-9999,-0.0109389099621583,0.77,0.93407,0.093407
16,-9999,-9999,-0.000807564090563204,0.77,0.93407,0.093407
17,-9999,-9999,-4.32357274460791e-05,0.77,0.93407,0.093407
18,-9999,-9999,-8.40423231118527e-06,0.77,0.93507,0.093507
19,-9999,-9999,-0.000101052033571345,0.77,0.93513,0.093513
20,-9999,-9999,-0.000156406184657798,0.77,0.93429,0.093429
21,-9999,-9999,-5.03807474047747e-05,0.77,0.93507,0.093507
22,-9999,-9999,-0.000462058046321509,0.77,0.93513,0.093513
23,-9999,-9999,0.000310378792614349,0.77,0.93429,0.093429
24,-9999,-9999,-0.000275211983806216,0.77,0.93018,0.093018
25,-9999,-9999,-0.000166376558228737,0.77,0.92543,0.092543
26,-9999,-9999,0.000116531493190379,0.77,0.92173,0.092173
27,-9999,-9999,-0.000157592439631797,0.77,0.92142,0.092142
28,-9999,-9999,-0.000457680784634293,0.77,0.92182,0.092182
29,-9999,-9999,-0.000369486784351594,0.77,0.92173,0.092173
30,-9999,-9999,-0.000315370280806995,0.77,0.92142,0.092142
31,-9999,-9999,0.000111336121100124,0.77,0.92182,0.092182
32,-9999,-9999,-6.36686382836286e-05,0.77,0.92198,0.092198
33,-9999,-9999,-0.00114375926047301,0.77,0.92198,0.092198
34,-9999,-9999,0.0264071772371063,0.77,0.92197,0.092197
35,0.2371840488,0.58,0.155358897460736,0.77,0.9215,0.09215
36,-9999,-9999,0.189069335518343,0.77,0.92106,0.092106
37,-9999,-9999,0.165511115290305,0.77,0.92219,0.092219
38,-9999,-9999,0.0950221751195681,0.77,0.92381,0.092381
39,-9999,-9999,0.0872023524523503,0.77,0.92454,0.092454
40,0.189381981312,0.58,0.0681426865652045,0.77,0.925,0.0925
41,0.0798786483552,0.58,0.0710916641536173,0.77,0.925,0.0925
42,0.240311568096,0.58,0.0406810928314969,0.77,0.925,0.0925
43,0.0739531718496,0.58,0.136601671533061,0.77,0.925,0.0925
44,0.140394901536,0.58,0.15785999891957,0.77,0.925,0.0925
45,0.233973516384,0.58,0.0656224561269594,0.77,0.92448,0.092448
46,0.247772372256,0.58,0.0297616047754521,0.77,0.924,0.0924
47,0.244440433152,0.58,0.029601851611573,0.77,0.92344,0.092344
48,0.20945766672,0.58,0.0466457493563787,0.77,0.9225,0.09225
49,0.406754949024,0.58,0.0424073465540051,0.77,0.92167,0.092167
50,0.231501800736,0.58,0.218273430210575,0.77,0.921,0.0921
51,0.30558167136,0.58,0.302154677849725,0.77,0.92054,0.092054
52,-9999,-9999,0.155191549199168,0.77,0.91904,0.091904
53,-0.133880446944,0.58,0.273501422412837,0.77,0.918,0.0918
54,-9999,-9999,0.100536355057068,0.77,0.91769,0.091769
55,0.0624654012384,0.58,0.183907834846878,0.77,0.917,0.0917
56,-0.210447598176,0.58,0.346212977172701,0.77,0.91723,0.091723
57,-0.0989455168224,0.58,0.343663086772381,0.77,0.91794,0.091794
58,-9999,-9999,0.359764168773391,0.77,0.91858,0.091858
59,0.0159588572544,0.58,0.425869084066237,0.77,0.91971,0.091971
60,-9999,-9999,0.306424335423984,0.77,0.92071,0.092071
61,0.213083264736,0.58,0.257604580383048,0.77,0.921,0.0921
62,-0.00702063746784,0.58,0.34279158960704,0.77,0.921,0.0921
63,-0.0330700403808,0.58,0.390813754587691,0.77,0.921,0.0921
64,0.210452786496,0.58,0.246085462800779,0.77,0.921,0.0921
65,0.35857517184,0.58,0.13844682205321,0.77,0.921,0.0921
66,0.32453979264,0.58,0.100828846006857,0.77,0.921,0.0921
67,0.0903190009248,0.58,0.362489880075193,0.77,0.921,0.0921
68,-0.114773939712,0.58,0.496978591957638,0.77,0.92094,0.092094
69,-0.158973237792,0.58,0.355976140304697,0.77,0.921,0.0921
70,-0.172502301024,0.58,0.494349509219004,0.77,0.921,0.0921
71,-0.0627531454656,0.58,0.564326324495895,0.77,0.92154,0.092154
72,-0.0757542452544,0.58,0.336031574128528,0.77,0.922,0.0922
73,-0.0708929969472,0.58,0.442759138342242,0.77,0.92202,0.092202
74,-0.109139424192,0.58,0.382063177053377,0.77,0.92285,0.092285
75,0.0291465290304,0.58,0.404985025208241,0.77,0.92304,0.092304
76,0.182656880928,0.58,0.226932878571929,0.77,0.923,0.0923
77,-0.0492596741088,0.58,0.449681847672438,0.77,0.923,0.0923
78,0.042968628576,0.58,0.512276059175152,0.77,0.92323,0.092323
79,-0.0641497374432,0.58,0.539659413200228,0.77,0.92333,0.092333
80,0.45940498272,0.58,0.196490167243477,0.77,0.92271,0.092271
81,0.498814423776,0.58,-0.0938900951225965,0.77,0.92123,0.092123
82,-0.106882504992,0.58,0.333191485179295,0.77,0.921,0.0921
83,-0.21869806464,0.58,0.696691773033496,0.77,0.921,0.0921
84,-0.077069380608,0.58,0.54547032231377,0.77,0.921,0.0921
85,-0.0377052854688,0.58,0.209429029862326,0.77,0.92085,0.092085
86,0.149867736192,0.58,0.43796840448624,0.77,0.92006,0.092006
87,-0.147760240608,0.58,0.686322371854316,0.77,0.92,0.092
88,0.276603866496,0.58,0.0972495161789161,0.77,0.92,0.092
89,-0.355019097312,0.58,0.816975485065925,0.77,0.92,0.092
90,-0.0513618776064,0.58,0.681709513623657,0.77,0.91952,0.091952
91,-0.270092524896,0.58,0.793379142713217,0.77,0.919,0.0919
92,-0.146702860992,0.58,0.757970864181348,0.77,0.919,0.0919
93,-0.0855892246464,0.58,0.5312533566275,0.77,0.91898,0.091898
94,0.0593228358144,0.58,0.272102176281176,0.77,0.9184,0.09184
95,-0.0794727141984,0.58,0.56213326529961,0.77,0.918,0.0918
96,-0.104221934496,0.58,0.905074431710176,0.77,0.91792,0.091792
97,-0.0874980075744,0.58,0.839553737252082,0.77,0.91754,0.091754
98,-0.123240240288,0.58,0.804301111906181,0.77,0.91725,0.091725
99,0.0249378676128,0.58,0.831770695095932,0.77,0.91704,0.091704
100,0.111775090752,0.58,0.8652260353302,0.77,0.91702,0.091702
101,0.163095876864,0.58,0.968425122801061,0.77,0.91662,0.091662
102,-0.0470806834752,0.58,0.585309186141661,0.77,0.91608,0.091608
103,-0.0268517350944,0.58,0.874636833888005,0.77,0.91602,0.091602
104,-0.0331436107584,0.58,1.03191736973643,0.77,0.91606,0.091606
105,0.0285019321536,0.58,0.707011350798488,0.77,0.91621,0.091621
106,0.31292833248,0.58,0.685237103121514,0.77,0.91675,0.091675
107,0.0479759799744,0.58,0.821248148932785,0.77,0.91765,0.091765
108,0.691339489344,0.58,0.113724058923531,0.77,0.91717,0.091717
109,0.854740439424,0.58,0.132217786415728,0.77,0.91435,0.091435
110,0.444643174656,0.58,0.315658451058042,0.77,0.914,0.0914
111,-0.564138485568,0.58,1.31458250667392,0.77,0.91448,0.091448
112,0.347001067584,0.58,0.224319692572983,0.77,0.91467,0.091467
113,0.118260490752,0.58,0.433787045085438,0.77,0.914,0.0914
114,-0.0863137216512,0.58,0.550652857743348,0.77,0.91406,0.091406
115,0.537737200416,0.58,0.394895745008677,0.77,0.91244,0.091244
116,-0.49551568992,0.58,1.39890677101583,0.77,0.91108,0.091108
117,-0.20544709536,0.58,0.706639702588767,0.77,0.91027,0.091027
118,-0.473219403552,0.58,0.954117790499497,0.77,0.90998,0.090998
119,-0.190415494656,0.58,1.02864821269003,0.77,0.90956,0.090956
120,-0.0365888627712,0.58,1.42619688574929,0.77,0.90942,0.090942
121,-0.620358083424,0.58,0.510626594729439,0.77,0.909,0.0909
122,-0.589293536256,0.58,1.09948674902075,0.77,0.90906,0.090906
123,-0.384007278816,0.58,0.842170001357808,0.77,0.90977,0.090977
124,-0.157888878912,0.58,0.752301924780922,0.77,0.91004,0.091004
125,0.011403408528,0.58,0.997585675719234,0.77,0.91098,0.091098
126,0.229966058016,0.58,1.21182240482286,0.77,0.91137,0.091137
127,-0.126363608928,0.58,0.965895304904855,0.77,0.91133,0.091133
128,-0.0480984243264,0.58,0.825191227997798,0.77,0.91112,0.091112
129,-0.160924046112,0.58,1.30410521369523,0.77,0.9111,0.09111
130,-0.1926942048,0.58,1.13062794471671,0.77,0.91058,0.091058
131,-0.164513325888,0.58,1.1432410173745,0.77,0.9104,0.09104
132,-0.459003406752,0.58,0.555177308736743,0.77,0.90956,0.090956
133,-0.147650248224,0.58,1.33632540397012,0.77,0.90892,0.090892
134,-9999,-9999,1.17203429315078,0.77,0.9085,0.09085
135,-0.0369170758944,0.58,1.33341671323193,0.77,0.90823,0.090823
136,-0.131543627616,0.58,1.3244620674914,0.77,0.90767,0.090767
137,-0.0170250570144,0.58,1.38521574128916,0.77,0.90748,0.090748
138,-0.110249724672,0.58,1.43185330784448,0.77,0.90706,0.090706
139,-0.1384762608,0.58,0.81720643207627,0.77,0.90542,0.090542
140,0.231540194304,0.58,0.68287708424624,0.77,0.90269,0.090269
141,0.0209969235072,0.58,1.78281101818859,0.77,0.90208,0.090208
142,-0.26568867888,0.58,1.57289891626107,0.77,0.90017,0.090017
143,0.869656859424,0.58,0.27361313216515,0.77,0.89992,0.089992
144,1.29598007616,0.58,0.237159662905341,0.77,0.9031,0.09031
145,-0.739674916128,0.58,1.51222844573313,0.77,0.90377,0.090377
146,0.560798245152,0.58,0.281405591456529,0.77,0.90433,0.090433
147,0.435157888032,0.58,0.558274301637647,0.77,0.90483,0.090483
148,-0.415551226752,0.58,1.07444026940761,0.77,0.90413,0.090413
149,1.34843399136,0.58,0.117767089423181,0.77,0.9029,0.09029
150,-0.522434769408,0.58,1.30844054970509,0.77,0.90137,0.090137
151,-0.906842586528,0.58,1.017782868243,0.77,0.90146,0.090146
152,-0.766478814912,0.58,1.69819933581466,0.77,0.9021,0.09021
153,-1.25886283488,0.58,1.18786360202375,0.77,0.90333,0.090333
154,-1.21092275808,0.58,1.06066737580317,0.77,0.90385,0.090385
155,-1.15827168672,0.58,1.0438094270466,0.77,0.90406,0.090406
156,-0.525523895136,0.58,1.11209105794246,0.77,0.90406,0.090406
157,-0.912093166368,0.58,1.1041616708896,0.77,0.904,0.0904
158,-1.06437347136,0.58,1.0752965078387,0.77,0.90423,0.090423
159,-0.404508406464,0.58,0.495765878934672,0.77,0.90492,0.090492
160,0.20767288464,0.58,0.205206283316846,0.77,0.90504,0.090504
161,-0.895356683712,0.58,1.37357725469809,0.77,0.9049,0.09049
162,-1.013800840992,0.58,0.985820258271115,0.77,0.90375,0.090375
163,1.26335592,0.58,0.0719644814766916,0.77,0.90196,0.090196
164,-0.69457596336,0.58,1.2797847287437,0.77,0.9,0.09
165,0.34208150256,0.58,0.419574899379344,0.77,0.89956,0.089956
166,-0.848877637824,0.58,0.576097980901328,0.77,0.89933,0.089933
167,-1.65073664448,0.58,1.58078328114774,0.77,0.9,0.09
168,-0.886179583296,0.58,1.13482138119429,0.77,0.89935,0.089935
169,-1.30852543392,0.58,1.70246711454724,0.77,0.89906,0.089906
170,-0.889832160576,0.58,1.80458694081141,0.77,0.89856,0.089856
171,-0.752766085152,0.58,1.95213090570398,0.77,0.89752,0.089752
172,-0.668638514016,0.58,1.83395128250925,0.77,0.89608,0.089608
173,-0.695134226592,0.58,1.0032019155391,0.77,0.89519,0.089519
174,-0.874754902656,0.58,0.817293329134775,0.77,0.89575,0.089575
175,-0.239068446624,0.58,0.443401630588712,0.77,0.8959,0.08959
176,-0.750909704256,0.58,0.65153083337892,0.77,0.89502,0.089502
177,-0.913531368672,0.58,0.997042024660368,0.77,0.89398,0.089398
178,0.241178017536,0.58,0.259575683940622,0.77,0.894,0.0894
179,0.27119867472,0.58,0.252037276146852,0.77,0.894,0.0894
180,-1.6189633728,0.58,0.918578158464263,0.77,0.894,0.0894
181,-0.69382365696,0.58,0.565303431661594,0.77,0.89344,0.089344
182,-1.91444857344,0.58,1.03585302718957,0.77,0.893,0.0893
183,-1.4574509712,0.58,1.37773046788933,0.77,0.893,0.0893
184,-1.71880740288,0.58,0.987325498832467,0.77,0.89375,0.089375
185,-0.132356118528,0.58,0.263642557798432,0.77,0.894,0.0894
186,-0.95665875984,0.58,0.460584143827636,0.77,0.8936,0.08936
187,-1.37076452064,0.58,0.630180421001554,0.77,0.89329,0.089329
188,-1.5981582096,0.58,1.30131168204605,0.77,0.89333,0.089333
189,-0.522371471904,0.58,0.614729789995318,0.77,0.89321,0.089321
190,-1.4376315888,0.58,0.712050650631398,0.77,0.89298,0.089298
191,-0.805643367264,0.58,2.16654190109868,0.77,0.8924,0.08924
192,-1.035083329632,0.58,2.44998232313968,0.77,0.8911,0.08911
193,-0.603044659584,0.58,2.62387766988948,0.77,0.88992,0.088992
194,-1.05866631936,0.58,2.07439120965353,0.77,0.88835,0.088835
195,-0.455452520544,0.58,0.909952433196261,0.77,0.88794,0.088794
196,-0.651262830336,0.58,0.676595981376448,0.77,0.88852,0.088852
197,-9999,-9999,0.98855482339953,0.77,0.88888,0.088888
198,-0.373187556288,0.58,0.389326806817066,0.77,0.889,0.0889
199,-1.22780555136,0.58,0.655858837326592,0.77,0.889,0.0889
200,-0.669390820416,0.58,0.693240878022605,0.77,0.889,0.0889
201,-0.451445062176,0.58,0.473807260459496,0.77,0.88815,0.088815
202,0.0439810773408,0.58,0.248492253202437,0.77,0.88656,0.088656
203,-0.968435208576,0.58,0.51707944718696,0.77,0.88708,0.088708
204,-1.2216418272,0.58,0.512643284604269,0.77,0.888,0.0888
205,-1.91971990656,0.58,1.43795352316839,0.77,0.8889,0.08889
206,-0.812026038528,0.58,0.525527698932165,0.77,0.889,0.0889
207,-1.1063054736,0.58,0.93051574499424,0.77,0.889,0.0889
208,-0.725396659488,0.58,0.587118154161895,0.77,0.88948,0.088948
209,-0.86272941456,0.58,0.682093638715518,0.77,0.88967,0.088967
210,-0.531100301472,0.58,0.470132588981217,0.77,0.889,0.0889
211,-0.0773565022368,0.58,0.226922226195654,0.77,0.889,0.0889
212,-0.858422071296,0.58,1.05401890174109,0.77,0.88854,0.088854
213,-1.26233900928,0.58,0.738078035831853,0.77,0.88867,0.088867
214,-0.946763595936,0.58,0.618956016496085,0.77,0.88863,0.088863
215,-0.63334341072,0.58,1.0988083786914,0.77,0.888,0.0888
216,-0.786495353472,0.58,1.15189700532587,0.77,0.888,0.0888
217,-1.5308656992,0.58,1.02300887481078,0.77,0.88829,0.088829
218,-1.49609357856,0.58,0.529500724831924,0.77,0.889,0.0889
219,-0.993321504288,0.58,0.721356417301101,0.77,0.889,0.0889
220,-1.04649452064,0.58,0.835740219030907,0.77,0.889,0.0889
221,-0.8440618392,0.58,0.998008958126581,0.77,0.88913,0.088913
222,-0.396707248512,0.58,0.571089975785463,0.77,0.8899,0.08899
223,-0.958517216064,0.58,0.991991196644961,0.77,0.88944,0.088944
224,-0.824993725536,0.58,1.9686628243119,0.77,0.88852,0.088852
225,-0.76834349712,0.58,1.2234837994862,0.77,0.88754,0.088754
226,-0.311545126368,0.58,0.810888676312346,0.77,0.88712,0.088712
227,-0.427196929824,0.58,1.2358274305158,0.77,0.8869,0.08869
228,-0.2603758392,0.58,0.688968690639537,0.77,0.88662,0.088662
229,-1.13835891456,0.58,1.20625516897991,0.77,0.88456,0.088456
230,0.02126432952,0.58,0.321379226317036,0.77,0.88204,0.088204
231,-0.0429827408064,0.58,0.326795196660267,0.77,0.88204,0.088204
232,0.0336778001856,0.58,0.28812539025728,0.77,0.8821,0.08821
233,-0.76264153344,0.58,1.26807380167974,0.77,0.88158,0.088158
234,-0.0750440680128,0.58,0.896910898916761,0.77,0.8795,0.08795
235,0.133534904832,0.58,0.311847344886656,0.77,0.8814,0.08814
236,-0.654313562496,0.58,1.04262015751883,0.77,0.88558,0.088558
237,-0.114289350624,0.58,0.768148352566016,0.77,0.88452,0.088452
238,-0.727486514784,0.58,0.889879678514874,0.77,0.88302,0.088302
239,-0.773078357952,0.58,0.593458914466983,0.77,0.88623,0.088623
240,0.525036193056,0.58,0.23071611895408,0.77,0.88796,0.088796
241,-1.38270803328,0.58,0.800849010182914,0.77,0.8889,0.08889
242,1.45120423392,0.58,0.826383368403723,0.77,0.88981,0.088981
243,-1.13020287552,0.58,0.636690873486326,0.77,0.89079,0.089079
244,0.0123023368512,0.58,0.580858383174852,0.77,0.89167,0.089167
245,-0.556490901888,0.58,0.75359295995881,0.77,0.892,0.0892
246,0.87974710416,0.58,0.555253434628782,0.77,0.89204,0.089204
247,1.27154308896,0.58,1.0847619777967,0.77,0.892,0.0892
248,-0.177806839392,0.58,0.702454052701048,0.77,0.89288,0.089288
249,0.35438300928,0.58,0.50104365662811,0.77,0.89375,0.089375
250,0.037013993712,0.58,0.959905936301338,0.77,0.894,0.0894
251,-0.805781376576,0.58,0.879591977256819,0.77,0.89471,0.089471
252,0.0486277367328,0.58,0.718807427373568,0.77,0.895,0.0895
253,-0.40766186736,0.58,1.47005492261323,0.77,0.89521,0.089521
254,-5.0119690032,0.58,0.907638201423629,0.77,0.89535,0.089535
255,-2.61471612384,0.58,1.73477441232618,0.77,0.89535,0.089535
256,-4.24796812992,0.58,0.785928945161575,0.77,0.89506,0.089506
257,-1.41669152928,0.58,0.636546700071028,0.77,0.89606,0.089606
258,-0.918072186336,0.58,0.673032411049727,0.77,0.89675,0.089675
259,-0.787149081792,0.58,0.536635164691226,0.77,0.89725,0.089725
260,-2.49907884768,0.58,0.513493501852833,0.77,0.897,0.0897
261,0.585778968288,0.58,0.281325876049453,0.77,0.897,0.0897
262,-0.330591449088,0.58,0.296026137560393,0.77,0.897,0.0897
263,-0.108345611232,0.58,0.319900879655242,0.77,0.897,0.0897
264,-1.0284806736,0.58,0.717133306737262,0.77,0.89792,0.089792
265,-0.364191009408,0.58,0.737649860744228,0.77,0.89963,0.089963
266,-0.328871002176,0.58,0.620154668088884,0.77,0.90119,0.090119
267,-0.681871843008,0.58,0.53292157993278,0.77,0.90248,0.090248
268,-0.6231431736,0.58,0.451381749689808,0.77,0.90302,0.090302
269,-0.54380338416,0.58,0.599235262800619,0.77,0.9039,0.09039
270,-0.0776339735904,0.58,0.58000141819453,0.77,0.90394,0.090394
271,-0.257711118048,0.58,0.653910027353586,0.77,0.904,0.0904
272,-0.0658692504576,0.58,0.262802198626846,0.77,0.90419,0.090419
273,0.680293556064,0.58,0.120307893348695,0.77,0.90383,0.090383
274,0.187649082432,0.58,0.198715724870215,0.77,0.903,0.0903
275,1.59074928864,0.58,-0.049730331286473,0.77,0.90196,0.090196
276,0.807216465888,0.58,0.909277670000948,0.77,0.90017,0.090017
277,-0.239476248576,0.58,0.532416246418557,0.77,0.90054,0.090054
278,-0.35346467664,0.58,0.376851366196833,0.77,0.90144,0.090144
279,-0.177011988768,0.58,0.580173855845563,0.77,0.902,0.0902
280,0.17729527104,0.58,0.126952147165569,0.77,0.902,0.0902
281,-0.157443721056,0.58,0.445467263307389,0.77,0.902,0.0902
282,-0.0428166108,0.58,0.245239394571242,0.77,0.90273,0.090273
283,0.340292569824,0.58,0.247487625957523,0.77,0.903,0.0903
284,0.184099233888,0.58,0.249977667408174,0.77,0.90369,0.090369
285,0.4026655152,0.58,0.12657270242574,0.77,0.904,0.0904
286,0.582836153184,0.58,0.0582105993206961,0.77,0.90465,0.090465
287,0.604595967264,0.58,0.0924457758694564,0.77,0.905,0.0905
288,0.509510664288,0.58,0.0468201159398089,0.77,0.905,0.0905
289,0.593803224,0.58,0.122908621379724,0.77,0.905,0.0905
290,0.144138793248,0.58,0.17207714366986,0.77,0.90521,0.090521
291,0.794081714976,0.58,0.0199481997872515,0.77,0.90571,0.090571
292,0.652429164672,0.58,0.262546501992241,0.77,0.90385,0.090385
293,0.500499590112,0.58,0.115202335209219,0.77,0.903,0.0903
294,-0.0116758990944,0.58,0.172564316250059,0.77,0.903,0.0903
295,0.250219183968,0.58,0.279542041134648,0.77,0.90365,0.090365
296,0.161197989408,0.58,0.29860149474331,0.77,0.90385,0.090385
297,0.216470200032,0.58,0.122421388600481,0.77,0.90471,0.090471
298,-0.061029170496,0.58,0.159985066879655,0.77,0.90567,0.090567
299,0.928109510208,0.58,0.0336235152600509,0.77,0.9064,0.09064
300,1.05062442336,0.58,0.0386977018075363,0.77,0.907,0.0907
301,0.207659395008,0.58,0.130030163139983,0.77,0.907,0.0907
302,0.141281066592,0.58,0.112612514067994,0.77,0.907,0.0907
303,0.868225920768,0.58,0.0401932674359752,0.77,0.90769,0.090769
304,0.513691412544,0.58,0.284041306473235,0.77,0.908,0.0908
305,0.161529004224,0.58,0.289207333306287,0.77,0.908,0.0908
306,0.126197582688,0.58,0.209554042001279,0.77,0.908,0.0908
307,1.07306909568,0.58,0.0092908713114217,0.77,0.90806,0.090806
308,0.84171153024,0.58,0.033165961015112,0.77,0.90783,0.090783
309,0.94662973728,0.58,0.02467142301687,0.77,0.907,0.0907
310,0.667889320608,0.58,0.155464490623071,0.77,0.90612,0.090612
311,1.28681750304,0.58,0.0373015531328318,0.77,0.906,0.0906
312,0.665556651936,0.58,0.0835802513119507,0.77,0.906,0.0906
313,0.39884691168,0.58,0.0568528588744205,0.77,0.90654,0.090654
314,0.207540063648,0.58,0.0552044569980249,0.77,0.907,0.0907
315,1.45240792416,0.58,0.0167893019874081,0.77,0.90796,0.090796
316,0.485708727456,0.58,-0.0231858471641235,0.77,0.90879,0.090879
317,0.7274802888,0.58,-0.027421285205321,0.77,0.90917,0.090917
318,1.05337423296,0.58,0.0150397245234107,0.77,0.90985,0.090985
319,0.585255985632,0.58,0.0288636759824414,0.77,0.91031,0.091031
320,0.2347455384,0.58,0.114173955862829,0.77,0.91079,0.091079
321,-0.00113649111936,0.58,0.188113526104534,0.77,0.91098,0.091098
322,0.0168477202368,0.58,0.0610475090926701,0.77,0.91192,0.091192
323,0.00571864931712,0.58,0.0880507272912507,0.77,0.91252,0.091252
324,0.257986099008,0.58,0.057507887926641,0.77,0.91354,0.091354
325,0.640216897056,0.58,0.111797022560107,0.77,0.91521,0.091521
326,0.41556367872,0.58,0.0576983009945024,0.77,0.91627,0.091627
327,0.0914340746592,0.58,0.114937114220394,0.77,0.91687,0.091687
328,0.065241048672,0.58,0.104859131116524,0.77,0.91658,0.091658
329,0.109008678528,0.58,0.0404381153112221,0.77,0.91652,0.091652
330,0.607854232224,0.58,0.0498591074079399,0.77,0.9174,0.09174
331,0.958823326944,0.58,0.100471086368986,0.77,0.91731,0.091731
332,0.41399161776,0.58,0.10949406363147,0.77,0.91612,0.091612
333,0.0575972005824,0.58,0.0158481076980079,0.77,0.916,0.0916
334,0.253388209824,0.58,0.0445545347042647,0.77,0.9166,0.09166
335,0.625940715744,0.58,0.07307628749056,0.77,0.917,0.0917
336,0.201180220992,0.58,0.10162717413331,0.77,0.917,0.0917
337,0.164704256064,0.58,0.098814616565076,0.77,0.91725,0.091725
338,0.312119992224,0.58,-0.0549643915053842,0.77,0.918,0.0918
339,0.800668806048,0.58,0.0932063370429514,0.77,0.918,0.0918
340,0.618200779968,0.58,0.0613727170637239,0.77,0.918,0.0918
341,0.662544313344,0.58,0.0189028175253055,0.77,0.91775,0.091775
342,0.315489287232,0.58,0.0156166496867592,0.77,0.917,0.0917
343,0.706982274144,0.58,0.331853492752547,0.77,0.91694,0.091694
344,0.294650918784,0.58,0.0351009499429559,0.77,0.91602,0.091602
345,0.701573969376,0.58,0.0196996048292765,0.77,0.916,0.0916
346,0.332615931552,0.58,0.0663487179541159,0.77,0.916,0.0916
347,0.557699780448,0.58,0.0575977299282472,0.77,0.9169,0.09169
348,0.651327165504,0.58,0.192366512661559,0.77,0.91698,0.091698
349,0.362097003456,0.58,0.00598046971922,0.77,0.91604,0.091604
350,-9999,-9999,0.0692579724116701,0.77,0.91644,0.091644
351,0.506261738304,0.58,0.0628106147882207,0.77,0.91783,0.091783
352,0.621502626816,0.58,0.00195161555488774,0.77,0.918,0.0918
353,0.301011799104,0.58,0.0411161270943538,0.77,0.918,0.0918
354,0.287883274176,0.58,0.0716677476928027,0.77,0.91806,0.091806
355,0.394973311968,0.58,0.0182935751927292,0.77,0.91804,0.091804
356,0.415914409152,0.58,0.0324897153850184,0.77,0.918,0.0918
357,0.538996924512,0.58,0.0244914965819801,0.77,0.918,0.0918
358,0.133979025024,0.58,0.10454665028626,0.77,0.91796,0.091796
359,0.0770467595328,0.58,0.0555640361024757,0.77,0.91798,0.091798
360,0.262242596736,0.58,0.0267685231792148,0.77,0.91865,0.091865
361,0.162992110464,0.58,0.0216039957768173,0.77,0.91946,0.091946
362,0.311089591872,0.58,0.0234498611193741,0.77,0.92,0.092
363,0.446684259744,0.58,0.039444687811446,0.77,0.92025,0.092025
364,0.20741346864,0.58,0.0261422556058862,0.77,0.92033,0.092033
365,0.329915929824,0.58,0.0424256042604844,0.77,0.92037,0.092037
